type,country,state,fatal_y/n,species,continent,year_clean,time_category,month,quarter
Provoked,usa,florida,N,Lemon shark 1.8 m (6ft),north america,2025,morning,aug,3
Unprovoked,australia,new south wales,N,5m (16.5ft) Great White,oceania,2025,morning,aug,3
Unprovoked,bahamas,atlantic ocean near big grand cay,N,Undetermined,north america,2025,afternoon,aug,3
Unprovoked,australia,new south wales,N,Suspected Great White,oceania,2025,afternoon,aug,3
Unprovoked,usa,carolina,N,Undetermined,north america,2025,unknown,aug,3
Unprovoked,australia,south australia,N,Great White Shark est 3m (10ft),oceania,2025,morning,jul,3
Unprovoked,france,nuku hiva,N,Undetermined,europe,2025,unknown,jul,3
Unprovoked,spain,majorca,N,Undetermined,europe,2025,morning,jul,3
Unprovoked,spain,fuerteventura,N,Undetermined,europe,2025,unknown,jul,3
Unprovoked,usa,florida,N,Lemon shark,north america,2025,unknown,jul,3
Unprovoked,usa,florida,N,Undetermined,north america,2025,morning,jul,3
Unprovoked,bahamas,great abaco islands,N,5ft (1.5m) Bull shark,north america,2025,unknown,jul,3
Provoked,usa,massachusetts,N,Unknown,north america,2025,unknown,jul,3
Unprovoked,usa,florida,N,Undetermined small shall shark,north america,2025,afternoon,jul,3
Unprovoked,south africa,kwazulu-natal,Y,Undetermined ,africa,2025,unknown,jul,3
Unprovoked,australia,new south wales,N,2m Bull shark?,oceania,2025,afternoon,jun,2
Unprovoked,usa,long island ny,N,Sand Tiger shark,north america,2025,afternoon,jun,2
Unprovoked,usa,south carolina,N,Small shark,north america,2025,afternoon,jun,2
Unprovoked,usa,south carolina,N,Not stated,north america,2025,afternoon,jun,2
Unprovoked,usa,florida,N,Bull shark,north america,2025,afternoon,jun,2
Unprovoked,usa,california,N,Great White,north america,2025,afternoon,may,2
Unprovoked,usa,north carolina,N,Not stated,north america,2025,morning,may,2
Unprovoked,australia,south australia,N,Not stated,oceania,2025,morning,may,2
Unprovoked,jamaica,montego bay,N,Small shark 1m (3ft) long,north america,2025,unknown,may,2
Questionable,mexico,quntana roo,Y,Not Staed,north america,2025,unknown,,0
Unprovoked,usa,florida,N,Not stated,north america,2025,afternoon,,0
Unprovoked,australia,wa,N,1.5m Tiger shark,oceania,2025,afternoon,mar,1
Unprovoked,australia,wa,Y,Great White Shark,oceania,2025,afternoon,mar,1
Unprovoked,australia,new south wales,N,Bull shark,oceania,2025,afternoon,mar,1
Unprovoked,australia,victoria,N,Not stated,oceania,2025,unknown,feb,1
Questionable,philippines,batangas resort,Y,Not stated ,asia,2025,afternoon,feb,1
Unprovoked,australia,western australia,N,Not stated,oceania,2025,morning,feb,1
Questionable,australia,new south wales,Y,Mako shark,oceania,2025,afternoon,feb,1
Unprovoked,australia,queensland,N,Not stated,oceania,2025,afternoon,feb,1
Unprovoked,bahamas,,N,bull shark,north america,2025,evening,feb,1
Unprovoked,bahamas,,N,bull shark,north america,2025,evening,feb,1
Unprovoked,australia,queensland,Y,Bull shark,oceania,2025,afternoon,feb,1
Unprovoked,australia,western australia,N,Not stated,oceania,2025,evening,,0
Unprovoked,australia,western australia,N,Bronze whaler,oceania,2025,afternoon,,0
Unprovoked,mozambique,inhambane province,Y,Described as a large terrifying animal,africa,2025,afternoon,,0
Provoked,usa,hawaii,N,Not stated,north america,2025,afternoon,,0
Unprovoked,new caledonia,grande terre,Y,Reportedly Tiger or Bull shark,new caledonia,2025,afternoon,,0
Unprovoked,australia,south australia,Y,Great White Shart estimated 4.8m 16 ft,oceania,2025,evening,,0
Unprovoked,mozambique,?,Y,Unknown,africa,2024,unknown,,0
Unprovoked,egypt,north of marsa alam,N,Reportedly a Tiger Shark,africa,2024,unknown,,0
Unprovoked,egypt,north of marsa alam,Y,Reportedly a Tiger Shark,africa,2024,unknown,,0
Unprovoked,australia,queensland,Y,Unknown ,oceania,2024,afternoon,,0
Unprovoked,australia,queensland,N,Not stated,oceania,2024,unknown,,0
Unprovoked,australia,western australia,N,1m shark species unknown,oceania,2024,unknown,,0
Unprovoked,new zealand,bay of waitangi,Y,Great White Shark,oceania,2024,unknown,nov,4
Unprovoked,usa,maui,N,Not stated,north america,2024,unknown,nov,4
Unprovoked,australia,queensland,N,Reported as a large Tiger shark,oceania,2024,afternoon,oct,4
Unprovoked,usa,florida,N,Bull or tiger 7-8ft,north america,2024,unknown,oct,4
Unprovoked,usa,florida,N,Bull shark 6ft,north america,2024,unknown,oct,4
Questionable,indonesia,timor leste,Y,Large Tiger shark  ,asia,2024,unknown,sep,3
Unprovoked,jamaica,montego bay,Y,Reportedly Tiger Shark,north america,2024,unknown,,0
Unprovoked,australia,new south wales,N,3m White Shark,oceania,2024,morning,jul,3
Unprovoked,australia,western australia,N,Undetermined small shall shark,oceania,2024,evening,jul,3
Unprovoked,usa,florida,N,4-5ft Blacktip shark,north america,2024,morning,jul,3
Unprovoked,australia,western australia,N,Undetermined,oceania,2024,morning,jul,3
Unprovoked,usa,florida,N,Not specified,north america,2024,afternoon,jul,3
Unprovoked,usa,texas,N,Bull shark 6 ft,north america,2024,unknown,jul,3
Unprovoked,usa,texas,N,6 ft shark,north america,2026,unknown,jul,3
Unprovoked,usa,texas,N,6 ft shark,north america,2025,unknown,jul,3
Unprovoked,usa,floria,N,Not specified,north america,2024,morning,jul,3
Unprovoked,usa,florida,N,6ft shark,north america,2024,morning,jul,3
Unprovoked,usa,hawaii,F,Not stated,north america,2024,afternoon,jun,2
Unprovoked,usa,hawaii,N,Not stated area has Tiger and Galapogas sharks,north america,2024,afternoon,jun,2
Unprovoked,usa,florida,N,Not specified Bull shark highly suspect,north america,2024,unknown,jun,2
Unprovoked,usa,florida,N,Not specified Bull shark highly suspect,north america,2024,afternoon,jun,2
Unprovoked,usa,california,N,Not specified,north america,2024,unknown,jun,2
Unprovoked,usa,galveston,N,Not specified,north america,2024,unknown,may,2
Unprovoked,france,gambier islands,N,2.5m shark,europe,2024,unknown,may,2
Unprovoked,usa,south carolina,N,3m Sandbar shark,north america,2024,afternoon,may,2
Unprovoked,bahamas,clarence town long isand,N,Carribean reef shark 7ft,north america,2024,unknown,,0
Unprovoked,australia,south australia,N,Great White,oceania,2024,afternoon,,0
Unprovoked,australia,western australia,N,Not specified,oceania,2024,afternoon,,0
Unprovoked,australia,queensland,N,Tiger shark,oceania,2024,afternoon,mar,1
Unprovoked,usa,hawaii,N,Tiger shark 8',north america,2024,unknown,mar,1
Unprovoked,usa,hawaii,N,3' to 4' shark,north america,2024,afternoon,mar,1
Unprovoked,australia,western australia,N,Tiger shark,oceania,2024,morning,feb,1
Unprovoked,india,maharashtra,N,"Bull shark, 7'",asia,2024,unknown,feb,1
Unprovoked,australia,new  south wales,N,Bull shark,oceania,2024,evening,jan,1
Unprovoked,bahamas,paradise island,N,,north america,2024,afternoon,jan,1
Unprovoked,australia,south australia,N,White shark,oceania,2024,afternoon,jan,1
Provoked,south africa,eastern cape province,N,Raggedtooth shark,africa,2024,unknown,jan,1
Unprovoked,usa,hawaii,Y,,north america,2023,morning,dec,4
Unprovoked,mexico,sonora,Y,White shark,north america,2023,afternoon,dec,4
Unprovoked,australia,south australia,Y,"White shark, 13'",oceania,2023,afternoon,dec,4
Unprovoked,australia,new south wales,N,,oceania,2023,afternoon,dec,4
Unprovoked,australia,western australia,N,Broze whaler?,oceania,2023,afternoon,dec,4
Unprovoked,new zealand,south island,N,Sevengill shark,oceania,2023,night,dec,4
Questionable,mexico,guerrero,Y,Shark involment not confirmed,north america,2023,morning,dec,4
Questionable,mexico,guerrero,N,Shark involment not confirmed,north america,2023,morning,dec,4
Unprovoked,australia,queensland,N,,oceania,2023,afternoon,dec,4
Unprovoked,bahamas,new providence   isoad,Y,,north america,2023,morning,dec,4
Unprovoked,mexico,jalisco,Y,,north america,2023,morning,dec,4
Unprovoked,australia,queensland,N,1.8m bull shark,oceania,2023,morning,nov,4
Unprovoked,bahamas,grand  bahama island,Y,,north america,2023,morning,nov,4
Unprovoked,australia,south australia,N,,oceania,2023,afternoon,nov,4
Unprovoked,usa,florida,N,,north america,2023,morning,nov,4
Unprovoked,australia,westerm australia,N,Lemon shark,oceania,2023,afternoon,nov,4
Unprovoked,new zealand,north island,N,White shark,oceania,2023,morning,nov,4
Questionable,egypt,southern red sea,N,Oceanic whitetip shark,africa,2023,unknown,nov,4
Unprovoked,australia,south australia,Y,"White Shark, 4.5 m",oceania,2023,morning,oct,4
Unprovoked,usa,hawaii,N,8' tiger shark,north america,2023,afternoon,oct,4
Provoked,mexico,quintana roo,N,,north america,2023,unknown,oct,4
Watercraft,australia,western australia,N,"Bronze whaler, 6'",oceania,2023,evening,oct,4
Unprovoked,usa,hawaii,N,10' tiger shark,north america,2023,afternoon,oct,4
Unprovoked,usa,california,N,,north america,2023,afternoon,oct,4
Unprovoked,usa,hawaii,N,10' to 12' Galapagos shark,north america,2023,afternoon,oct,4
Unprovoked,australia,south australia,N,,oceania,2023,morning,oct,4
Unprovoked,usa,california,Y,,north america,2023,morning,oct,4
Unprovoked,usa,south carolina,N,,north america,2023,afternoon,sep,3
Unprovoked,egypt,south sinai,N,Tiger shark?,africa,2023,unknown,sep,3
Questionable,usa,florida,N,,north america,2023,morning,sep,3
Unprovoked,usa,florida,N,,north america,2023,unknown,sep,3
Unprovoked,philippines,bolinao,M,,asia,2023,unknown,sep,3
Unprovoked,usa,florida,N,,north america,2023,unknown,sep,3
Unprovoked,usa,florida,N,,north america,2023,unknown,sep,3
Unprovoked,australia,new south wales,,"White shark, 3.8-4.2m",oceania,2023,morning,aug,3
Unprovoked,usa,north carolina,N,,north america,2023,morning,aug,3
Watercraft,usa,california,N,,north america,2023,afternoon,aug,3
Questionable,bahamas,new providence   isoad,,,north america,2023,morning,aug,3
Unprovoked,spain,valencia,N,Blue shark,europe,2023,afternoon,aug,3
Unprovoked,usa,new york,N,,north america,2023,evening,aug,3
Unprovoked,usa,florida,N,,north america,2023,morning,jul,3
Unprovoked,usa,florida,N,,north america,2023,afternoon,jul,3
Unprovoked,usa,florida,N,,north america,2023,evening,jul,3
Unprovoked,australia,western australia,N,Wfite shark,oceania,2023,morning,jul,3
Unprovoked,australia,western australia,N,Wobbegong shark,oceania,2023,unknown,jul,3
Unprovoked,usa,south carolina,N,8' shark,north america,2023,afternoon,jul,3
Unprovoked,usa,florida,N,,north america,2023,afternoon,jul,3
Unprovoked,usa,florida,N,,north america,2023,afternoon,jul,3
Watercraft,south africa,eastern cape province,N,,africa,2023,unknown,jul,3
Unprovoked,usa,new york,N,4' shark,north america,2023,afternoon,jul,3
Unprovoked,usa,new york,N,3' shark,north america,2023,afternoon,jul,3
Unprovoked,usa,new york,N,,north america,2023,afternoon,jul,3
Unprovoked,usa,new york,N,,north america,2023,evening,jul,3
Unprovoked,usa,new york,N,Sand tiger shark,north america,2023,afternoon,jul,3
Unprovoked,usa,florida,N,,north america,2023,unknown,jun,2
Unprovoked,usa,florida,N,,north america,2023,morning,jun,2
Unprovoked,usa,hawaii,N,Tiger sharks,north america,2023,unknown,jun,2
Unprovoked,egypt,red sea protectorate,Y,"Tiger shark, 13'",africa,2023,afternoon,jun,2
Unprovoked,bahamas,freeport,,Caribbean rreef shark,north america,2023,afternoon,jun,2
Unprovoked,france,tahiti,N,"Grey reef shark, 2 m",europe,2023,afternoon,may,2
Unprovoked,new caledonia,poum,Y,,new caledonia,2023,morning,may,2
Questionable,bahamas,lucayan lucayan archipelago,Y,Shark involvement not confirmes,north america,2023,night,may,2
Provoked,usa,utah,N,"18"" - 23"" Horn shark",north america,2023,afternoon,may,2
Unprovoked,usa,new jersey,N,,north america,2023,afternoon,may,2
Provoked,usa,florida,N,,north america,2023,evening,may,2
Unprovoked,usa,florida,N,,north america,2023,afternoon,may,2
Unprovoked,usa,south carolina,N,,north america,2023,evening,may,2
Unprovoked,australia,south australia,Y,White shark,oceania,2023,morning,may,2
Unprovoked,usa,florida,N,"Bull shark, 4'",north america,2023,afternoon,may,2
Provoked,usa,hawaii,N,Tiger shark,north america,2023,unknown,may,2
 Provoked,cuba,mayabeque,Y,Bull shark,north america,2023,unknown,may,2
Unprovoked,usa,florida,N,,north america,2023,morning,may,2
Unprovoked,south africa,easten cape province,N,,africa,2023,evening,may,2
Unprovoked,south africa,easten cape province,N,,africa,2023,unknown,may,2
Unprovoked,australia,western australia,N,1m shark,oceania,2023,morning,apr,2
Unprovoked,australia,western australia,N,,oceania,2023,afternoon,apr,2
Unprovoked,usa,florida,N,"Bull shark, 6'",north america,2023,unknown,apr,2
Unprovoked,australia,western australia,N,"Bronze whaler shark, 1.5 m",oceania,2023,morning,apr,2
Unprovoked,usa,florida,N,,north america,2023,afternoon,apr,2
Watercraft,usa,florida,N,,north america,2023,morning,apr,2
Unprovoked,usa,hawaii,N,"Tiger shark, 8'-10'",north america,2023,morning,apr,2
Unprovoked,usa,florida,N,,north america,2023,afternoon,mar,1
Provoked,cuba,artemisa,N,,north america,2023,unknown,mar,1
Unprovoked,australia,western australia,N,,oceania,2023,evening,mar,1
Unprovoked,usa,hawaii,N,Blacktip reef shark 5',north america,2023,afternoon,mar,1
Questionable,mexico,quintana roo,N,Authorities report injury caused bya barracuda,north america,2023,unknown,mar,1
Unprovoked,australia,western australia,N,5m to 6m shark,oceania,2023,morning,mar,1
Unprovoked,brazil,pernambuco,N,,south america,2023,afternoon,mar,1
Unprovoked,brazil,pernambuco,N,,south america,2023,unknown,mar,1
Unprovoked,brazil,pernambuco,N,,south america,2023,afternoon,feb,1
Unprovoked,new caledonia,south province,F,Bull shark,new caledonia,2023,afternoon,feb,1
Unprovoked,usa,florida,N,,north america,2023,evening,feb,1
Questionable,fiji,taveuni island,N,,oceania,2023,morning,feb,1
Unprovoked,australia,western australia,Y,Bull shark,oceania,2023,afternoon,feb,1
Unprovoked,australia,queensland,N,A small shark,oceania,2023,unknown,jan,1
Unprovoked,new caledonia,south province,N,Bull shark,new caledonia,2023,morning,jan,1
Unprovoked,usa,florida,N,,north america,2023,afternoon,jan,1
Unprovoked,mexico,gulf of california,Y,,north america,2023,morning,jan,1
Provoked,usa,florida,N,Mako shark,north america,2023,afternoon,jan,1
Provoked,south africa,knz,N,Blacktip,africa,2022,morning,dec,4
Unprovoked,usa,hawaii,N,Tiger  shark?,north america,2022,morning,dec,4
Unprovoked,australia,new south ales,N,,oceania,2022,afternoon,dec,4
Unprovoked,usa,samoa,N,,north america,2022,afternoon,dec,4
Unprovoked,usa,hawaii,Y,Tiger shark,north america,2022,afternoon,dec,4
Unprovoked,usa,texas,N,Blacktip,north america,2022,unknown,dec,4
Unprovoked,usa,florida,N,,north america,2022,afternoon,nov,4
Unprovoked,usa,california,N,Juvenile white shark,north america,2022,morning,nov,4
Provoked,usa,florida,N,,north america,2022,afternoon,nov,4
Unprovoked,usa,california,N,,north america,2022,evening,oct,4
Sea Disaster,usa,louisiana,N,,north america,2022,morning,oct,4
Unprovoked,bahamas,,N,,north america,2022,unknown,oct,4
Provoked,usa,mississippi,N,5'shark,north america,2022,unknown,oct,4
Unprovoked,usa,hawaii,N,Tiger shark?,north america,2022,afternoon,oct,4
Unprovoked,australia,south australia,N,3m shark,oceania,2022,morning,oct,4
Provoked,usa,florida,N,Juvenile nurse shark,north america,2022,unknown,oct,4
Unprovoked,usa,louisiana,N,,north america,2022,unknown,oct,4
Unprovoked,australia,western  australia,N,Bull shark,oceania,2022,morning,oct,4
Unprovoked,australia,victoria,N,,oceania,2022,evening,oct,4
Unprovoked,usa,california,N,"White shark, 13'",north america,2022,afternoon,oct,4
Unprovoked,south africa,western cape province,Y,"White shark, 13'",africa,2022,morning,sep,3
Unprovoked,usa,florida,N,Bu.ll,north america,2022,unknown,sep,3
Unprovoked,bahamas,,Y,Bull shark,north america,2022,afternoon,sep,3
Unprovoked,usa,hawaii,N,,north america,2022,afternoon,sep,3
Unprovoked,australia,new south wales,N,Bronze whaler,oceania,2022,morning,aug,3
Unprovoked,australia,new south wales,N,"White shark, 3 m",oceania,2022,unknown,aug,3
Unprovoked,usa,south carolina,N,,north america,2022,morning,aug,3
Unprovoked,usa,south carolina,N,Blacktip shark,north america,2022,afternoon,aug,3
Unprovoked,australia,westerm australia,N,White shark,oceania,2022,unknown,aug,3
Unprovoked,usa,florida,N,"Bull shark, 9'",north america,2022,afternoon,aug,3
Unprovoked,usa,california,N,,north america,2022,morning,aug,3
Unprovoked,united kingdom,cornwall,N,Blue shark,europe,2022,afternoon,jul,3
Unprovoked,usa,florida,N,Nurse shark,north america,2022,unknown,jul,3
Unprovoked,usa,florida,N,Blacktip shark?,north america,2022,afternoon,jul,3
Unprovoked,usa,new york,N,6' shark,north america,2022,evening,jul,3
Questionable,usa,florida,N,Shark involvement not confirmed,north america,2022,unknown,jul,3
Unprovoked,usa,noirth carolina,N,,north america,2022,morning,jul,3
Provoked,usa,florida,N,Lemon shark  6',north america,2022,evening,jul,3
Unprovoked,usa,florida,N,"""A small shark""",north america,2022,afternoon,jul,3
Unprovoked,usa,new york,N,,north america,2022,evening,jul,3
Unprovoked,usa,new york,N,Thought to involve a 4' sandtiger shark,north america,2022,morning,jul,3
Unprovoked,usa,florida,N,6' shark,north america,2022,unknown,jul,3
Unprovoked,usa,new york,N,,north america,2022,unknown,jul,3
Unprovoked,japan,okinawa,Y,,asia,2022,unknown,jul,3
Unprovoked,usa,florida,N,,north america,2022,morning,jul,3
Unprovoked,usa,new york,N,5'shark,north america,2022,morning,jul,3
Unprovoked,indonesia,bali,N,,asia,2022,unknown,jul,3
Unprovoked,egypt,"hurghada, red sea governorate",Y,Oceaniic whitetip shark/tiger shark,africa,2022,unknown,jul,3
Unprovoked,egypt,"hurghada, red sea governorate",Y,"Oceaniic whitetip shark/tiger shark, 2m shark",africa,2022,unknown,jul,3
Unprovoked,usa,new york,N,Shark involvement not confirmed,north america,2022,afternoon,jun,2
Unprovoked,usa,florida,N,9' shark,north america,2022,afternoon,jun,2
Unprovoked,usa,florida,N,,north america,2022,evening,jun,2
Unprovoked,usa,florida,N,,north america,2022,afternoon,jun,2
Unprovoked,south africa,western cape province,Y,While shark,africa,2022,afternoon,jun,2
Unprovoked,jamaica,,N,"Tiger shark, 15'",north america,2022,afternoon,jun,2
Unprovoked,usa,florida,N,,north america,2022,unknown,jun,2
Unprovoked,usa,california,N,"White shark, 16'",north america,2022,morning,jun,2
Unprovoked,usa,south carolina,N,,north america,2022,unknown,jun,2
Unprovoked,australia,western australia,N,,oceania,2022,afternoon,jun,2
Unprovoked,australia,western australia,N,"Bronze whaler shark, 2m",oceania,2022,unknown,may,2
Unprovoked,australia,western australia,N,Bull shark,oceania,2022,unknown,may,2
Unprovoked,france,bora bora,N,,europe,2022,unknown,may,2
Provoked,usa,georgia,N,Atlantic blacktip shark,north america,2022,evening,may,2
Unprovoked,france,tahiti,N,"Tiger shark, 2 to 2.5m",europe,2022,morning,apr,2
Unprovoked,australia,,N,,oceania,2022,unknown,apr,2
Unprovoked,usa,florida,N,,north america,2022,afternoon,apr,2
Unprovoked,usa,alabama,N,,north america,2022,afternoon,apr,2
Unprovoked,usa,florida,N,4' shark,north america,2022,afternoon,apr,2
Provoked,usa,new jersey,N,Epaulette shark,north america,2022,afternoon,apr,2
Unprovoked,usa,florida,N,,north america,2022,morning,apr,2
,south africa,kzn,M,,africa,2022,unknown,apr,2
Provoked,usa,florida,n,,north america,2022,morning,mar,1
Unprovoked,new zealand,south island,N,,oceania,2022,unknown,mar,1
Unprovoked,australia,new south wales,N,Bull shark,oceania,2022,afternoon,mar,1
Unprovoked,australia,new south wales,N,,oceania,2022,afternoon,mar,1
Unprovoked,usa,florida,N,,north america,2022,afternoon,mar,1
Provoked,usa,florida,N,"Blacktip shark, 5' to 6'",north america,2022,afternoon,mar,1
Unprovoked,australia,new south wales,N,,oceania,2022,morning,mar,1
Unprovoked,usa,california,Y,White shark,north america,2022,morning,feb,1
?,bahamas,grand  bahama island,N,,north america,2022,afternoon,feb,1
Unprovoked,australia,queensland,N,"Tiger shark, 3 m",oceania,2022,unknown,feb,1
Unprovoked,australia,new south wales,Y,,oceania,2022,afternoon,feb,1
Unprovoked,mexico,sonora,Y,3m shark,north america,2022,morning,feb,1
Unprovoked,usa,florida,N,,north america,2022,evening,feb,1
Provoked,bahamas,,N,Nurse shark,north america,2022,unknown,feb,1
Unprovoked,australia,western australia,N,White shark,oceania,2022,morning,feb,1
Unprovoked,australia,new south wales,N,Wobbegong shark,oceania,2022,unknown,jan,1
Unprovoked,australia,western australia,N,Wobbegong shark,oceania,2022,unknown,jan,1
Provoked,south africa,kwazulu-natal,N,,africa,2022,morning,jan,1
Unprovoked,new zealand,south island,N,Sevengill shark,oceania,2022,afternoon,jan,1
Unprovoked,usa,florida,N,Blacktip or spinner shark,north america,2022,afternoon,jan,1
Unprovoked,australia,new south wales,N,,oceania,2022,morning,jan,1
Unprovoked,australia,western australia,N,,oceania,2022,unknown,jan,1
Unprovoked,new zealand,south island,N,,oceania,2021,unknown,dec,4
Unprovoked,usa,los angeles,Y,Great White Shark,north america,2021,morning,dec,4
Unprovoked,usa,florida,N,Blacktip or spinner shark,north america,2021,unknown,dec,4
Unprovoked,australia,queensland,N,Bull shark,oceania,2021,morning,dec,4
Unprovoked,mexico,quintana roo,N,,north america,2021,unknown,dec,4
Unprovoked,australia,victoria,N,,oceania,2021,evening,dec,4
Unprovoked,australia,victoria,N,,oceania,2021,evening,dec,4
Unprovoked,usa,hawaii,N,Blacktip reef shark,north america,2021,unknown,dec,4
Unprovoked,brazil,são paulo.,,dogfish,south america,2021,afternoon,nov,4
Unprovoked,usa,hawaii,N,,north america,2021,morning,nov,4
Unprovoked,australia,western australia,Y,,oceania,2021,morning,nov,4
Unprovoked,brazil,são paulo.,N,,south america,2021,unknown,nov,4
Unprovoked,new zealand,north island,N,Broadnose seven gill shark,oceania,2021,unknown,nov,4
,australia,queensland,,,oceania,2021,unknown,oct,4
Unprovoked,australia,queensland,N,,oceania,2021,evening,oct,4
Unprovoked,usa,florida,N,,north america,2021,unknown,oct,4
Unprovoked,usa,florida,N,,north america,2021,afternoon,oct,4
Unprovoked,usa,california,N,,north america,2021,morning,oct,4
,egypt,,,No shark invovlement ,africa,2021,unknown,sep,3
Unprovoked,usa,florida,N,,north america,2021,afternoon,sep,3
Unprovoked,australia,new south wales,Y,White xhark,oceania,2021,morning,sep,3
Unprovoked,united kingdom,turks and caicos,N,,europe,2021,unknown,sep,3
Unprovoked,usa,louisiana,N,,north america,2021,afternoon,sep,3
Unprovoked,usa,texas,N,,north america,2021,morning,aug,3
Unprovoked,usa,florida,N,Bull shark,north america,2021,morning,aug,3
Provoked,australia,queensland,N,,oceania,2021,unknown,aug,3
Unprovoked,usa,florida,N,,north america,2021,morning,aug,3
Unprovoked,usa,florida,N,,north america,2021,morning,aug,3
Unprovoked,usa,south carolina,N,Blacktip shark,north america,2021,morning,aug,3
Unprovoked,usa,maryland,N,Blacktip shark,north america,2021,afternoon,aug,3
Provoked,usa,florida,N,,north america,2021,morning,jul,3
Unprovoked,usa,north carolina,N,,north america,2021,afternoon,jul,3
Unprovoked,usa,georgia,N,small blacktip shark,north america,2021,unknown,jul,3
Provoked,australia,western australia,N,"Sickelfin lemon shark, 3m",oceania,2021,evening,jul,3
Unprovoked,usa,new york,N,A small shark,north america,2021,morning,jul,3
Unprovoked,brazil,pernambuco,N,,south america,2021,unknown,jul,3
Unprovoked,usa,california,N,,north america,2021,unknown,jul,3
,usa,florida,N,,north america,2021,afternoon,jul,3
Unprovoked,australia,western australia,N,"White shark, 3m",oceania,2021,afternoon,jul,3
Unprovoked,usa,florida,N,,north america,2021,afternoon,jul,3
Unprovoked,south africa,eastern cape province,N,,africa,2021,morning,jul,3
Provoked,bahamas,,N,,north america,2021,unknown,jul,3
Unprovoked,usa,florida,N," Spinner shark, 4'?",north america,2021,afternoon,jul,3
Unprovoked,usa,florida,Y,,north america,2021,unknown,jul,3
Unprovoked,brazil,pernambuco,Y,,south america,2021,afternoon,jul,3
Unprovoked,australia,new south wales,N,"White shark, 3m",oceania,2021,afternoon,jul,3
Unprovoked,usa,florida,N,2' to 3' shark,north america,2021,afternoon,jul,3
Provoked,usa,bahamas,N,Said to involve a bull shark,north america,2021,unknown,jul,3
Unprovoked,usa,california,N,,north america,2021,morning,jun,2
Unprovoked,usa,florida,Nq,,north america,2021,unknown,jun,2
Unprovoked,usa,north carolina,N,,north america,2021,morning,jun,2
Unprovoked,usa,california,N,"White shark, 6' to 8'",north america,2021,morning,jun,2
Unprovoked,australia,western australia,N,,oceania,2021,afternoon,jun,2
Unprovoked,usa,florida,N,,north america,2021,afternoon,jun,2
Unprovoked,usa,florida,N,7' to 8' shark ,north america,2021,afternoon,jun,2
Unprovoked,usa,florida,N,,north america,2021,unknown,jun,2
Unprovoked,usa,florida,N,,north america,2021,unknown,jun,2
Provoked,united kingdom,west sussex,N,"Tope shark, 6'",europe,2021,unknown,jun,2
Unprovoked,australia,western australia,N,"Bronze whaler shark, 2 m",oceania,2021,morning,jun,2
Provoked,new caledonia,nouville,Y,,new caledonia,2021,unknown,may,2
Unprovoked,usa,south carolina,N,5' shark,north america,2021,unknown,may,2
Unprovoked,australia,western australia,N,,oceania,2021,morning,may,2
Unprovoked,australia,new south wales,Y,"White shark, 4.5 m",oceania,2021,morning,may,2
Unprovoked,usa,hawaii,N,5 to 8-ff tiger shark,north america,2021,afternoon,may,2
Unprovoked,usa,florida,N,,north america,2021,morning,may,2
Unprovoked,usa,hawaii,N,5.5 ft shark,north america,2021,afternoon,may,2
Unprovoked,jamaica,westmoreland parish,Y,,north america,2021,morning,may,2
Unprovoked,usa,florida,N,,north america,2021,morning,apr,2
Unprovoked,usa,florida,N,,north america,2021,unknown,apr,2
Unprovoked,france,tahiti,N,,europe,2021,morning,apr,2
Unprovoked,new caledonia,,Y,,new caledonia,2021,unknown,apr,2
Unprovoked,usa,hawaii,N,Tiger shark,north america,2021,morning,apr,2
Unprovoked,australia,western australia,N,,oceania,2021,afternoon,apr,2
Provoked,usa,north carolina,N,"Mako shark, 4 juvenile",north america,2021,unknown,apr,2
Unprovoked,south africa,kwazulu-natal,N,1.3m shark,africa,2021,afternoon,apr,2
Unprovoked,south africa,eastern cape province,Y,White shark,africa,2021,morning,apr,2
Unprovoked,usa,florida,N,,north america,2021,unknown,apr,2
Unprovoked,usa,florida,N,,north america,2021,afternoon,mar,1
Unprovoked,australia,western australia,N,"Whaler or bull shark, 2m",oceania,2021,afternoon,mar,1
Unprovoked,france,marquesas,N,,europe,2021,unknown,mar,1
Unprovoked,usa,florida,N,3' to 5' shark,north america,2021,morning,mar,1
Unprovoked,usa,florida,N,  ,north america,2021,unknown,mar,1
Unprovoked,usa,florida,N,,north america,2021,afternoon,mar,1
Unprovoked,australia,western australia,N,"Blacktip whaler,      Carcharhinus tilstoni, 2m",oceania,2021,afternoon,mar,1
Unprovoked,usa,florida,N,"Blacktip shark, 6'",north america,2021,afternoon,mar,1
Unprovoked,new caledonia,loyalty islands,N,Tiger shark,new caledonia,2021,afternoon,mar,1
Unprovoked,new caledonia,,Y,"Tiger shark, 4 m",new caledonia,2021,morning,feb,1
Provoked,australia,queensland,N,"Bull shark, 80cm",oceania,2021,evening,feb,1
Unprovoked,usa,hawaii,N,,north america,2021,afternoon,feb,1
Watercraft,australia,south australia,N,Bronze whaler shark,oceania,2021,evening,feb,1
Watercraft,usa,maui,N,White shark,north america,2021,afternoon,feb,1
Unprovoked,australia,western australia,N,,oceania,2021,morning,jan,1
Unprovoked,new zealand,north island,N,Juvenile shark,oceania,2021,evening,jan,1
Unprovoked,australia,new south wales,N, ,oceania,2021,evening,jan,1
Watercraft,usa,florida,N,White shark,north america,2021,unknown,jan,1
Unprovoked,usa,hawaii,N,"8"" shark",north america,2021,morning,jan,1
Unprovoked,australia,south australia,Y,White shark,oceania,2021,evening,jan,1
Unprovoked,brazil,pernambuco,N,,south america,2021,unknown,jan,1
Unprovoked,australia,western australia,N,"Bull shark, 6.5 to 10 '",oceania,2021,morning,jan,1
Unprovoked,australia,victoria,N,,oceania,2021,evening,jan,1
Unprovoked,new zealand,north island,Y,,oceania,2021,evening,jan,1
Unprovoked,usa,florida,N,,north america,2021,morning,jan,1
Unprovoked,usa,florida,N,,north america,2021,morning,jan,1
Unprovoked,usa,hawaii,N,,north america,2021,morning,jan,1
Unprovoked,usa,california,N,White shark,north america,2020,afternoon,dec,4
Unprovoked,australia,western australia,N,,oceania,2020,morning,dec,4
Unprovoked,usa,hawaii,Y,"Tiger shark. 14'3""",north america,2020,morning,dec,4
Unprovoked,usa,oregon,N,,north america,2020,afternoon,dec,4
Unprovoked,australia,south australia,N,White shark,oceania,2020,afternoon,dec,4
Unprovoked,egypt,south sinai,N,Oceanic whitetip shark,africa,2020,unknown,dec,4
Unprovoked,usa,hawaii,N,,north america,2020,afternoon,nov,4
Unprovoked,new caledonia,south province,N,"Tiger shark, 4m ",new caledonia,2020,unknown,nov,4
Unprovoked,australia,western australia,Y,Bull shark,oceania,2020,morning,nov,4
Unprovoked,australia,new south wales,N,,oceania,2020,morning,nov,4
Unprovoked,usa,florida,N,"Blacktip shark, 6' to 7'",north america,2020,afternoon,oct,4
Unprovoked,bahamas,grand bahama island,N,"""Reef shark""",north america,2020,unknown,oct,4
Unprovoked,usa,"franklin county, florida",N,,north america,2020,afternoon,oct,4
Unprovoked,egypt,south sinai,N,,africa,2020,unknown,oct,4
Unprovoked,australia,queensland,N,,oceania,2020,afternoon,oct,4
,usa,north carolina,N,Shark involvement not confirmed,north america,2020,unknown,oct,4
Unprovoked,australia,western australia,Y,4m shark,oceania,2020,morning,oct,4
Unprovoked,usa,florida,N,Blacktip shark,north america,2020,afternoon,oct,4
Unprovoked,australia,western australia,N,Bronze whaler 1.5m,oceania,2020,morning,oct,4
Provoked,usa,florida,N,Small nurse shark,north america,2020,unknown,sep,3
,usa,hawaii,N,Injuries not caused by a shark,north america,2020,morning,sep,3
Unprovoked,usa,florida,N,Bull shark,north america,2020,morning,sep,3
Provoked,australia,queensland,N,"""whitetip shark""",oceania,2020,afternoon,sep,3
Unprovoked,australia,new south wales,N,White shark,oceania,2020,afternoon,sep,3
,usa,florida,N,Shark involvement not confirmed,north america,2020,afternoon,sep,3
Unprovoked,usa,florida,N,,north america,2020,morning,sep,3
Unprovoked,usa,florida,N,,north america,2020,morning,sep,3
,usa,florida,N,4' to 5' shark,north america,2020,unknown,sep,3
Unprovoked,australia,queensland,Y,"White shark, 3m",oceania,2020,evening,sep,3
Unprovoked,usa,hawaii,N,8' shark,north america,2020,afternoon,sep,3
Unprovoked,usa,florida,N,"Nurse shark, juvenile",north america,2020,unknown,sep,3
Watercraft,australia,new south wales,N,White shark,oceania,2020,afternoon,aug,3
Unprovoked,usa,south carolina,N,,north america,2020,morning,aug,3
Unprovoked,usa,california,N,White shark,north america,2020,afternoon,aug,3
Unprovoked,usa,florida,N,,north america,2020,afternoon,aug,3
Unprovoked,usa,florida,N,4' to 5' shark,north america,2020,morning,aug,3
Unprovoked,usa,florida,N,,north america,2020,morning,aug,3
,usa,south carolina,N,,north america,2020,afternoon,aug,3
Unprovoked,australia,new south wales,N,"White shark, 2-to 3m",oceania,2020,morning,aug,3
Provoked,usa,florida,N,"Blacktip shark, 6'",north america,2020,afternoon,aug,3
Unprovoked,usa,virgin islands,N,"Nurse shark, 5'",north america,2020,afternoon,aug,3
Unprovoked,usa,north carolina,N,,north america,2020,afternoon,aug,3
Unprovoked,usa,florida,N,,north america,2020,evening,jul,3
Unprovoked,usa,alabama,N,Blacktip or Spinner shark,north america,2020,afternoon,jul,3
Unprovoked,australia,western australia,N,"White shark, 4m",oceania,2020,afternoon,jul,3
Unprovoked,usa,florida,N,"Lemon shark, 8'",north america,2020,unknown,jul,3
Watercraft,australia,tasmania,,"White shark, 4m",oceania,2020,morning,jul,3
Unprovoked,france,tuamotu islands,N,"Blacktip reef shark, juvenile",europe,2020,evening,jul,3
Unprovoked,usa,maine,Y,"White shark, 11'?",north america,2020,afternoon,jul,3
Unprovoked,usa,bahamas,N,"Reef shark, 5' to 6 '",north america,2020,afternoon,jul,3
Unprovoked,usa,florida,N,,north america,2020,unknown,jul,3
Unprovoked,usa,north carolina,N,Bull shark. 6.5',north america,2020,evening,jul,3
Unprovoked,usa,florida,N,,north america,2020,afternoon,jul,3
Unprovoked,australia,tasmania,N,White shark,oceania,2020,afternoon,jul,3
Unprovoked,usa,florida,N,"Bull shark, 4' to 6'",north america,2020,unknown,jul,3
Unprovoked,australia,queensland,N,2 m shark,oceania,2020,morning,jul,3
Unprovoked,australia,new south wales,Y,"White shark, 2.5 m",oceania,2020,afternoon,jul,3
Unprovoked,usa,florida,N,,north america,2020,morning,jul,3
Unprovoked,australia,queensland,Y,,oceania,2020,afternoon,jul,3
Unprovoked,usa,florida,N,Juvenile bull shark?,north america,2020,unknown,jun,2
Unprovoked,usa,north carolina,N,,north america,2020,afternoon,jun,2
Unprovoked,bahamas,exumas,N,,north america,2020,unknown,jun,2
Unprovoked,south africa,kwazulu-natal,N,,africa,2020,afternoon,jun,2
Unprovoked,new caledonia,south province,Y,Tiger shark,new caledonia,2020,afternoon,jun,2
Unprovoked,australia,new south wales,Y,"White shark, 3.5 m",oceania,2020,morning,jun,2
Unprovoked,australia,western australia,,,oceania,2020,unknown,jun,2
,usa,delaware,N,Shark involvement unconfirmed but considered probable,north america,2020,afternoon,jun,2
Unprovoked,usa,hawaii,N,Tiger shark?,north america,2020,morning,jun,2
Unprovoked,bahamas,abaco islands,N,"Bull shark, 8'",north america,2020,unknown,may,2
Unprovoked,australia,queensland,N,Bull shark,oceania,2020,unknown,may,2
Unprovoked,spain,canary islands,N,Angel shark,europe,2020,unknown,may,2
Unprovoked,france,tahiti,N,Blacktip shark,europe,2020,unknown,may,2
Unprovoked,usa,california,Y,White shark,north america,2020,afternoon,may,2
Unprovoked,australia,victoria,N,,oceania,2020,afternoon,may,2
Unprovoked,usa,california,N,5' to 6' shark,north america,2020,afternoon,may,2
,usa,california,N,,north america,2020,evening,apr,2
Unprovoked,australia,new south wales,N,,oceania,2020,morning,apr,2
Unprovoked,usa,florida,N,"Bull shark, 6'",north america,2020,morning,apr,2
Unprovoked,australia,queensland,Y,,oceania,2020,evening,apr,2
Unprovoked,australia,new south wales,N,6' shark,oceania,2020,morning,apr,2
Unprovoked,usa,california,N,,north america,2020,evening,mar,1
Unprovoked,usa,florida,N,,north america,2020,afternoon,mar,1
Unprovoked,usa,florida,N,,north america,2020,morning,mar,1
Unprovoked,australia,queensland,N,,oceania,2020,afternoon,mar,1
Provoked,new zealand,north island,N,"White shark, 2.5 to 3 m",oceania,2020,unknown,mar,1
Unprovoked,fiji,vanua levu,N,,oceania,2020,morning,mar,1
Unprovoked,new zealand,north island,N,White shark,oceania,2020,morning,feb,1
Unprovoked,usa,maui,N,Tiger shark,north america,2020,morning,feb,1
Unprovoked,france,marquesas,N,,europe,2010,morning,feb,1
Provoked,bahamas,exumas,N,,north america,2020,unknown,jan,1
Unprovoked,australia,new south wales,N,"""A small shark""",oceania,2020,morning,jan,1
Unprovoked,new zealand,southland,N,Broadnose seven gill shark?,oceania,2020,evening,jan,1
Unprovoked,usa,north carolina,N,,north america,2020,afternoon,jan,1
Unprovoked,australia,queensland,N,Lemon shark,oceania,2020,evening,jan,1
Unprovoked,australia,western australia,Y,White shark,oceania,2020,afternoon,jan,1
Unprovoked,new caledonia,,N,,new caledonia,2020,afternoon,jan,1
Questionable,australia,western australia,Y,,oceania,2020,afternoon,jan,1
Unprovoked,australia,queensland,N,"Shovelnose ""shark"" which is a ray, not a shark)",oceania,2019,afternoon,dec,4
Unprovoked,papua new guinea,central province,Y,,oceania,2019,afternoon,dec,4
Unprovoked,south africa,eastern cape province,N,,africa,2019,morning,dec,4
Unprovoked,new zealand,southland,N,,oceania,2019,evening,dec,4
Unprovoked,usa,california,N,,north america,2019,afternoon,dec,4
Provoked,australia,new south wales,,White shark,oceania,2019,unknown,dec,4
Unprovoked,australia,western australia,N,,oceania,2019,morning,dec,4
Unprovoked,cuba,holquin,Y,,north america,2019,night,dec,4
Unprovoked,usa,hawaii,N,10'-12' tiger shark,north america,2019,morning,dec,4
Unprovoked,usa,florida,N,Juvenile blacktip shark,north america,2019,unknown,nov,4
Unprovoked,australia,queensland,N,,oceania,2019,evening,nov,4
Questionable,australia,queensland,F,,oceania,2019,unknown,nov,4
Provoked,mexico,guerrero,N,,north america,2019,afternoon,nov,4
Provoked,france,moorea,N,5' blacktip shark,europe,2019,unknown,nov,4
Unprovoked,usa,florida,N,4' to 5' blacktip shark,north america,2019,unknown,nov,4
Unprovoked,mexico,baja,N,,north america,2019,unknown,nov,4
Watercraft,south africa,eastern cape province,N,"White shark, 4 m",africa,2019,morning,nov,4
Unprovoked,usa,california,N,Juvenile white shark?,north america,2019,morning,nov,4
Unprovoked,australia,queensland,N,Tiger shark,oceania,2019,morning,oct,4
Provoked,usa,florida,N,4' to 5' shark,north america,2019,afternoon,oct,4
Unprovoked,usa,california,N,White shark,north america,2019,morning,oct,4
Unprovoked,france,moorea,,Oceanic whitetip shark,europe,2019,morning,oct,4
Unprovoked,australia,queensland,N,7' shark,oceania,2019,evening,oct,4
Unprovoked,usa,florida,N,,north america,2019,afternoon,oct,4
Unprovoked,australia,new south wales,N,"White shark, 3.5 m",oceania,2019,afternoon,oct,4
Watercraft,usa,california,N,White shark,north america,2019,afternoon,oct,4
Unprovoked,usa,guam,N,Juvenile shark,north america,2019,unknown,oct,4
Provoked,australia,northern territory,N,1+ m shark,oceania,2019,afternoon,sep,3
Unprovoked,usa,hawaii,N,6' to 7' shark,north america,2019,morning,sep,3
Unprovoked,usa,florida,N,,north america,2019,evening,sep,3
Unprovoked,usa,florida,N,2' shark,north america,2019,afternoon,sep,3
Unprovoked,usa,hawaii,N,"Galapagos shark, 5'-9'",north america,2019,morning,sep,3
Unprovoked,usa,south carolina,N,,north america,2019,unknown,sep,3
Unprovoked,australia,western australia,N,14' white shark,oceania,2019,morning,sep,3
Unprovoked,usa,cayman islands,N,Nurse shark,north america,2019,unknown,aug,3
Unprovoked,usa,florida,N,,north america,2019,afternoon,aug,3
Provoked,usa,florida,N,6.5' shark,north america,2019,morning,aug,3
Unprovoked,usa,florida,N,,north america,2019,morning,aug,3
Unprovoked,usa,hawaii,N,,north america,2019,morning,aug,3
Unprovoked,fiji,,N,Grey reef shark 1.5m,oceania,2019,afternoon,aug,3
Unprovoked,usa,florida,N,,north america,2019,morning,aug,3
Unprovoked,usa,hawaii,N,10' to 12' shark,north america,2019,evening,aug,3
Unprovoked,usa,florida,N,,north america,2019,afternoon,aug,3
Unprovoked,usa,florida,N,,north america,2019,afternoon,aug,3
Unprovoked,usa,florida,N,,north america,2019,afternoon,aug,3
Unprovoked,usa,florida,N,,north america,2019,unknown,aug,3
Unprovoked,usa,hawaii,N,Cookiecutter shark,north america,2019,night,jul,3
Provoked,usa,north carolina,N,"Blacktip shark, 5' ",north america,2019,unknown,jul,3
Unprovoked,usa,florida,N,,north america,2019,afternoon,jul,3
Unprovoked,australia,queensland,,,oceania,2019,evening,jul,3
Unprovoked,usa,florida,N,,north america,2019,afternoon,jul,3
Unprovoked,usa,florida,N,Blacktip or Spinner shark,north america,2019,unknown,jul,3
Unprovoked,usa,rhode island,N,Sandtiger shark,north america,2019,evening,jul,3
Unconfirmed,usa,florida,,,north america,2019,unknown,jul,3
Unprovoked,new zealand,chatham islands,N,"White shark, 3m",oceania,2019,morning,jul,3
Unprovoked,usa,north carolina,N,shark pup,north america,2019,afternoon,jul,3
Unprovoked,usa,florida,N,,north america,2019,morning,jul,3
Unprovoked,south africa,eastern cape province,N,"White shark, juvenile",africa,2019,morning,jul,3
Unprovoked,australia,queensland,N,Bull shark pup,oceania,2019,morning,jul,3
Provoked,mexico,quinta roo,N,,north america,2019,unknown,jul,3
Unprovoked,bahamas,abaco islands,N,,north america,2019,evening,jul,3
Unprovoked,usa,florida,N,,north america,2019,afternoon,jun,2
Unprovoked,bahamas,lucayan archipelago,Y,,north america,2019,afternoon,jun,2
Unprovoked,bahamas,abaco islands,N,,north america,2019,unknown,jun,2
Unprovoked,usa,north carolina,N,,north america,2019,afternoon,jun,2
Unprovoked,bahamas,,,,north america,2019,unknown,jun,2
Unprovoked,usa,georgia,N,"Bull shark, 4' to 5'",north america,2019,morning,jun,2
Unprovoked,usa,north carolina,N,,north america,2019,afternoon,jun,2
Unprovoked,australia,tasmania,N,,oceania,2019,unknown,jun,2
Unverified,australia,new south wales,N,,oceania,2019,afternoon,jun,2
Unprovoked,usa,north carolina,N,,north america,2019,afternoon,jun,2
Unprovoked,new caledonia,bélep islands,Y,,new caledonia,2019,unknown,may,2
Unprovoked,usa,hawaii,Y,,north america,2019,morning,may,2
Unprovoked,new caledonia,noumea,N,"Bull shark, 3.5 m",new caledonia,2019,afternoon,may,2
Unprovoked,usa,new jersey,N,Shark involvement unconfirmed but considered probable,north america,2019,unknown,may,2
Unprovoked,fiji,,N,"Tiger shark, 4m to 5m",oceania,2019,unknown,may,2
Unprovoked,usa,hawaii,N,8' shark,north america,2019,morning,may,2
Unprovoked,australia,queensland,N,,oceania,2019,afternoon,may,2
Unprovoked,usa,hawaii,N,,north america,2019,morning,may,2
Unprovoked,usa,california,N,White shark,north america,2019,unknown,may,2
Provoked,brazil,fernando de noronha,N,Lemon shark pup,south america,2019,unknown,may,2
Unprovoked,usa,florida,N,,north america,2019,evening,may,2
Unprovoked,australia,new south wales,N,"Grey nurse shark, 3 m female",oceania,2019,afternoon,apr,2
Unprovoked,usa,hawaii,N,Tiger shark,north america,2019,morning,apr,2
Unprovoked,usa,florida,N,,north america,2019,evening,apr,2
Questionable,usa,florida,N,,north america,2019,evening,apr,2
Questionable,usa,hawaii,N,Tiger shark,north america,2019,night,apr,2
Unprovoked,usa,hawaii,N,Cookiecutter shark,north america,2019,night,apr,2
Provoked,china,liaoning province,N,Sand tiger shark,asia,2019,unknown,apr,2
Watercraft,usa,hawaii,N,12' shark,north america,2019,morning,mar,1
Unprovoked,australia,queensland,N,"Grey reef shark, 4' ",oceania,2019,afternoon,mar,1
Unprovoked,usa,florida,N,4' shark,north america,2019,afternoon,mar,1
Unprovoked,mexico,guerrero,N,,north america,2019,evening,mar,1
Unprovoked,usa,hawaii,N,Cookiecutter shark,north america,2019,night,mar,1
Unprovoked,usa,florida,N,Spinner shark,north america,2019,afternoon,mar,1
Unprovoked,usa,oregon,N,,north america,2019,morning,mar,1
Provoked,south africa,eastern cape province,N,2.5 m shark,africa,2019,afternoon,mar,1
Unprovoked,usa,california,N,6' to 7' shark,north america,2018,morning,feb,1
Unprovoked,australia,new south wales,N,,oceania,2019,morning,feb,1
Unprovoked,brazil,fernando de noronha,N,Lemon shark,south america,2019,evening,feb,1
Unprovoked,australia,northern territory,N,"Reef shark, ",oceania,2019,unknown,feb,1
Unprovoked,usa,hawaii,N,Tiger shark,north america,2019,afternoon,feb,1
Unprovoked,australia,new south wales,N,,oceania,2019,morning,feb,1
Watercraft,south africa,kwazulu-natal,N,,africa,2019,unknown,feb,1
Unprovoked,usa,florida,N,Bull shark,north america,2019,morning,feb,1
Invalid,new zealand,south island,N,Reported as shark bite but injury caused by stingray,oceania,2019,evening,jan,1
Unprovoked,australia,western australia,N,Wobbegong shark,oceania,2019,morning,jan,1
Invalid,australia,queensland,N,Reported as shark attacks but injuries caused by toadfish,oceania,2019,morning,jan,1
Unprovoked,usa,california,N,"White shark, 4.6m",north america,2019,morning,jan,1
Unprovoked,mexico,sonora,Y,Tiger shark,north america,2018,morning,dec,4
Provoked,australia,new south wales,N,Wobbegong shark,oceania,2018,morning,dec,4
Unprovoked,new zealand,north island,N,"Mako shark, 7'",oceania,2018,morning,dec,4
Unprovoked,new zealand,north island,N,Bronze whaler 2.5m,oceania,2018,morning,dec,4
Unprovoked,australia,new south wales,N,,oceania,2018,morning,dec,4
Unprovoked,australia,new south wales,N,Wobbegong shark,oceania,2018,evening,nov,4
Unprovoked,usa,florida,N,,north america,2018,evening,nov,4
Unprovoked,australia,northern territory,N,Reef shark x 2,oceania,2018,morning,nov,4
Unprovoked,australia,new south wales,N,,oceania,2018,afternoon,nov,4
Watercraft,australia,queensland,N,"Tiger shark, 13'",oceania,2018,morning,nov,4
Unprovoked,south africa,kwazulu-natal,N,"White shark, 3m",africa,2018,morning,nov,4
Unprovoked,australia,western australia,N,Sandtiger shark,oceania,2018,morning,nov,4
Unprovoked,bahamas,exumas,N,Nurse shark,north america,2018,afternoon,nov,4
Unprovoked,australia,new south wales,N,5' shark,oceania,2018,morning,nov,4
Unprovoked,australia,queensland,Y,,oceania,2018,evening,nov,4
Unprovoked,egypt,,N,Oceanic whitetip shark,africa,2018,unknown,nov,4
Unprovoked,australia,western australia,N,,oceania,2018,morning,oct,4
Unprovoked,usa,florida,N,3' to 4' shark,north america,2018,afternoon,oct,4
Unprovoked,usa,florida,N,,north america,2018,unknown,oct,4
Unprovoked,usa,california,N,"White shark, 17' female",north america,2018,morning,oct,4
Unprovoked,australia,new south wales,N,Bull shark?,oceania,2018,morning,oct,4
Unprovoked,new zealand,north island,N,"White Shark, 3.2m to 3.5m",oceania,2018,evening,oct,4
Questionable,australia,western australia,N,"White shark, 5m female",oceania,2018,afternoon,oct,4
Unprovoked,usa,florida,N,Spinner shark,north america,2018,morning,oct,4
Provoked,australia,queensland,N,"""reef shark""",oceania,2018,afternoon,oct,4
Unprovoked,usa,california,N,"White shark, 11'",north america,2018,morning,sep,3
Unprovoked,australia,northern territory,N,Bull shark,oceania,2018,afternoon,sep,3
Watercraft,usa,california,N,White shark,north america,2018,afternoon,sep,3
Provoked,fiji,vanua levu,N,Nurse shark,oceania,2018,afternoon,sep,3
Unprovoked,bahamas,abaco islands,N,Blacktip shark,north america,2018,afternoon,sep,3
Questionable,usa,florida,N,,north america,2018,afternoon,sep,3
Unprovoked,jamaica,st. marys parish,Y,,north america,2018,unknown,sep,3
Unprovoked,australia,queensland,N,,oceania,2018,afternoon,sep,3
Unprovoked,australia,queensland,N,,oceania,2018,evening,sep,3
Unprovoked,usa,massachusetts,Y,White shark,north america,2018,afternoon,sep,3
Unprovoked,usa,florida,N,,north america,2018,afternoon,sep,3
Unprovoked,usa,hawaii,N,"Tiger shark, 10' to 12'",north america,2018,morning,sep,3
Unprovoked,usa,florida,N,,north america,2018,morning,sep,3
Unprovoked,bahamas,,N,Lemon shark,north america,2018,unknown,aug,3
Unprovoked,usa,california,N,5' to 8' shark,north america,2018,evening,aug,3
Unprovoked,bahamas,abaco islands,N,Reef shark,north america,2018,unknown,aug,3
Unprovoked,usa,north carolina,N,,north america,2018,morning,aug,3
Unprovoked,italy,"chieti, province",N,,europe,2018,unknown,aug,3
Unprovoked,bahamas,abaco islands,N,Nurse shark,north america,2018,morning,aug,3
Questionable,usa,maryland,N,,north america,2018,unknown,aug,3
Unprovoked,usa,massachusetts,N,White shark,north america,2018,afternoon,aug,3
Unprovoked,usa,texas,N,"Said to involve a bull shark, 5' to 6'",north america,2018,morning,aug,3
Unprovoked,usa,north carolina,N,Said to involve a blacktip shark,north america,2018,unknown,aug,3
Unprovoked,usa,north carolina,N,,north america,2018,morning,aug,3
Unprovoked,egypt,,Y,Tiger shark,africa,2018,afternoon,aug,3
Unprovoked,usa,florida,N,,north america,2018,unknown,jul,3
Provoked,china,guizhou province,N,,asia,2018,afternoon,jul,3
Unprovoked,usa,new york,N,Sandtiger shark,north america,2018,afternoon,jul,3
Unprovoked,usa,new york,N,Sandtiger shark,north america,2018,morning,jul,3
Invalid,usa,texas,,,north america,2018,evening,jul,3
Provoked,usa,california,N,"Salmon shark, juvenile",north america,2018,afternoon,jul,3
Under investigation,usa,florida,N,,north america,2018,afternoon,jul,3
Unprovoked,usa,florida,N,,north america,2018,afternoon,jul,3
Unprovoked,usa,florida,N,,north america,2018,afternoon,jul,3
Unprovoked,usa,florida,N,,north america,2018,morning,jul,3
Unprovoked,bahamas,the exuma cays,N,"Nurse shark, 5'",north america,2018,unknown,jul,3
Invalid,usa,florida,N,"Injury most likely caused by barracuda, not a shark",north america,2018,afternoon,jul,3
Unprovoked,usa,south carolina,N,,north america,2018,afternoon,jul,3
Watercraft,usa,california,N,White shark,north america,2018,evening,jun,2
Provoked,usa,florida,N,Nurse shark,north america,2018,unknown,jun,2
Unprovoked,usa,georgia,N,,north america,2018,afternoon,jun,2
Invalid,usa,hawaii,N,,north america,2018,morning,jun,2
Unprovoked,australia,new south wales,N,2 m shark,oceania,2018,unknown,jun,2
Provoked,mexico,colima,N,"Tiger shark, 3m",north america,2018,unknown,jun,2
Unprovoked,australia,new south wales,N,,oceania,2018,unknown,jun,2
Unprovoked,brazil,pernambuco,Y,Tiger shark,south america,2018,afternoon,jun,2
Unprovoked,egypt,,N,Oceanic whitetip shark,africa,1018,unknown,jun,2
Provoked,usa,florida,N,"Lemon shark, 3'",north america,2018,unknown,may,2
Unprovoked,usa,florida,N,"Bull shark, 6'",north america,2018,evening,may,2
Unprovoked,usa,florida,N,,north america,2018,afternoon,may,2
Provoked,australia,queensland,N,Grey reef shark,oceania,2018,morning,may,2
Unprovoked,usa,south carolina,N,,north america,2018,unknown,may,2
Unprovoked,usa,south carolina,N,,north america,2018,afternoon,may,2
Invalid,united kingdom,cornwall,N,Invalid incident,europe,2018,morning,may,2
Provoked,australia,westerm australia,N,"Tawny nurse shark, 2m",oceania,2018,unknown,may,2
Unprovoked,south africa,eastern cape province,N,,africa,2018,morning,may,2
Questionable,australia,new south wales,N,Shark involvement not confirmed,oceania,2018,morning,may,2
Provoked,usa,texas,N,Sandtiger shark',north america,2018,unknown,apr,2
Unprovoked,australia,western australia,N,,oceania,2018,afternoon,apr,2
Questionable,australia,new south wales,N,Questionable,oceania,2018,morning,apr,2
Unprovoked,australia,western australia,N,3 m shark,oceania,2018,morning,apr,2
Unprovoked,australia,western australia,N,"White shark, 3.5 m",oceania,2018,afternoon,apr,2
Unprovoked,south africa,western cape province,N,"White shark, 2.5 m",africa,2018,morning,apr,2
Unprovoked,usa,hawaii,N,6' shark,north america,2018,unknown,apr,2
Unprovoked,brazil,pernambuco,,,south america,2018,unknown,apr,2
Unprovoked,australia,western australia,N,,oceania,2018,unknown,apr,2
Unprovoked,australia,western australia,N,,oceania,2018,morning,apr,2
Unprovoked,bahamas,new providence,N,Tiger shark,north america,2018,morning,apr,2
Invalid,brazil,alagoas,N,Shark involvement not confirmed,south america,2018,unknown,apr,2
Unprovoked,new caledonia,,N,2 m shark,new caledonia,2018,evening,apr,2
Unprovoked,bahamas,,N,Bull shark,north america,2018,evening,apr,2
Unprovoked,south africa,eastern cape province,N,White shark,africa,2018,afternoon,apr,2
Unprovoked,usa,hawaii,N,"Tiger shark, 12'",north america,2018,morning,mar,1
Unprovoked,australia,western australia,N,Wobbegong shark,oceania,2018,evening,mar,1
Unprovoked,australia,victoria,N,3.5 m shark,oceania,2018,afternoon,mar,1
Unprovoked,australia,victoria,N,1.8 m shark,oceania,2018,morning,mar,1
Unprovoked,south africa,kwazulu-natal,N,Blacktip shark,africa,2018,unknown,feb,1
Unprovoked,australia,new south wales,N,"Juvenile white shark,  2.7 to 3.2 m",oceania,2018,evening,feb,1
Provoked,australia,victoria,N,,oceania,2018,night,feb,1
Unprovoked,australia,new south wales,N,"Bull shark, 2 m",oceania,2018,afternoon,feb,1
Invalid,australia,queensland,N,Possibly a wobbegong,oceania,2018,evening,feb,1
Invalid,brazil,"boi island, victoria",N,"Injury believed caused by an eel, not a shark",south america,2018,unknown,feb,1
Invalid,australia,western australia,N,2m shark,oceania,2018,unknown,feb,1
Unprovoked,australia,western australia,N,Bull shark,oceania,2018,morning,jan,1
Unprovoked,new caledonia,,N,"Bull shark, 3 m ",new caledonia,2018,afternoon,jan,1
Unprovoked,france,,N,"Sicklefin Lemon Shark,",europe,2018,morning,jan,1
Unprovoked,australia,queensland,N,Grey reef shark. 2 m,oceania,2018,afternoon,jan,1
Unprovoked,australia,new south wales,N,"White shark, 3.5 m",oceania,2018,unknown,jan,1
Unprovoked,brazil,fernando de noronha,N,small shark,south america,2018,afternoon,jan,1
Unprovoked,australia,western australia,N,Wobbegong shark?,oceania,2018,unknown,jan,1
Unprovoked,usa,hawaii,N,Tiger shark,north america,2017,evening,dec,4
Unprovoked,usa,california,N,,north america,2017,afternoon,dec,4
Unprovoked,bahamas,,N,Nurse shark. 5',north america,2017,unknown,dec,4
Unprovoked,australia,new south wales,N,Great White 6.0m,oceania,2017,morning,dec,4
Unprovoked,usa,california,N,"White shark, 4.6 m",north america,2017,afternoon,nov,4
Unprovoked,usa,florida,N,,north america,2017,afternoon,nov,4
Unprovoked,australia,new south wales,N,2 m shark,oceania,2017,afternoon,nov,4
Unprovoked,cuba,holquin province,Y,Tiger shark,north america,2017,night,nov,4
Unprovoked,usa,hawaii,N,,north america,2017,afternoon,nov,4
Unprovoked,australia,queensland,N,Cookiecutter shark,oceania,2017,unknown,oct,4
Unprovoked,australia,new south wales,N,"Wobbegong shark, 1 m",oceania,2017,morning,oct,4
Unprovoked,usa,hawaii,N,,north america,2017,afternoon,oct,4
Unprovoked,usa,florida,N,,north america,2017,evening,oct,4
Unprovoked,usa,florida,N,,north america,2017,morning,oct,4
Unprovoked,australia,south australia,N,"White shark, 4.5 m",oceania,2017,afternoon,oct,4
Watercraft,new zealand,north island,N,2 m shark,oceania,2017,morning,oct,4
Unprovoked,usa,florida,N,"Spinner shark, 4 to 5 feet",north america,2017,afternoon,oct,4
Unprovoked,usa,hawaii,N,"Tiger shark, 8 to 10 feet",north america,2017,evening,oct,4
Unprovoked,usa,hawaii,N,8' shark,north america,2017,afternoon,oct,4
Invalid,south africa,western cape province,,,africa,2017,unknown,oct,4
Unprovoked,usa,florida,N,5' shark,north america,2017,morning,sep,3
Unprovoked,australia,western australia,N,"White shark, 3.5 m",oceania,2017,evening,sep,3
Invalid,usa,new york,,Questionable,north america,2017,afternoon,sep,3
Unprovoked,usa,florida,N,4' to 5' shark,north america,2017,afternoon,sep,3
Unprovoked,usa,florida,N,,north america,2017,morning,sep,3
Unprovoked,spain,canary islands,N,"Porbeagle, 1.5 m",europe,2017,unknown,sep,3
Unprovoked,usa,florida,N,,north america,2017,afternoon,sep,3
Invalid,south africa,western cape province,,,africa,2017,afternoon,sep,3
Watercraft,australia,westerm australia,N,"White shark, 3.5m",oceania,2017,unknown,sep,3
Unprovoked,usa,florida,N,5' to 6' shark,north america,2017,evening,sep,3
Unprovoked,australia,westerm australia,N,,oceania,2017,afternoon,sep,3
Unprovoked,australia,new south wales,N,"White shark, 3 to 3.5m ",oceania,2017,morning,sep,3
Unprovoked,solomon islands,,N,,oceania,2017,unknown,sep,3
Unprovoked,south africa,western cape province,Y,,africa,2017,morning,sep,3
Unprovoked,japan,shizuoka prefecture,N,,asia,2017,morning,sep,3
Unprovoked,usa,florida,N,Nurse shark,north america,2017,unknown,sep,3
Unprovoked,usa,texas,N,,north america,2017,unknown,sep,3
Unprovoked,usa,florida,N,,north america,2017,morning,sep,3
Unprovoked,australia,victoria,N,"White shark, 3 m",oceania,2017,morning,aug,3
Unprovoked,usa,florida,N,,north america,2017,afternoon,aug,3
Invalid,spain,castellón,,Shark involvement questionable,europe,2017,afternoon,aug,3
Watercraft,new zealand,north island,N,,oceania,2017,unknown,aug,3
Unprovoked,usa,massachusetts,N,"White shark, 5' to 7'",north america,2017,morning,aug,3
Unprovoked,bahamas,,N,5' shark,north america,2017,afternoon,aug,3
Unprovoked,usa,south carolina,N,Possibly a juvenile blacktip shark,north america,2017,afternoon,aug,3
Unprovoked,egypt,red sea protectorate,N,"Oceanic whitetip shark, 1.8 to 2 m",africa,2017,unknown,aug,3
Provoked,usa,massachusetts,N,4' shark,north america,2017,night,aug,3
Watercraft,usa,california,N,"White shark, 10'",north america,2017,morning,aug,3
Unprovoked,usa,florida,N,,north america,2017,evening,jul,3
Invalid,usa,south carolina,,A small shark,north america,2017,afternoon,jul,3
Unprovoked,usa,south carolina,N,,north america,2017,afternoon,jul,3
Unprovoked,bahamas,new providence district,N,,north america,2017,unknown,jul,3
Unprovoked,bahamas,40 miles off grand bahama island,N,,north america,2017,unknown,jul,3
Unprovoked,usa,new jersey,N,Sandtiger shark  2',north america,2017,unknown,jul,3
Unprovoked,spain,majorca,N,Blue shark 6',europe,2017,afternoon,jul,3
Unprovoked,usa,florida,N,"""A small shark""",north america,2017,afternoon,jul,3
Invalid,usa,south carolina,,Shark involvement not confirmed,north america,2017,unknown,jul,3
Watercraft,usa,california,N,"White shark, 11' to 13'",north america,2017,morning,jul,3
Unprovoked,usa,california,N,"White shark, 8' to 10'",north america,2017,morning,jul,3
Unprovoked,usa,washington,N,"White shark, 9'",north america,2017,evening,jul,3
Unprovoked,australia,western australia,N,,oceania,2017,morning,jul,3
Watercraft,usa,california,N,White shark,north america,2017,morning,jul,3
Unprovoked,usa,florida,N,"Bull shark, 4' to 5'",north america,2017,afternoon,jul,3
Provoked,mexico,tabasco,N,"Tiger shark, 100 kg",north america,2017,unknown,jul,3
Unprovoked,south africa,eastern cape province,N,"White shark, 2.5 m",africa,2017,afternoon,jul,3
Invalid,usa,south carolina,,No shark invovlement ,north america,2017,evening,jun,2
Unprovoked,usa,south carolina,N,,north america,2017,unknown,jun,2
Unprovoked,usa,florida,N,,north america,2017,morning,jun,2
Unprovoked,usa,south carolina,N,"Bull shark, 4' to 5'",north america,2017,unknown,jun,2
Unprovoked,france,,N,"Bull shark, 2m",europe,2017,morning,jun,2
Unprovoked,spain,ibiza island,N,,europe,2017,afternoon,jun,2
Unprovoked,france,marquesas,N,,europe,2017,unknown,,0
Unprovoked,bahamas,,N,,north america,2017,unknown,jun,2
Unprovoked,australia,western australia,N,"White shark, 4 m",oceania,2017,morning,jun,2
Unprovoked,australia,victoria,N,Seven-gill shark,oceania,2017,afternoon,jun,2
Unprovoked,usa,florida,N,,north america,2017,morning,jun,2
Unprovoked,united kingdom,south devon,N,"3m shark, probably a smooth hound",europe,2017,unknown,jun,2
Unprovoked,usa,florida,N,8' shark,north america,2017,unknown,jun,2
Unprovoked,bahamas,new providence,N,Tiger shark,north america,2017,afternoon,jun,2
Provoked,usa,south carolina,N,3' shark,north america,2017,unknown,may,2
Unprovoked,usa,florida,N,Tiger shark,north america,2017,morning,may,2
Invalid,australia,new south wales,N,,oceania,2017,unknown,may,2
Provoked,australia,queensland,N,9' shark,oceania,2017,unknown,may,2
Unprovoked,mexico,baja california sur,Y,,north america,2017,evening,may,2
Invalid,usa,california,,Shark involvement highly doubtful,north america,2017,afternoon,may,2
Unprovoked,usa,california,N,,north america,2017,evening,apr,2
Unprovoked,south africa,western cape province,N,,africa,2017,evening,apr,2
Unprovoked,usa,south carolina,N,,north america,2017,morning,apr,2
Unprovoked,france,saint-leu,Y,,europe,2017,morning,apr,2
Unprovoked,new zealand,south island,N,,oceania,2017,afternoon,apr,2
Invalid,usa,florida,,No shark invovlement - it ws a publicity stunt,north america,2017,unknown,apr,2
Invalid,usa,south carolina,,Shark involvement not confirmed,north america,2017,morning,apr,2
Unprovoked,usa,florida,N,,north america,2017,afternoon,apr,2
Unprovoked,australia,western australia,Y,White shark,oceania,2017,afternoon,apr,2
Unprovoked,usa,hawaii,N,"Tiger shark, 12'",north america,2017,morning,apr,2
Unprovoked,usa,florida,N,,north america,2017,afternoon,apr,2
Unprovoked,usa,florida,N,,north america,2017,afternoon,apr,2
Invalid,south africa,kwazulu-natal,,Shark involvement prior to death not confirmed,africa,2017,unknown,apr,2
Unprovoked,usa,florida,N,,north america,2017,afternoon,apr,2
Unprovoked,usa,florida,N,,north america,2017,evening,apr,2
Unprovoked,usa,florida,N,,north america,2017,evening,apr,2
Unprovoked,usa,florida,N,,north america,2017,unknown,apr,2
Unprovoked,usa,florida,N,,north america,2017,afternoon,apr,2
Unprovoked,australia,queensland,N,,oceania,2017,afternoon,apr,2
Unprovoked,usa,florida,N,"Bull shark, 5' to 7'",north america,2017,afternoon,apr,2
Unprovoked,usa,florida,N,,north america,2017,morning,mar,1
Unprovoked,australia,new south wales,N,,oceania,2017,evening,mar,1
Watercraft,usa,california,N,White shark,north america,2017,afternoon,mar,1
Unprovoked,philippines,luzon island,N,10' shark,asia,2017,unknown,mar,1
Unprovoked,bahamas,the exuma cays,N,Lemon shark,north america,2017,unknown,mar,1
Provoked,mexico,tamaulipas,N,,north america,2017,morning,mar,1
Unprovoked,bahamas,the exuma cays,N,Nurse shark,north america,2017,unknown,mar,1
Unprovoked,australia,western australia,N,"Bull shark, 1.5",oceania,2017,morning,feb,1
Unprovoked,australia,western australia,N,,oceania,2017,morning,feb,1
Unprovoked,france,saint-andre,Y,,europe,2017,morning,feb,1
Unprovoked,australia,queensland,N,,oceania,2017,morning,feb,1
Unprovoked,usa,florida,N,,north america,2017,afternoon,feb,1
Provoked,brazil,pernambuco,N,Lemon shark pup,south america,2017,afternoon,feb,1
Watercraft,south africa,kwazulu-natal,N,Tiger shark,africa,2017,unknown,feb,1
Watercraft,usa,south carolina,N,"White shark, female, 14'",north america,2017,unknown,feb,1
Unprovoked,bahamas,bimini,N,Caribbean reef shark,north america,2017,unknown,feb,1
Unprovoked,usa,,N,Unknown,north america,2017,unknown,feb,1
Unprovoked,brazil,pernambuco,N,,south america,2017,afternoon,jan,1
Unprovoked,usa,florida,N,,north america,2017,afternoon,jan,1
Unprovoked,australia,queensland,N,"Bull shark, 4 m",oceania,2017,afternoon,jan,1
Unprovoked,australia,queensland,N,,oceania,2017,afternoon,jan,1
Unprovoked,usa,florida,N,,north america,2017,morning,jan,1
Unprovoked,indonesia,bali,N,"Bull shark, 1 m",asia,2017,morning,jan,1
Invalid,australia,queensland,,Bull shark,oceania,2017,unknown,jan,1
Unprovoked,usa,florida,N,,north america,2017,afternoon,jan,1
Invalid,australia,new south wales,,Shark involvement not confirmed,oceania,2017,evening,jan,1
Unprovoked,usa,florida,N,,north america,2016,evening,dec,4
Unprovoked,australia,western australia,N,a small shark,oceania,2016,morning,dec,4
Unprovoked,south africa,western cape province,N,"White shark, 4 m",africa,2016,morning,dec,4
Unprovoked,australia,western australia,N,,oceania,2016,morning,dec,4
Unprovoked,france,tuamotos,N,,europe,2016,unknown,dec,4
Invalid,usa,florida,,Shark involvement not confirmed,north america,2016,afternoon,dec,4
Provoked,australia,new south wales,N,"Wobbegong shark, 2m",oceania,2016,night,dec,4
Unprovoked,australia,new south wales,N,White shark,oceania,2016,morning,dec,4
Provoked,australia,victoria,N,"Broadnose sevengill shark, 1.5 m",oceania,2016,morning,nov,4
Unprovoked,mozambique,inhambane province,F,Unknown,africa,2016,unknown,nov,4
Unprovoked,usa,hawaii,N,Tiger shark,north america,2016,morning,nov,4
Unprovoked,usa,florida,N,,north america,2016,afternoon,oct,4
Unprovoked,usa,florida,N,,north america,2016,afternoon,oct,4
Unprovoked,australia,new south wales,N,,oceania,2016,morning,oct,4
Unprovoked,usa,hawaii,N, 6' to 8' shark,north america,2016,evening,oct,4
Unprovoked,australia,queensland,N,,oceania,2016,evening,oct,4
Unprovoked,usa,hawaii,N,,north america,2016,morning,oct,4
Invalid,mexico,,,White shark,north america,2016,unknown,oct,4
Unprovoked,australia,new south wales,N,,oceania,2016,morning,oct,4
Unprovoked,usa,oregon,N,,north america,2016,afternoon,oct,4
Unprovoked,mozambique,inhambane province,Y,Unknown,africa,2016,unknown,oct,4
Unprovoked,usa,florida,N,,north america,2016,morning,oct,4
Unprovoked,usa,florida,N,,north america,2016,evening,oct,4
Unprovoked,australia,new south wales,N,"White shark, 3.5 m",oceania,2016,unknown,sep,3
Unprovoked,usa,florida,N,,north america,2016,afternoon,sep,3
Unprovoked,usa,florida,N,,north america,2016,morning,sep,3
Unprovoked,usa,florida,N,,north america,2016,morning,sep,3
Unprovoked,usa,california,N,,north america,2016,unknown,sep,3
Unprovoked,australia,victoria,N,,oceania,2016,unknown,sep,3
Unprovoked,australia,victoria,N,2 m shark,oceania,2016,unknown,sep,3
Watercraft,australia,western australia,N,,oceania,2016,unknown,sep,3
Unprovoked,usa,florida,N,3' to 4' shark,north america,2016,afternoon,sep,3
Unprovoked,usa,hawaii,N,"Tiger shark, 10'",north america,2016,afternoon,sep,3
Unprovoked,new caledonia,north province,Y,,new caledonia,2016,afternoon,sep,3
Unprovoked,usa,south carolina,N,,north america,2016,afternoon,sep,3
Unprovoked,australia,western australia,N,,oceania,2016,afternoon,sep,3
Unprovoked,usa,florida,N,,north america,2016,unknown,sep,3
Unprovoked,usa,california,N,"White shark, 8' to 10'",north america,2016,unknown,sep,3
Invalid,mexico,,,Invalid,north america,2016,unknown,sep,3
Unprovoked,usa,florida,N,"Bull shark, 6'",north america,2016,afternoon,aug,3
Unprovoked,usa,florida,N,,north america,2016,afternoon,aug,3
Unprovoked,france,,N,"Bull shark, 3.5 m",europe,2016,evening,aug,3
Unprovoked,usa,florida,N,,north america,2016,afternoon,aug,3
Unprovoked,bahamas,new providence island,N,,north america,2016,unknown,aug,3
Unprovoked,usa,hawaii,N,"Tiger shark, 10' ",north america,2016,afternoon,aug,3
Unprovoked,usa,florida,N,Blacktip shark,north america,2016,unknown,aug,3
Unprovoked,spain,alicante province,N,Blue shark,europe,2016,morning,jul,3
Unprovoked,china,hong kong,N,,asia,2016,unknown,jul,3
Watercraft,australia,western australia,N,White shark,oceania,2016,unknown,jul,3
Provoked,usa,florida,N,"Nurse shark, 4'",north america,2016,unknown,jul,3
Unprovoked,australia,new south wales,N,,oceania,2016,afternoon,jul,3
Unprovoked,japan,kochi prefecture,N,,asia,2016,evening,jul,3
Unprovoked,australia,tasmania,N,,oceania,2016,unknown,jul,3
Unprovoked,bahamas,abaco islands,N,"Bull shark, 6'",north america,2016,unknown,jul,3
Provoked,australia,queensland,N,"reef shark, 1m",oceania,2016,unknown,jul,3
Watercraft,usa,alabama,N,"Tiger shark, 10' ",north america,2016,unknown,jul,3
Unprovoked,usa,florida,N,,north america,2016,afternoon,jul,3
Unprovoked,usa,florida,N,,north america,2016,morning,jul,3
Unprovoked,usa,california,N,"White shark, 10' to 12'",north america,2016,evening,jul,3
Unprovoked,usa,south carolina,N,,north america,2016,unknown,jul,3
Unprovoked,bahamas,,N,"Lemon shark, 9'",north america,2016,unknown,jul,3
Unprovoked,spain,canary islands,N,Angel shark,europe,2016,unknown,jul,3
Watercraft,usa,california,N,White shark,north america,2016,unknown,jul,3
Provoked,usa,massachusetts,N,dogfish shark,north america,2016,morning,jul,3
Watercraft,usa,california,N,White shark,north america,2016,unknown,jul,3
Unprovoked,usa,florida,N,,north america,2016,afternoon,jul,3
Provoked,australia,queensland,N,Tawny nurse shark,oceania,2016,night,jul,3
Unprovoked,usa,south carolina,N,3' to 4' shark,north america,2016,afternoon,jun,2
Unprovoked,usa,north carolina,N,,north america,2016,afternoon,jun,2
Unprovoked,south africa,western cape province,N,White shark,africa,2016,unknown,jun,2
Unprovoked,usa,south carolina,N,3' to 5' shark,north america,2016,afternoon,jun,2
Unprovoked,usa,florida,N,,north america,2016,afternoon,jun,2
Unprovoked,usa,hawaii,N,3' to 4' shark,north america,2016,morning,jun,2
Provoked,australia,western australia,N,5' shark,oceania,2016,unknown,jun,2
Unprovoked,usa,texas,N,3' to 4' shark,north america,2016,evening,jun,2
Unprovoked,usa,north carolina,N,3' shark,north america,2016,afternoon,jun,2
Invalid,usa,south carolina,,Said to involve an 8' shark but more likely damage caused by debris,north america,2016,morning,jun,2
Unprovoked,usa,florida,N,,north america,2016,morning,jun,2
Unprovoked,australia,western australia,Y,3+ m shark,oceania,2016,morning,jun,2
Unprovoked,egypt,suez,N,Mako shark,africa,2016,morning,jun,2
Unprovoked,australia,new south wales,,Bronze whaler sharks x 3,oceania,2016,unknown,jun,2
Unprovoked,new caledonia,,N,3 m shark,new caledonia,2016,afternoon,jun,2
Unprovoked,australia,western australia,Y,White shark,oceania,2016,afternoon,may,2
Unprovoked,usa,california,N,,north america,2016,afternoon,may,2
Unprovoked,usa,florida,N,5' shark,north america,2016,afternoon,may,2
Unprovoked,usa,florida,N,,north america,2016,afternoon,may,2
Unprovoked,usa,florida,N,"Bull shark, 4' to 5'",north america,2016,evening,may,2
Unprovoked,usa,florida,N,,north america,2016,evening,may,2
Unprovoked,usa,florida,N,"Blacktip shark, 4'",north america,2016,morning,may,2
Provoked,usa,florida,N,"Nurse shark, 2'",north america,2016,afternoon,may,2
Unprovoked,usa,hawaii,N,,north america,2016,afternoon,may,2
Provoked,new zealand,north island,N,"Mako shark, 1.5 m [5'] ",oceania,2016,afternoon,may,2
Unprovoked,usa,louisiana,N,"Blacktip shark, juvenile",north america,2016,unknown,may,2
Unprovoked,indonesia,bali,N,"Bull shark, 6'",asia,2016,morning,apr,2
Unprovoked,usa,florida,N,,north america,2016,evening,apr,2
Unprovoked,south africa,western cape province,N,White shark,africa,2016,morning,apr,2
Unprovoked,australia,new south wales,N,Wobbegong shark,oceania,2016,afternoon,apr,2
Provoked,france,tuamotos,M,"Grey reef shark, 2 m",europe,2016,morning,apr,2
Provoked,france,tuamotos,N,"Grey reef shark, 2 m",europe,2016,morning,apr,2
Unprovoked,usa,florida,N,"Bull shark, 7'",north america,2016,unknown,apr,2
Unprovoked,new caledonia,grand terre,Y,"Tiger shark, 2.5 m",new caledonia,2016,morning,apr,2
Unprovoked,usa,florida,N,5' to 6' shark,north america,2016,unknown,apr,2
Invalid,usa,florida,,,north america,2016,unknown,apr,2
Unprovoked,usa,hawaii,N,,north america,2016,morning,mar,1
Unprovoked,australia,new south wales,N,,oceania,2016,evening,mar,1
Unprovoked,usa,florida,,Shark involvement not confirmed,north america,2016,unknown,mar,1
Unprovoked,australia,new south wales,N,,oceania,2016,morning,mar,1
Provoked,bahamas,,N,"Nurse shark, 2.5-ft",north america,2016,unknown,mar,1
Invalid,usa,california,,Shark involvement not confirmed,north america,2016,morning,mar,1
Unprovoked,usa,florida,N,,north america,2016,afternoon,mar,1
Unprovoked,fiji,vanua levu,Y,,oceania,2016,afternoon,mar,1
Unprovoked,usa,florida,N,,north america,2016,afternoon,mar,1
Unprovoked,australia,south australia,N,Bronze whaler,oceania,2016,night,mar,1
Unprovoked,brazil,santa catarina state,N,Sandtiger shark,south america,2016,unknown,mar,1
Unprovoked,new caledonia,south province,N,,new caledonia,2016,evening,feb,1
Unprovoked,new caledonia,south province,N,,new caledonia,2016,afternoon,feb,1
Invalid,united kingdom,grand cayman,,No shark involvement,europe,2016,unknown,feb,1
Invalid,australia,tasmania,,No shark involvement,oceania,2016,afternoon,feb,1
Unprovoked,australia,queensland,N,,oceania,2016,afternoon,feb,1
Unprovoked,australia,new south wales,N,,oceania,2016,afternoon,feb,1
Unprovoked,brazil,balneário camboriú,N,Sandtiger shark,south america,2016,unknown,feb,1
Watercraft,south africa,kwazulu-natal,N,,africa,2016,unknown,jan,1
Unprovoked,usa,hawaii,N,"Reef shark, 5'",north america,2016,afternoon,jan,1
Unprovoked,usa,hawaii,N,,north america,2016,morning,jan,1
Unprovoked,usa,texas,N,Bull sharks x 2,north america,2016,morning,jan,1
Unprovoked,usa,hawaii,N,"Tiger shark, 14'",north america,2016,morning,jan,1
Unprovoked,australia,queensland,N,Wobbegong shark,oceania,2016,unknown,jan,1
Unprovoked,australia,queensland,N,Blacktip shark,oceania,2016,afternoon,jan,1
Unprovoked,australia,queensland,N,3 m shark,oceania,2016,morning,jan,1
Watercraft,south africa,kwazulu-natal,N,"White shark, 3 m",africa,2015,morning,dec,4
Unprovoked,spain,grand canary island,N,"Silky shark, 6.5'",europe,2015,unknown,dec,4
Unprovoked,usa,hawaii,N,9' shark,north america,2015,morning,dec,4
Unprovoked,australia,new south wales,N,"Bronze whaler shark, 6'",oceania,2015,morning,dec,4
Unprovoked,brazil,pernambuco,N,"Tiger shark, 1.5 m ",south america,2015,unknown,dec,4
Watercraft,australia,new south wales,N,"White shark, 3.5 m",oceania,2015,morning,dec,4
Unprovoked,bahamas,,N,Bull shark,north america,2015,unknown,dec,4
Unprovoked,south africa,eastern cape province,N,,africa,2015,morning,dec,4
Unprovoked,usa,florida,N,,north america,2015,afternoon,nov,4
Unprovoked,usa,florida,N,,north america,2015,morning,nov,4
Unprovoked,usa,florida,N,"Spinner shark, 7'",north america,2015,unknown,nov,4
Unprovoked,australia,new south wales,N,"Bull shark, 2.8 to 3.1 m",oceania,2015,evening,nov,4
Invalid,usa,florida,,Shark involvement not confirmed,north america,2015,morning,nov,4
Unprovoked,usa,hawaii,N,,north america,2015,morning,nov,4
Unprovoked,usa,florida,N,3' to 5' shark,north america,2015,afternoon,nov,4
Unprovoked,mozambique,inhambane province,N,,africa,2015,night,nov,4
Unprovoked,australia,western australia,N,,oceania,2015,unknown,oct,4
Unprovoked,usa,hawaii,N,,north america,2015,afternoon,oct,4
Unprovoked,south africa,western cape province,N,"White shark, 3 to 3.5m ",africa,2015,afternoon,oct,4
Unprovoked,usa,florida,N,5' shark,north america,2015,afternoon,oct,4
Unprovoked,usa,florida,N,"Spinner shark, 5'",north america,2015,afternoon,oct,4
Unprovoked,mozambique,inhambane province,Y,,africa,2015,unknown,oct,4
Invalid,usa,hawaii,,No shark involvement,north america,2015,evening,oct,4
Unprovoked,usa,hawaii,N,"Tiger shark, 7'",north america,2015,morning,oct,4
Watercraft,usa,california,N,Hammerhead sp.,north america,2015,morning,oct,4
Unprovoked,usa,south carolina,N,,north america,2015,afternoon,oct,4
Unprovoked,usa,hawaii,N,"Tiger shark, 13' ",north america,2015,morning,oct,4
Unprovoked,mozambique,inhambane province,N,,africa,2015,unknown,oct,4
Unprovoked,australia,western australia,N,,oceania,2015,afternoon,oct,4
Unprovoked,usa,florida,N,,north america,2015,afternoon,oct,4
Unprovoked,usa,texas,N,4' to 5' shark,north america,2015,morning,oct,4
Unprovoked,usa,florida,N,"Blacktip shark, 4' to 5'",north america,2015,morning,oct,4
Unprovoked,usa,florida,N,"Blacktip shark, 5' to 6'",north america,2015,afternoon,sep,3
Unprovoked,australia,queensland,N,,oceania,2015,afternoon,sep,3
Watercraft,usa,california,N,"White shark, 19'",north america,2015,morning,sep,3
Unprovoked,usa,florida,N,juvenile shark,north america,2015,afternoon,sep,3
Unprovoked,usa,hawaii,N,"Tiger shark, 13'",north america,2015,afternoon,sep,3
Unprovoked,usa,florida,N,4' shark,north america,2015,afternoon,sep,3
Unprovoked,usa,florida,N,,north america,2015,morning,sep,3
Watercraft,usa,california,N,Hammerhead shark,north america,2015,unknown,sep,3
Unprovoked,usa,florida,N,,north america,2015,evening,sep,3
Unprovoked,usa,florida,N,,north america,2015,afternoon,sep,3
Unprovoked,australia,new south wales,N,6' shark,oceania,2015,morning,sep,3
Unprovoked,usa,california,N,"White shark, 11' to 12'",north america,2015,evening,sep,3
Provoked,usa,california,N,Hammerhead shark.,north america,2015,afternoon,sep,3
Unprovoked,australia,new south wales,N,"White shark, 2.5 m",oceania,2015,morning,sep,3
Unprovoked,usa,south carolina,N,4' shark?,north america,2015,afternoon,sep,3
Unprovoked,fiji,,N,Tiger shark,oceania,2015,unknown,sep,3
Unprovoked,usa,california,N,"White shark, 11' to 12'",north america,2015,morning,aug,3
Unprovoked,usa,california,N,"White shark, 10' to 12' ",north america,2015,morning,aug,3
Invalid,usa,florida,,Shark involvement not confirmed,north america,2015,evening,aug,3
Unprovoked,australia,new south wales,N,,oceania,2015,evening,aug,3
Unprovoked,usa,south carolina,N,4' shark,north america,2015,afternoon,aug,3
Unprovoked,usa,florida,N,3' shark,north america,2015,afternoon,aug,3
Watercraft,usa,california,N,"White shark, 13'",north america,2015,morning,aug,3
Invalid,spain,alicante,,Shark involvement not confirmed,europe,2015,morning,aug,3
Provoked,usa,california,N,Hammerhead shark. 6' to 7',north america,2015,morning,aug,3
Unprovoked,australia,new south wales,N,White shark,oceania,2015,morning,jul,3
,australia,victoria,,,oceania,2015,unknown,jul,3
Unprovoked,usa,florida,N,"Blacktip or spinner shark, 4'",north america,2015,evening,jul,3
Invalid,usa,south carolina,,"Thought to involve a 3' to 4' shark, but shark involvement not confirmed",north america,2015,morning,jul,3
Unprovoked,australia,tasmania,Y,"White shark, 3.9 to 4.2 m",oceania,2015,morning,jul,3
Provoked,usa,california,N,"Mako shark, 100-lb",north america,2015,unknown,jul,3
Unprovoked,australia,victoria,N,"Bronze whaler shark, 1.5m",oceania,2015,unknown,jul,3
Unprovoked,france,,N,"Bull shark, 2m",europe,2015,unknown,jul,3
Unprovoked,south africa,eastern cape province,N,White shark,africa,2015,unknown,jul,3
Unprovoked,usa,california,N,"White shark, 7'",north america,2015,morning,jul,3
Invalid,usa,california,,Shark involvement not cofirmed,north america,2015,unknown,jul,3
Invalid,france,bora bora,,No shark involvement,europe,2015,unknown,jul,3
Unprovoked,bahamas,grand bahama island,N,6' shark,north america,2015,unknown,jul,3
Unprovoked,usa,north carolina,N,,north america,2015,evening,jul,3
Unprovoked,australia,new south wales,N,White shark,oceania,2015,morning,jul,3
Unprovoked,australia,new south wales,N,White shark,oceania,2015,morning,jul,3
Unprovoked,usa,north carolina,N,6' to 7' shark,north america,2015,afternoon,jul,3
Unprovoked,australia,new south wales,N,,oceania,2015,unknown,jun,2
Unprovoked,usa,south carolina,N,4' to 5' shark,north america,2015,evening,jun,2
Unprovoked,usa,north carolina,N,Bull shark,north america,2015,afternoon,jun,2
Unprovoked,south africa,western cape province,N,White shark,africa,2015,afternoon,jun,2
Invalid,usa,florida,,Shark involvement not confirmed,north america,2015,evening,jun,2
Unprovoked,south africa,western cape province,N,"White shark, 2m to 3 m",africa,2015,afternoon,jun,2
Unprovoked,usa,south carolina,N,4' shark,north america,2015,morning,jun,2
Provoked,australia,western australia,N,Wobbegong shark,oceania,2015,unknown,jun,2
Unprovoked,usa,north carolina,N,,north america,2015,morning,jun,2
Unprovoked,usa,north carolina,N,Sandtiger shark,north america,2015,afternoon,jun,2
Invalid,australia,western australia,N,White shark,oceania,2015,morning,jun,2
Unprovoked,usa,south carolina,N,small shark,north america,2015,unknown,jun,2
Unprovoked,usa,,N,,north america,2015,morning,jun,2
Unprovoked,usa,florida,N,,north america,2015,afternoon,jun,2
Unprovoked,usa,north carolina,N,Bull shark,north america,2015,evening,jun,2
Unprovoked,usa,north carolina,N,Bull shark,north america,2015,afternoon,jun,2
Unprovoked,usa,california,N,Mako shark,north america,2015,unknown,jun,2
Unprovoked,usa,north carolina,N,4' shark,north america,2015,afternoon,jun,2
Unprovoked,usa,florida,N,"Bull shark, 5'",north america,2015,morning,jun,2
Unprovoked,usa,florida,N,small nurse shark,north america,2015,unknown,jun,2
Unprovoked,france,le port,N,"Bull shark, 2.5 m",europe,2015,afternoon,jun,2
Unprovoked,usa,florida,N,,north america,2015,afternoon,may,2
Unprovoked,usa,florida,N,,north america,2015,afternoon,may,2
Unprovoked,france,rangiroa,N,1m to 1.2 m shark,europe,2015,morning,may,2
Unprovoked,usa,florida,N,,north america,2015,unknown,may,2
Unprovoked,usa,florida,N,5' shark,north america,2015,morning,may,2
Unprovoked,usa,south carolina,N,6' shark,north america,2015,afternoon,may,2
Unprovoked,new caledonia,,Y,"Bull shark, 3.5 m",new caledonia,2015,unknown,may,2
Unprovoked,usa,florida,N,,north america,2015,afternoon,may,2
Unprovoked,australia,new south wales,N,White shark,oceania,2015,afternoon,may,2
Unprovoked,south africa,eastern cape province,N,"White shark, 3.5 m",africa,2015,afternoon,may,2
Unprovoked,usa,hawaii,Y,,north america,2015,morning,apr,2
Unprovoked,usa,florida,N,3- to 4-foot shark,north america,2015,afternoon,apr,2
Unprovoked,australia,south australia,N,"White shark, 6 m",oceania,2015,morning,apr,2
Unprovoked,australia,new south wales,N,"White shark, 3 m",oceania,2015,morning,jun,2
Unprovoked,usa,florida,N,"Blue shark, 8 to 9 feet",north america,2015,unknown,apr,2
Unprovoked,france,saint-gilles-les-bains,Y,Bull shark,europe,2015,morning,apr,2
Unprovoked,australia,new south wales,N,,oceania,2015,morning,apr,2
Unprovoked,usa,florida,N,Bull shark,north america,2015,afternoon,apr,2
Invalid,italy,sardinia,,Shark involvement not cofirmed,europe,2015,unknown,mar,1
Invalid,brazil,pernambuco,,No shark involvement,south america,2015,morning,mar,1
Watercraft,south africa,eastern cape province,N,"White shark, 4 m",africa,2015,unknown,mar,1
Unprovoked,egypt,red sea protectorate,Y,Mako shark,africa,2015,unknown,mar,1
Unprovoked,usa,hawaii,N,"Tiger shark, 8 to 12 feet",north america,2015,morning,mar,1
Unprovoked,france,bora bora,N,Blacktip shark,europe,2015,morning,mar,1
Watercraft,australia,new south wales,N,,oceania,2015,morning,mar,1
Provoked,mexico,sinaloa,N,,north america,2015,morning,mar,1
Unprovoked,france,central tuamotu,N,Blacktip Reef shark ,europe,2015,unknown,mar,1
Watercraft,atlantic ocean,,N,White shark,atlantic ocean,2015,unknown,feb,1
Unprovoked,france,d’étang-salé,Y,"Tiger shark, 3.5 m",europe,2015,evening,feb,1
Unprovoked,australia,new south wales,Y,3.5 to 4 m shark,oceania,2015,morning,feb,1
Unprovoked,australia,new south wales,N,2 m to  3 m shark,oceania,2015,morning,feb,1
Unprovoked,australia,new south wales,N,1.8 m shark,oceania,2015,unknown,feb,1
Watercraft,australia,queensland,N,"Bull shark, 1.3 m",oceania,2015,morning,jan,1
Provoked,usa,hawaii,N,4' shark,north america,2015,night,jan,1
Unprovoked,australia,new south wales,N,,oceania,2015,unknown,jan,1
Unprovoked,south africa,eastern cape province,N,,africa,2015,afternoon,jan,1
Watercraft,usa,florida,N,White shark,north america,2015,unknown,jan,1
Invalid,australia,new south wales,,Shark involvement not confirmed,oceania,2015,unknown,jan,1
Watercraft,australia,new south wales,N,5 m shark,oceania,2015,afternoon,jan,1
Unprovoked,australia,new south wales,N,1.5 m shark,oceania,2015,unknown,jan,1
Invalid,usa,florida,,No shark involvement,north america,2015,night,jan,1
Unprovoked,bahamas,abaco islands,N,White shark or oceanic whitetip shark,north america,2015,afternoon,jan,1
Unprovoked,south africa,eastern cape province,N,"Raggedtooth shark, 1.3 m",africa,2015,morning,jan,1
Unprovoked,usa,florida,N,"""A small shark""",north america,2015,afternoon,jan,1
Unprovoked,australia,new south wales,N,2 m shark,oceania,2014,morning,dec,4
Unprovoked,australia,western australia,Y,"White shark, 4 to 5 m",oceania,2014,morning,dec,4
Sea Disaster,greece,,N,Shark involvement prior to death still to be determined,europe,2014,unknown,dec,4
Invalid,south africa,kwazulu-natal,,Shark involvement not confirmed & highly unlikely,africa,2014,morning,dec,4
Unprovoked,usa,california,N,"White shark, 8' to 10'",north america,2014,morning,dec,4
Provoked,australia,victoria,N,1.5 m shark,oceania,2014,morning,dec,4
Unprovoked,japan,,N,Goblin shark,asia,2014,unknown,dec,4
Unprovoked,australia,queensland,Y,Tiger shark,oceania,2014,morning,dec,4
Provoked,spain,granada,N,,europe,2014,morning,dec,4
Unprovoked,australia,western australia,N,,oceania,2014,morning,nov,4
Watercraft,australia,western australia,N,White shark,oceania,2014,unknown,nov,4
Watercraft,usa,california,N,White shark,north america,2014,unknown,nov,4
Unprovoked,usa,florida,N,2' shark,north america,2014,afternoon,nov,4
Unprovoked,usa,hawaii,N,1.5 m shark,north america,2014,afternoon,nov,4
Unprovoked,australia,new south wales,N,,oceania,2014,morning,nov,4
Unprovoked,usa,florida,N,,north america,2014,afternoon,nov,4
Unprovoked,usa,hawaii,N,"Tiger shark, 12'",north america,2014,morning,oct,4
Provoked,australia,new south wales,N,,oceania,2014,evening,oct,4
Unprovoked,usa,hawaii,N,Tiger shark,north america,2014,morning,oct,4
Unprovoked,usa,hawaii,N,,north america,2014,morning,oct,4
Watercraft,usa,california,N,,north america,2014,unknown,oct,4
Unprovoked,australia,new south wales,N,1 m shark,oceania,2014,morning,oct,4
Unprovoked,usa,south carolina,N,"Bull shark, 3' to 4'",north america,2014,unknown,oct,4
Unprovoked,usa,florida,N,,north america,2014,afternoon,oct,4
Watercraft,australia,western australia,N,,oceania,2014,evening,oct,4
Unprovoked,usa,florida,N,Blacktip shark,north america,2014,morning,oct,4
Unprovoked,usa,florida,N,,north america,2014,afternoon,oct,4
Unprovoked,usa,florida,N,Blacktip shark,north america,2014,morning,oct,4
Watercraft,usa,california,N,"White shark, 18' to 20'",north america,2014,afternoon,oct,4
Watercraft,usa,california,N,White shark,north america,2014,morning,oct,4
Unprovoked,usa,california,N,8' to 10' shark,north america,2014,evening,oct,4
Unprovoked,australia,western australia,N,"2 white shark: 13' & 9""8""",oceania,2014,morning,oct,4
Unprovoked,usa,florida,N,,north america,2014,morning,sep,3
Unprovoked,france,moorea,N,Blacktip shark,europe,2014,unknown,sep,3
Invalid,usa,california,,No shark involvement,north america,2014,evening,sep,3
Unprovoked,australia,new south wales,Y,7' shark,oceania,2014,morning,sep,3
Unprovoked,usa,alabama,N,Bull shark,north america,2014,afternoon,sep,3
Watercraft,usa,massachusetts,N,"White shark, 12' to 14'",north america,2014,evening,sep,3
Provoked,usa,florida,N,3' to 4' shark,north america,2014,evening,sep,3
Unprovoked,spain,catalonia,N,,europe,2014,unknown,sep,3
Unprovoked,usa,florida,N,Spinner shark,north america,2014,afternoon,aug,3
Unprovoked,usa,florida,N,Spinner shark or blacktip shark,north america,2014,unknown,aug,3
Invalid,usa,florida,,Shark involvement not confirmed,north america,2014,afternoon,aug,3
Provoked,usa,maryland,N,,north america,2014,unknown,aug,3
Unprovoked,spain,alicante,N,small shark,europe,2014,unknown,aug,3
Unprovoked,usa,north carolina,N,4' to 6' shark,north america,2014,unknown,aug,3
Unprovoked,usa,south carolina,N,,north america,2014,afternoon,aug,3
Provoked,usa,florida,N,"Bull shark, 4.5' ",north america,2014,unknown,aug,3
Unprovoked,usa,north carolina,N,4' shark,north america,2014,unknown,aug,3
Unprovoked,australia,western australia,N,reef shark,oceania,2014,unknown,aug,3
Unprovoked,usa,florida,N," Bull shark, 8'",north america,2014,morning,aug,3
Unprovoked,usa,florida,N,,north america,2014,unknown,aug,3
Unprovoked,bahamas,,N,"Bull shark, 9' to 10'",north america,2014,unknown,aug,3
Unprovoked,usa,florida,N,,north america,2014,afternoon,aug,3
Unprovoked,usa,louisiana,N," Bull shark, 5'",north america,2014,afternoon,aug,3
Unprovoked,usa,south carolina,N,4' tp 5' shark,north america,2014,afternoon,aug,3
Unprovoked,usa,florida,N,,north america,2014,unknown,aug,3
Unprovoked,usa,florida,N,,north america,2014,unknown,aug,3
Unprovoked,usa,florida,N,,north america,2014,afternoon,aug,3
Unprovoked,south africa,western cape province,N,White shark,africa,2014,afternoon,aug,3
Unprovoked,usa,north carolina,N,Possibly juvenile tiger shark,north america,2014,unknown,jul,3
Unprovoked,france,saint-leu,N,1.8 metre shark,europe,2014,afternoon,jul,3
Unprovoked,usa,florida,N,,north america,2014,afternoon,jul,3
Unprovoked,spain,canary islands,N,Angel shark,europe,2014,unknown,jul,3
Unprovoked,usa,hawaii,N,6' to 8' shark,north america,2014,evening,jul,3
Unprovoked,usa,florida,N,4' shark,north america,2014,afternoon,jul,3
Invalid,bahamas,west end,,Shark involvement not confirmed,north america,2014,night,jul,3
Unprovoked,usa,north carolina,N,,north america,2014,unknown,jul,3
Unprovoked,usa,florida,N,,north america,2014,afternoon,jul,3
Provoked,usa,california,N," White shark, 7' ",north america,2014,morning,jul,3
Unprovoked,usa,california,N,,north america,2014,morning,jul,3
Unprovoked,usa,south carolina,N,4' to 5' shark,north america,2014,evening,jul,3
Unprovoked,bahamas,abaco islands,N,"Caribbean reef shark, 7' to 8'",north america,2014,afternoon,jun,2
Unprovoked,australia,south australia,N,,oceania,2014,evening,jun,2
Unprovoked,australia,south australia,N,,oceania,2014,evening,jun,2
Provoked,australia,western australia,N," Lemon shark, 3.5 m",oceania,2014,unknown,jun,2
Unprovoked,brazil,,N,,south america,2014,unknown,jun,2
Unprovoked,usa,delaware,N," Sandbar shark, 3' to 4'",north america,2014,evening,jun,2
Unprovoked,australia,south australia,N,"Bronze whaler shark, 1.5m",oceania,2014,morning,jun,2
Unprovoked,japan,atsumi peninsula,N,,asia,2014,afternoon,jun,2
Unprovoked,usa,texas,N,,north america,2014,afternoon,jun,2
Unprovoked,usa,florida,N,Bull shark,north america,2014,afternoon,jun,2
Unprovoked,australia,new south wales,N,,oceania,2014,morning,jun,2
Unprovoked,usa,palmyra atoll,N,Blacktip Reef shark ,north america,2014,unknown,jun,2
Unprovoked,australia,queensland,N," Bull shark, 1.2m ",oceania,2014,unknown,may,2
Unprovoked,france,wallis and futuna,N,3m shark,europe,2014,morning,may,2
Provoked,australia,new south wales,N," Tawney nurse shark, 1m",oceania,2014,unknown,may,2
Unprovoked,usa,florida,N,,north america,2014,morning,may,2
Unprovoked,australia,south australia,N," white shark, 15' ",oceania,2014,morning,may,2
Unprovoked,usa,florida,N,,north america,2014,morning,may,2
Unprovoked,usa,georgia,N,Shark involvement not confirmed,north america,2014,unknown,may,2
Invalid,usa,florida,,No shark involvement,north america,2014,unknown,may,2
Unprovoked,usa,south carolina,N,4' to 5' shark,north america,2014,afternoon,may,2
Unprovoked,south africa,western cape province,N,Cow shark,africa,2014,unknown,may,2
Unprovoked,usa,florida,N,3' shark,north america,2014,afternoon,may,2
Unprovoked,australia,western australia,N,reef shark?,oceania,2014,unknown,apr,2
Unprovoked,usa,florida,N,,north america,2014,afternoon,apr,2
Unprovoked,usa,florida,N,,north america,2014,morning,apr,2
Watercraft,south africa,,N,White shark,africa,2014,unknown,apr,2
Provoked,south africa,eastern cape province,N," Raggedtooth shark, 2m",africa,2014,morning,apr,2
Unprovoked,usa,florida,N,,north america,2014,afternoon,apr,2
Unprovoked,usa,florida,N,4'shark,north america,2014,afternoon,apr,2
Unprovoked,australia,new south wales,Y,3 m to 4 m white shark,oceania,2014,morning,apr,2
Invalid,australia,western australia,,Shark involvement prior to death not confirmed,oceania,2014,afternoon,mar,1
Unprovoked,south africa,eastern cape province,Y,2 m shark,africa,2014,afternoon,mar,1
Unprovoked,usa,florida,N,4' to 5' shark,north america,2014,unknown,mar,1
Unprovoked,usa,florida,N,,north america,2014,unknown,mar,1
Unprovoked,new caledonia,baie de sainte-marie,N,,new caledonia,2014,evening,mar,1
Unprovoked,australia,victoria,N,,oceania,2014,morning,mar,1
Invalid,australia,new south wales,,No shark involvement,oceania,2014,evening,mar,1
Unprovoked,australia,new south wales,N,Wobbegong shark,oceania,2014,evening,mar,1
Invalid,united kingdom,,,Invalid,europe,2014,unknown,mar,1
Unprovoked,usa,florida,N,Blacktip or spinner shark?,north america,2014,unknown,mar,1
Unprovoked,france,society islands,N,Blacktip reef shark ,europe,2014,afternoon,feb,1
Watercraft,papua new guinea,,N,,oceania,2014,night,feb,1
Unprovoked,australia,south australia,Y,,oceania,2014,afternoon,feb,1
Unprovoked,new zealand,south island,N,7-gill shark?,oceania,2014,evening,feb,1
Provoked,australia,new south wales,N,1m shark,oceania,2014,unknown,jan,1
Unprovoked,new zealand,south island,N,7-gill shark,oceania,2014,unknown,jan,1
Sea Disaster,japan,okinawa prefecture,N,,asia,2014,unknown,jan,1
Unprovoked,usa,hawaii,N,Oceanic whitetip shark,north america,2014,unknown,,0
Watercraft,new zealand,,N,"White shark, 6 m",oceania,2014,unknown,,0
Unprovoked,new caledonia,north province,N,Reported to involve a bull shark,new caledonia,2013,morning,dec,4
Unprovoked,south africa,western cape province,N,"White shark, 3m ",africa,2013,morning,dec,4
Unprovoked,usa,hawaii,N,"Tiger shark, 10' to 12'",north america,2013,morning,dec,4
Unprovoked,usa,florida,N,4' to 6' shark,north america,2013,afternoon,dec,4
Unprovoked,australia,new south wales,N," Wobbegong shark, 1.6 to 1.8m ",oceania,2013,evening,dec,4
Unprovoked,usa,hawaii,Y,,north america,2013,morning,dec,4
Unprovoked,australia,new south wales,Y,"Tiger shark, 3m ",oceania,2013,afternoon,nov,4
Unprovoked,usa,hawaii,N,,north america,2013,afternoon,nov,4
Unprovoked,australia,western australia,Y,Thought to involve a white shark,oceania,2013,morning,nov,4
Unprovoked,usa,oregon,N,"White shark, 10 '",north america,2013,morning,nov,4
Unprovoked,australia,western australia,N,Reported to involve a white shark,oceania,2013,afternoon,nov,4
Provoked,bahamas,,N,,north america,2013,morning,nov,4
Unprovoked,usa,new jersey,N,,north america,2013,afternoon,nov,4
Unprovoked,usa,florida,N,,north america,2013,unknown,nov,4
Unprovoked,usa,hawaii,N,Tiger shark,north america,2013,afternoon,oct,4
Unprovoked,australia,western australia,N,"Blacktip reef shark, 1m",oceania,2013,afternoon,oct,4
Unprovoked,france,d’étang-salé,N,Thought to involve a bull shark,europe,2013,afternoon,oct,4
Unprovoked,australia,western australia,N,Reported to involve a 4 m white shark,oceania,2013,morning,oct,4
Unprovoked,australia,new south wales,N,Wobbegong shark,oceania,2013,evening,oct,4
Unprovoked,usa,hawaii,N,"Whitetip reef shark, 4' to 6'",north america,2013,afternoon,oct,4
Unprovoked,usa,hawaii,N,Tiger shark,north america,2013,morning,oct,4
Unprovoked,usa,florida,N,Nurse shark?,north america,2013,afternoon,oct,4
Unprovoked,south africa,eastern cape province,Y,White shark,africa,2013,morning,oct,4
Unprovoked,australia,western australia,N,White shark,oceania,2013,morning,oct,4
Unprovoked,usa,california,N,"White shark, 8' to 10'",north america,2013,morning,oct,4
Unprovoked,usa,florida,N,Small bull shark,north america,2013,afternoon,oct,4
Unprovoked,usa,florida,N,,north america,2013,morning,sep,3
Unprovoked,usa,florida,N,,north america,2013,morning,sep,3
Unprovoked,usa,florida,N,,north america,2013,afternoon,sep,3
Unprovoked,usa,florida,N,,north america,2013,morning,sep,3
Unprovoked,usa,florida,N,Bull shark,north america,2013,afternoon,sep,3
Unprovoked,usa,florida,N,3' shark,north america,2013,afternoon,sep,3
Unprovoked,usa,south carolina,UNKNOWN,,north america,2013,unknown,sep,3
Provoked,usa,florida,N,3' shark,north america,2013,afternoon,sep,3
Unprovoked,usa,florida,N,3' shark,north america,2013,afternoon,sep,3
Unprovoked,usa,florida,N,,north america,2013,afternoon,sep,3
Provoked,usa,florida,N,Nurse shark,north america,2013,unknown,sep,3
Unprovoked,bahamas,,N,,north america,2013,unknown,sep,3
Unprovoked,usa,florida,N,4' shark,north america,2013,afternoon,sep,3
Unprovoked,bahamas,,N,Blacktip shark,north america,2013,unknown,aug,3
Unprovoked,usa,california,N,Salmon shark,north america,2013,night,aug,3
Invalid,usa,california,,No shark involvement,north america,2013,unknown,aug,3
Provoked,france,bay of biscay,N,"Mako shark, 5'",europe,2013,evening,aug,3
Unprovoked,usa,florida,N,,north america,2013,evening,aug,3
Unprovoked,australia,new south wales,N,,oceania,2013,afternoon,aug,3
Unprovoked,usa,hawaii,N,,north america,2013,afternoon,aug,3
Unprovoked,usa,california,N,White shark,north america,2013,afternoon,aug,3
Unprovoked,usa,hawaii,Y,Tiger shark?,north america,2013,afternoon,aug,3
Unprovoked,usa,hawaii,N,,north america,2013,afternoon,aug,3
Unprovoked,usa,south carolina,N,"Bull shark, 8'",north america,2013,evening,aug,3
Unprovoked,south africa,,N,Blacktip shark,africa,2013,unknown,aug,3
Unprovoked,usa,florida,N,"Bull shark, 6' to 8'",north america,2013,afternoon,aug,3
Unprovoked,usa,hawaii,N,,north america,2013,morning,jul,3
Unprovoked,usa,south carolina,N,,north america,2013,unknown,jul,3
Unprovoked,bahamas,abaco islands,N,6' shark,north america,2013,afternoon,jul,3
Unprovoked,mexico,quintana roo,N,,north america,2013,morning,jul,3
Unprovoked,usa,hawaii,N,"Tiger shark, 8' to 10' ",north america,2013,afternoon,jul,3
Unprovoked,bahamas,exuma islands,N,Nurse shark,north america,2013,afternoon,jul,3
Unprovoked,bahamas,abaco islands,N,,north america,2013,morning,jul,3
Unprovoked,brazil,pernambuco,Y,,south america,2013,afternoon,jul,3
Unprovoked,usa,alabama,N,,north america,2013,afternoon,jul,3
Unprovoked,usa,florida,N,,north america,2013,unknown,jul,3
Unprovoked,france,saint-paul,Y,,europe,2013,afternoon,jul,3
Unprovoked,united kingdom,,Y,,europe,2013,unknown,jul,3
Unprovoked,usa,north carolina,N,,north america,2013,afternoon,jul,3
Invalid,spain,catalonia,,Shark involvement not confirmed,europe,2013,unknown,jul,3
Unprovoked,australia,victoria,N,,oceania,2013,unknown,jul,3
Invalid,jamaica,kingston parish,,Shark involvement prior to death not confirmed,north america,2013,unknown,jun,2
Watercraft,usa,california,N,White shark,north america,2013,afternoon,jun,2
Unprovoked,usa,florida,N,"Possibly a Bull shark, 3'",north america,2013,unknown,jun,2
Unprovoked,usa,south carolina,N,4' to 5' shark,north america,2013,afternoon,jun,2
Unprovoked,usa,hawaii,N,"Tiger shark, 14'",north america,2013,afternoon,jun,2
Unprovoked,usa,texas,N,,north america,2013,afternoon,jun,2
Unprovoked,south africa,eastern cape province,N,,africa,2013,morning,jun,2
Unprovoked,usa,florida,N,,north america,2013,unknown,jun,2
Unprovoked,usa,south carolina,N,4' to 5' shark,north america,2013,afternoon,jun,2
Provoked,usa,florida,N,"Lemon shark, 4'",north america,2013,unknown,jun,2
Unprovoked,australia,new south wales,N,6' shark,oceania,2013,afternoon,jun,2
Unprovoked,usa,hawaii,N,Galapagos shark,north america,2013,unknown,may,2
Unprovoked,usa,florida,N,,north america,2013,afternoon,may,2
Unprovoked,brazil,pernambuco,Y,,south america,2013,unknown,may,2
Invalid,usa,california,,Invalid,north america,2013,unknown,may,2
Unprovoked,france,saint-gilles,Y,Bull shark,europe,2013,morning,may,2
Unprovoked,usa,florida,N,a small shark,north america,2013,morning,may,2
Provoked,australia,new south wales,N,"Wobbegong, 2m",oceania,2013,unknown,apr,2
Unprovoked,mexico,quintana roo,N,Tiger shark,north america,2013,afternoon,apr,2
Unprovoked,australia,new south wales,N,"Grey nurse shark, 3m",oceania,2013,afternoon,apr,2
Unprovoked,usa,florida,N,3' shark,north america,2013,morning,apr,2
Unprovoked,south africa,western cape province,N,Blue shark,africa,2013,unknown,apr,2
Unprovoked,usa,florida,N,Bull shark,north america,2013,afternoon,apr,2
Unprovoked,usa,,Y,,north america,2013,unknown,apr,2
Unprovoked,france,tuamotus,N,Possibly a blacktip reef shark,europe,2013,afternoon,apr,2
Unprovoked,usa,florida,N,,north america,2013,unknown,apr,2
Invalid,australia,western australia,,shark involvement not confirmed,oceania,2013,unknown,apr,2
Unprovoked,usa,hawaii,N,4' shark,north america,2013,morning,apr,2
Invalid,australia,new south wales,,No shark involvement,oceania,2013,unknown,mar,1
Unprovoked,bahamas,eleuthera,N,,north america,2013,unknown,mar,1
Provoked,south africa,western cape province,N,"Raggedtooth shark, 1.5 m",africa,2013,morning,mar,1
Unprovoked,south africa,western cape province,N,,africa,2013,unknown,mar,1
Unprovoked,jamaica,st. catherine,Y,"Tiger shark, 4.8 m",north america,2013,morning,mar,1
Unprovoked,australia,western australia,N,"Bronze whaler shark, 2.5m",oceania,2013,morning,mar,1
Unprovoked,philippines,palawan,N,"""small sharks""",asia,2013,unknown,mar,1
Unprovoked,south africa,eastern cape province,N,,africa,2013,unknown,mar,1
Unprovoked,new zealand,north island,Y,"White shark, 4m",oceania,2013,afternoon,feb,1
Unprovoked,usa,hawaii,N,reef shark?,north america,2013,evening,feb,1
Unprovoked,usa,hawaii,N,reef shark?,north america,2013,evening,feb,1
Unprovoked,usa,florida,N,"Blacktip shark, 4' to 5'",north america,2013,afternoon,feb,1
Unprovoked,france,society islands,N,Lemon shark,europe,2013,morning,feb,1
Unprovoked,jamaica,kingston parish,N,,north america,2013,unknown,feb,1
Watercraft,australia,victoria,N,"White shark, 5m",oceania,2013,unknown,jan,1
Unprovoked,australia,queensland,N,,oceania,2013,unknown,jan,1
Invalid,australia,queensland,,,oceania,2013,unknown,jan,1
Unprovoked,usa,hawaii,N,"Tiger shark, 15'",north america,2013,afternoon,jan,1
Unprovoked,new zealand,mercury islands,N,"Bronze whaler shark, 3m",oceania,2013,unknown,jan,1
Unprovoked,australia,western australia,N,,oceania,2013,morning,jan,1
Unprovoked,usa,florida,N,,north america,2012,afternoon,dec,4
Unprovoked,australia,new south wales,N,2.5 m shark,oceania,2012,afternoon,dec,4
Unprovoked,australia,new south wales,N,"Bull shark, 2m ",oceania,2012,morning,dec,4
Unprovoked,south africa,eastern cape province,Y,Tiger shark,africa,2012,unknown,dec,4
Unprovoked,australia,western australia,N,"Tiger shark, 6'",oceania,2012,morning,dec,4
Unprovoked,usa,hawaii,N,10' shark,north america,2012,afternoon,dec,4
Unprovoked,australia,new south wales,N,Sandtiger shark,oceania,2012,afternoon,dec,4
Unprovoked,new zealand,south island,N,Seven-gill shark,oceania,2012,unknown,dec,4
Unprovoked,usa,hawaii,N,"Tiger shark, 10'",north america,2012,morning,nov,4
Invalid,australia,queensland,,No shark involvement,oceania,2012,afternoon,nov,4
Unprovoked,mexico,sinaloa,Y,2.5 m shark,north america,2012,morning,nov,4
Unprovoked,usa,florida,N,2' to 3' shark,north america,2012,evening,nov,4
Unprovoked,usa,hawaii,N,"Tiger shark, 15'",north america,2012,morning,nov,4
Unprovoked,usa,hawaii,N,"Tiger shark, 8'",north america,2012,morning,nov,4
Unprovoked,usa,california,N,White shark,north america,2012,afternoon,oct,4
Unprovoked,usa,hawaii,N,"Tiger shark, 10' to 12' ",north america,2012,afternoon,oct,4
Unprovoked,usa,california,Y,"White shark, 15' to 16' ",north america,2012,morning,oct,4
Unprovoked,usa,florida,N,,north america,2012,unknown,oct,4
Unprovoked,usa,florida,N,,north america,2012,morning,oct,4
Unprovoked,usa,hawaii,N,6' to 8' shark,north america,2012,morning,oct,4
Invalid,usa,florida,,Shark involvement not confirmed,north america,2012,evening,oct,4
Unprovoked,usa,california,N,,north america,2012,evening,oct,4
Unprovoked,australia,western australia,N,2m shark,oceania,2012,afternoon,oct,4
Unprovoked,usa,florida,N,5' shark,north america,2012,afternoon,sep,3
Unprovoked,usa,florida,N,4' shark,north america,2012,afternoon,sep,3
Unprovoked,usa,florida,N,,north america,2012,afternoon,sep,3
Unprovoked,usa,florida,N,,north america,2012,afternoon,sep,3
Unprovoked,usa,florida,N,,north america,2012,afternoon,sep,3
Unprovoked,usa,florida,N,,north america,2012,afternoon,sep,3
Unprovoked,usa,florida,N,,north america,2012,unknown,sep,3
Unprovoked,usa,florida,N,,north america,2012,morning,sep,3
Unprovoked,usa,florida,N,,north america,2012,morning,sep,3
Unprovoked,usa,florida,N,3.5' to 4' shark,north america,2012,evening,sep,3
Provoked,usa,hawaii,N,"Tiger shark, 10' to 12' ",north america,2012,afternoon,sep,3
Unprovoked,usa,florida,N,3.5' to 4' shark,north america,2012,afternoon,sep,3
Provoked,united kingdom,inner hebrides,N,"Porbeagle shark, 7'",europe,2012,unknown,aug,3
Unprovoked,australia,western australia,N,,oceania,2012,afternoon,aug,3
Unprovoked,brazil,pernambuco,Y,,south america,2012,afternoon,aug,3
Unprovoked,usa,alabama,N,,north america,2012,unknown,aug,3
Watercraft,australia,western australia,N,4.5 m shark,oceania,2012,afternoon,aug,3
Unprovoked,usa,florida,N,"Lemon shark, 4' to 5' ",north america,2012,afternoon,aug,3
Unprovoked,france,saint leu,N,Bull shark,europe,2012,evening,aug,3
Unprovoked,france,tuamotus,N,"Lemon shark, 2.5m to 3m ",europe,2012,unknown,aug,3
Unprovoked,usa,california,N,,north america,2012,morning,jul,3
Unprovoked,australia,south australia,N,White shark or bronze whaler,oceania,2012,afternoon,jul,3
Unprovoked,usa,hawaii,N,,north america,2012,afternoon,jul,3
Unprovoked,usa,massachusetts,N,Thought to involve a white shark,north america,2012,afternoon,jul,3
Invalid,usa,north carolina,,Shark involvement not confirmed,north america,2012,morning,jul,3
Unprovoked,france,trois-bassins,Y,,europe,2012,afternoon,jul,3
Unprovoked,australia,western australia,Y,"White shark, 5m",oceania,2012,morning,jul,3
Unprovoked,usa,north carolina,N,,north america,2012,evening,jul,3
Unprovoked,bahamas,eleuthera,N,,north america,2012,unknown,jul,3
Invalid,australia,victoria,,,oceania,2012,afternoon,jul,3
Watercraft,usa,california,N,14' to 18'shark,north america,2012,morning,jul,3
Unprovoked,south africa,western cape province,N,15' shark,africa,2012,afternoon,jul,3
Invalid,croatia,,,No shark involvement,europe,2012,unknown,jun,2
Unprovoked,usa,florida,N,possibly a bull shark,north america,2012,evening,jun,2
Unprovoked,usa,florida,N,,north america,2012,afternoon,jun,2
Unprovoked,usa,hawaii,N,a small reef shark,north america,2012,morning,jun,2
Unprovoked,australia,tasmania,N,,oceania,2012,unknown,jun,2
Unprovoked,usa,florida,N,,north america,2012,afternoon,jun,2
Unprovoked,australia,western australia,N,3 m shark,oceania,2012,morning,jun,2
Invalid,usa,south carolina,,No shark involvement,north america,2012,unknown,jun,2
Unprovoked,usa,north carolina,N,,north america,2012,morning,jun,2
Provoked,usa,florida,N,Nurse shark,north america,2012,afternoon,jun,2
Unprovoked,usa,south carolina,N,small blacktip shark?,north america,2012,afternoon,jun,2
Unprovoked,usa,south carolina,N,Shark involvement not confirmed,north america,2012,afternoon,jun,2
Unprovoked,usa,south carolina,N,small blacktip shark?,north america,2012,afternoon,jun,2
Unprovoked,usa,south carolina,N,Blacktip shark ,north america,2012,afternoon,jun,2
Unprovoked,australia,victoria,N,1.5 m shark,oceania,2012,morning,jun,2
Provoked,italy,sardinia,2017,"Blue shark, 2.5m",europe,2012,morning,jun,2
Unprovoked,australia,new south wales,N,"White shark, 2 m",oceania,2012,afternoon,jun,2
Unprovoked,usa,florida,N,,north america,2012,unknown,jun,2
Unprovoked,usa,south carolina,N,,north america,2012,evening,jun,2
Unprovoked,usa,north carolina,N,"18"" to 24"" shark",north america,2012,afternoon,may,2
Unprovoked,mexico,guerrero,N,"Bull shark, 3m",north america,2012,morning,may,2
Unprovoked,usa,florida,N,4' to 5' shark,north america,2012,afternoon,may,2
Watercraft,usa,hawaii,N,"Tiger shark, 8' to 9' ",north america,2012,morning,may,2
Unprovoked,fiji,,N,,oceania,2012,unknown,may,2
Watercraft,usa,california,N,White shark,north america,2012,afternoon,may,2
Unprovoked,usa,florida,N,,north america,2012,morning,may,2
Unprovoked,usa,california,N,White shark,north america,2012,morning,may,2
Unprovoked,usa,florida,N,5' shark,north america,2012,evening,apr,2
Unprovoked,south africa,western cape province,Y,"White shark, 4 m to 5m ",africa,2012,afternoon,apr,2
Watercraft,australia,south australia,N,"White shark, 6m ",oceania,2012,unknown,apr,2
Unprovoked,usa,hawaii,N,"Tiger shark, 10'  ",north america,2012,afternoon,apr,2
Unprovoked,usa,florida,N,a small shark,north america,2013,unknown,apr,2
Unprovoked,australia,western australia,Y,"White shark, 4m ",oceania,2012,morning,mar,1
Unprovoked,usa,florida,N,,north america,2012,afternoon,mar,1
Watercraft,australia,western australia,N,White shark,oceania,2012,morning,mar,1
Unprovoked,australia,queensland,N,Possibly a bull shark,oceania,2012,evening,mar,1
Unprovoked,usa,florida,N,Possibly a 5' to 6' bull shark,north america,2012,afternoon,mar,1
Unprovoked,usa,florida,N,4' to 5' shark,north america,2012,afternoon,mar,1
Unprovoked,usa,florida,N,4' to 5' shark,north america,2012,afternoon,mar,1
Unprovoked,new zealand,north island,N,,oceania,2012,evening,mar,1
Provoked,australia,victoria,N,"Tawny nurse shark, 40cm",oceania,2012,morning,mar,1
Unprovoked,france,saint-benoit,N,,europe,2012,afternoon,mar,1
Unprovoked,usa,florida,N,4' shark,north america,2012,afternoon,mar,1
Provoked,usa,florida,N,Spinner shark,north america,2012,afternoon,feb,1
Unprovoked,australia,new south wales,N,Grey nurse shark,oceania,2012,afternoon,feb,1
Watercraft,south africa,western cape province,N,"White shark, 7m",africa,2012,unknown,feb,1
Unprovoked,australia,queensland,N,,oceania,2012,afternoon,feb,1
Unprovoked,usa,hawaii,N,6' to 8' shark,north america,2012,morning,jan,1
Unprovoked,australia,western australia,N,"Tiger shark, 3m",oceania,2012,afternoon,jan,1
Unprovoked,bahamas,,N,Tiger shark,north america,2012,unknown,jan,1
Unprovoked,australia,new south wales,N,"White shark, 2.7 m",oceania,2012,afternoon,jan,1
Unprovoked,south africa,eastern cape province,Y,Thought to involve a bull shark,africa,2012,afternoon,jan,1
Unprovoked,usa,oregon,N,White shark,north america,2012,unknown,jan,1
Unprovoked,australia,new south wales,N,2 m shark,oceania,2012,evening,jan,1
Unprovoked,australia,queensland,N,Allegedly a 4 m tiger shark,oceania,2012,morning,jan,1
Unprovoked,usa,florida,N,,north america,2011,evening,dec,4
Unprovoked,usa,florida,N,,north america,2011,afternoon,dec,4
Provoked,usa,hawaii,N,7' to 8' shark ,north america,2011,unknown,dec,4
Watercraft,south africa,eastern cape province,N,,africa,2011,unknown,dec,4
Unprovoked,australia,new south wales,N,"White shark, 2.5m",oceania,2011,morning,dec,4
Invalid,south africa,kwazulu-natal,,Shark involvement not confirmed,africa,2011,unknown,dec,4
Unprovoked,australia,new south wales,N,Wobbegong shark,oceania,2011,unknown,dec,4
Unprovoked,usa,oregon,N,,north america,2011,morning,dec,4
Invalid,australia,queensland,,Shark involvement not confirmed,oceania,2011,unknown,dec,4
Unprovoked,australia,new south wales,N,,oceania,2011,morning,dec,4
Unprovoked,indonesia,bali,N,,asia,2011,afternoon,nov,4
Unprovoked,australia,queensland,N,Wobbegong shark?,oceania,2011,afternoon,nov,4
Watercraft,usa,california,N,"White shark, 15' to 16'",north america,2011,unknown,nov,4
Unprovoked,papua new guinea,east new britain,N,,oceania,2011,unknown,nov,4
Unprovoked,brazil,pernambuco,N,,south america,2011,unknown,nov,4
Unprovoked,france,bois-blanc,N,,europe,2011,morning,nov,4
Unprovoked,usa,california,N,White shark,north america,2011,unknown,oct,4
Unprovoked,united kingdom,moray,N,8' to 10' shark,europe,2011,unknown,oct,4
Provoked,south africa,kwazulu-natal,N,Raggedtooth shark,africa,2011,unknown,oct,4
Unprovoked,australia,western australia,Y,"White shark, 10'",oceania,2011,afternoon,oct,4
Unprovoked,usa,oregon,N,"White shark, 15'",north america,2011,unknown,oct,4
Unprovoked,australia,victoria,N,"Port Jackson shark, 1m",oceania,2011,afternoon,oct,4
Unprovoked,usa,florida,N,3' shark,north america,2011,unknown,oct,4
Unprovoked,usa,oregon,N,10' to 12' shark,north america,2011,unknown,oct,4
Unprovoked,australia,western australia,Y,,oceania,2011,morning,oct,4
Watercraft,france,,N,2 to 2.5 m shark,europe,2011,morning,oct,4
Unprovoked,usa,florida,N,,north america,2011,afternoon,oct,4
Unprovoked,usa,alabama,N,,north america,2011,unknown,oct,4
Invalid,usa,puerto rico,,No shark involvement,north america,2011,morning,sep,3
Unprovoked,south africa,western cape province,N,White shark,africa,2011,afternoon,sep,3
Unprovoked,usa,florida,N,"Bull shark, 6'",north america,2011,afternoon,sep,3
Unprovoked,usa,south carolina,N,,north america,2011,morning,sep,3
Watercraft,usa,hawaii,N,,north america,2011,afternoon,sep,3
Unprovoked,france,saint-gilles,Y,,europe,2011,afternoon,sep,3
Unprovoked,usa,florida,N,4' to 6' shark,north america,2011,morning,sep,3
Unprovoked,usa,california,N,,north america,2011,afternoon,sep,3
Unprovoked,papua new guinea,central province,N,"Tiger shark, 2m",oceania,2011,afternoon,sep,3
Unprovoked,usa,hawaii,N,,north america,2011,afternoon,sep,3
Unprovoked,australia,western australia,Y,White shark,oceania,2011,afternoon,sep,3
Unprovoked,usa,florida,N,"6' shark, possibly a blactip or spinner shark",north america,2011,morning,sep,3
Unprovoked,usa,florida,N,6' shark,north america,2011,morning,aug,3
Invalid,australia,queensland,,Shark involvement prior to death not confirmed,oceania,2011,evening,aug,3
Unprovoked,usa,texas,N,,north america,2011,evening,aug,3
Unprovoked,usa,north carolina,N,,north america,2011,unknown,aug,3
Unprovoked,usa,north carolina,N,,north america,2011,afternoon,aug,3
Unprovoked,south africa,western cape province,Y,"White shark, >6'",africa,2011,morning,aug,3
Unprovoked,usa,north carolina,N,Possibly a 5' to 6' sandtiger shark,north america,2011,evening,aug,3
Invalid,usa,north carolina,,Shark involvement not confirmed,north america,2011,afternoon,aug,3
Unprovoked,france,society islands,N,Grey reef shark ,europe,2011,afternoon,aug,3
Unprovoked,usa,puerto rico,N,,north america,2011,night,aug,3
Invalid,usa,south carolina,N,Shark involvement not confirmed,north america,2011,unknown,aug,3
Unprovoked,usa,north carolina,N,,north america,2011,afternoon,aug,3
Invalid,brazil,pernambuco,,Shark involvement prior to death not confirmed,south america,2011,unknown,jul,3
Sea Disaster,philippines,,N,,asia,2011,unknown,jul,3
Unprovoked,usa,new jersey,N,,north america,2011,night,jul,3
Unprovoked,south africa,eastern cape province,N,"White shark, 3m to 4m",africa,2011,morning,jul,3
Unprovoked,usa,north carolina,N,,north america,2011,evening,jul,3
Watercraft,france,saint-gilles,N,,europe,2011,evening,jul,3
Unprovoked,usa,texas,N,,north america,2011,evening,jul,3
Unprovoked,bahamas,grand bahama island,N,,north america,2011,afternoon,jul,3
Unprovoked,usa,texas,N,,north america,2011,evening,jul,3
Unprovoked,usa,texas,N,,north america,2011,unknown,jul,3
Unprovoked,france,saint-gilles,N,,europe,2011,afternoon,jul,3
Unprovoked,brazil,pernambuco,N,,south america,2011,morning,jun,2
Unprovoked,south africa,kwazulu-natal,N,"Bull shark, 3m female",africa,2011,afternoon,jun,2
Unprovoked,usa,north carolina,N,"Bull shark, 6'",north america,2008,afternoon,jun,2
Unprovoked,usa,california,N,"White shark, 5' k",north america,2011,afternoon,jun,2
Unprovoked,usa,florida,N,,north america,2011,afternoon,jun,2
Unprovoked,france,saint-gilles-les-bains,Y,,europe,2011,evening,jun,2
Watercraft,united kingdom,cornwall,N,"Oceanic whitetip shark, 7'",europe,2011,unknown,jun,2
Unprovoked,usa,florida,N,"Blacktip shark, 4'",north america,2011,afternoon,jun,2
Unprovoked,usa,california,N,"Sevengill shark, 6' to 8'",north america,2011,unknown,jun,2
Unprovoked,usa,florida,N,3' to 4' shark,north america,2011,afternoon,jun,2
Unprovoked,usa,texas,N,,north america,2011,afternoon,may,2
Unprovoked,south africa,western cape province,N,White shark,africa,2011,unknown,may,2
Unprovoked,usa,hawaii,N,"Tiger shark, 10'",north america,2011,afternoon,may,2
Unprovoked,usa,hawaii,N,Tiger shark,north america,2011,afternoon,may,2
Unprovoked,south africa,kwazulu-natal,Y,Zambesi shark,africa,2011,afternoon,may,2
Unprovoked,usa,florida,N,,north america,2011,afternoon,may,2
Unprovoked,new caledonia,north province,Y," Tiger shark, 2.8m",new caledonia,2011,morning,may,2
Unprovoked,usa,florida,N,,north america,2011,morning,may,2
Provoked,usa,florida,N,"Sandbar shark, 8'",north america,2011,unknown,may,2
Unprovoked,south africa,kwazulu-natal,N,,africa,2011,unknown,may,2
Unprovoked,usa,florida,N,"Bull shark, 12'",north america,2011,unknown,apr,2
Unprovoked,australia,western australia,N,"reef shark, 1.5m",oceania,2011,afternoon,apr,2
Unprovoked,usa,florida,N,1' to 2' shark,north america,2011,afternoon,apr,2
Unprovoked,new zealand,south island,N,possibly a bronze whaler shark,oceania,2011,afternoon,apr,2
Unprovoked,indonesia,bali,N," Bull shark, 2.5 m",asia,2011,morning,apr,2
Unprovoked,fiji,vitu levu,N,,oceania,2011,afternoon,apr,2
Provoked,usa,texas,N,Blacktip shark pup,north america,2011,unknown,mar,1
Unprovoked,mexico,quintana roo,N,Bull shark,north america,2011,unknown,mar,1
Unprovoked,australia,new south wales,N,"Bull shark, 2.5m",oceania,2011,evening,mar,1
Unprovoked,mexico,quintana roo,N,,north america,2011,unknown,mar,1
Unprovoked,fiji,,N,,oceania,2011,afternoon,mar,1
Unprovoked,australia,new south wales,N,3 m to 4 m shark,oceania,2011,afternoon,mar,1
Invalid,egypt,south sinai peninsula,,,africa,2010,unknown,mar,1
Unprovoked,australia,new south wales,N,,oceania,2011,unknown,mar,1
Provoked,australia,queensland,N,"Bull shark, 2m",oceania,2011,morning,feb,1
Unprovoked,new caledonia,loyalty islands,N,1.5 m shark,new caledonia,2011,afternoon,feb,1
Unprovoked,france,saint gilles,N,,europe,2011,evening,feb,1
Unprovoked,australia,south australia,Y,White shark x 2,oceania,2011,evening,feb,1
Provoked,australia,queensland,N,1 m shark,oceania,2011,morning,feb,1
Unprovoked,australia,western australia,N,,oceania,2011,afternoon,feb,1
Provoked,mexico,colima,N,,north america,2011,unknown,feb,1
Unprovoked,south africa,eastern cape province,N,,africa,2011,unknown,feb,1
Unprovoked,mexico,quintana roo,N,6' shark,north america,2011,afternoon,jan,1
Provoked,mexico,colima,N,,north america,2011,unknown,jan,1
Unprovoked,bahamas,west end,N,Caribbean reef shark,north america,2011,afternoon,jan,1
Invalid,australia,new south wales,,Shark involvement not confirmed,oceania,2011,evening,jan,1
Unprovoked,south africa,eastern cape province,Y,,africa,2011,afternoon,jan,1
Unprovoked,mexico,quintana roo,N,,north america,2011,unknown,jan,1
Watercraft,australia,western australia,N,White shark,oceania,2011,afternoon,jan,1
Unprovoked,usa,hawaii,N,6' shark,north america,2010,afternoon,dec,4
Unprovoked,fiji,vitu levu,N,,oceania,2010,unknown,dec,4
Unprovoked,usa,hawaii,N,,north america,2010,afternoon,dec,4
Unprovoked,egypt,south sinai peninsula,Y,"Oceanic whitetip shark, 2.5m ",africa,2010,afternoon,dec,4
Unprovoked,indonesia,bali,N,,asia,2010,unknown,dec,4
Unprovoked,egypt,south sinai peninsula,N,Mako shark ,africa,2010,morning,dec,4
Unprovoked,egypt,south sinai peninsula,N,Mako shark,africa,2010,morning,dec,4
Unprovoked,egypt,south sinai peninsula,N,"Oceanic whitetip shark, 2.5m, female",africa,2010,afternoon,nov,4
Unprovoked,egypt,south sinai peninsula,N,"Oceanic whitetip shark, 2.5m, female",africa,2010,afternoon,nov,4
Invalid,australia,western australia,,Shark involvement not confirmed,oceania,2010,unknown,nov,4
Provoked,usa,palmyra atoll,N,,north america,2010,afternoon,nov,4
Unprovoked,indonesia,bali,N,,asia,2010,unknown,nov,4
Watercraft,australia,western australia,N,White shark,oceania,2010,night,nov,4
Unprovoked,australia,western australia,N,White shark,oceania,2010,afternoon,oct,4
Unprovoked,australia,western australia,N,,oceania,2010,unknown,oct,4
Unprovoked,usa,oregon,N,,north america,2010,afternoon,oct,4
Unprovoked,usa,maine,N,"Porbeagle shark, 8' ",north america,2010,afternoon,oct,4
Unprovoked,australia,western australia,N,,oceania,2010,unknown,oct,4
Unprovoked,usa,california,Y,"White shark, 14' to 18' ",north america,2010,morning,oct,4
Unprovoked,egypt,south sinai peninsula,N,,africa,2010,unknown,oct,4
Unprovoked,australia,new south wales,N,"Bull shark, 1.4m ",oceania,2010,afternoon,oct,4
Unprovoked,bahamas,exuma islands,N,Lemon shark,north america,2010,unknown,oct,4
Unprovoked,bahamas,abaco islands,N,Possibly a 6' lemon shark,north america,2010,afternoon,oct,4
Unprovoked,south africa,western cape province,N,,africa,2010,afternoon,oct,4
Unprovoked,usa,oregon,N,White shark,north america,2010,afternoon,sep,3
Unprovoked,usa,virginia,N,,north america,2010,afternoon,sep,3
Unprovoked,south africa,western cape province,Y,White shark,africa,2010,unknown,sep,3
Unprovoked,australia,new south wales,N,2m shark,oceania,2010,evening,sep,3
Unprovoked,usa,florida,N,3' shark,north america,2010,unknown,sep,3
Unprovoked,usa,florida,N,,north america,2010,unknown,sep,3
Unprovoked,usa,florida,N,,north america,2010,afternoon,sep,3
Unprovoked,usa,florida,N,,north america,2010,morning,sep,3
Unprovoked,solomon islands,western province,N,,oceania,2010,unknown,sep,3
Invalid,bahamas,exuma islands,,Shark involvement prior to death was not confirmed,north america,2010,unknown,aug,3
Unprovoked,usa,florida,N,,north america,2010,morning,aug,3
Unprovoked,australia,western australia,Y,White shark,oceania,2010,morning,aug,3
Watercraft,usa,california,N,White shark,north america,2010,unknown,aug,3
Provoked,australia,queensland,N,,oceania,2010,evening,aug,3
Unprovoked,australia,new south wales,N,,oceania,2010,morning,aug,3
Unprovoked,usa,north carolina,N,,north america,2010,afternoon,aug,3
Invalid,usa,florida,,Shark involvement not confirmed,north america,2010,evening,aug,3
Watercraft,usa,california,N,"White shark, 15'",north america,2010,afternoon,aug,3
Unprovoked,usa,florida,N,3' to 4' shark,north america,2010,morning,aug,3
Unprovoked,usa,south carolina,N,4' shark,north america,2010,unknown,jul,3
Unprovoked,usa,florida,N,,north america,2010,afternoon,jul,3
Unprovoked,usa,south carolina,N,Possibly a small blacktip shark,north america,2010,morning,jul,3
Unprovoked,usa,north carolina,N,"Sandtiger shark, 4' to 5'",north america,2010,afternoon,jul,3
Unprovoked,usa,florida,N,A small spinner shark,north america,2010,unknown,jul,3
Provoked,spain,grand canary island,N,Angel shark,europe,2010,evening,jul,3
Unprovoked,usa,texas,N,,north america,2010,unknown,jul,3
Provoked,usa,florida,N,"Nurse shark, juvenile ",north america,2010,unknown,jul,3
Unprovoked,south africa,kwazulu-natal,N,,africa,2010,unknown,jul,3
Provoked,usa,new york,N,"Blue shark, 7'",north america,2010,afternoon,jul,3
Unprovoked,usa,california,N,4' shark,north america,2010,evening,jul,3
Unprovoked,usa,california,N,8' shark,north america,2010,afternoon,jul,3
Unprovoked,usa,texas,N,"Bull shark, 5'",north america,2010,unknown,jun,2
Unprovoked,usa,south carolina,N,,north america,2010,unknown,jun,2
Unprovoked,usa,north carolina,N,,north america,2010,afternoon,jun,2
Unprovoked,usa,florida,N,4' shark,north america,2010,afternoon,jun,2
Unprovoked,australia,western australia,N,,oceania,2010,afternoon,jun,2
Unprovoked,usa,florida,N,,north america,2010,unknown,jun,2
Provoked,usa,florida,N,"Lemon shark, 4'",north america,2010,morning,may,2
Unprovoked,australia,new south wales,N,,oceania,2010,afternoon,may,2
Unprovoked,usa,florida,N,4' shark,north america,2010,morning,may,2
Provoked,usa,florida,N,"Lemon shark, 6'",north america,2010,afternoon,apr,2
Unprovoked,usa,hawaii,N,14' shark,north america,2010,afternoon,apr,2
Unprovoked,south africa,eastern cape province,N,2 m shark,africa,2010,morning,apr,2
Unprovoked,egypt,sinai peninsula,N,"Oceanic whitetip shark, 6'",africa,2010,afternoon,apr,2
Unprovoked,france,saint-benoit,N,1.5 m shark,europe,2010,morning,mar,1
Unprovoked,new zealand,south island,N,Possibly a blue shark,oceania,2010,night,feb,1
Unprovoked,south africa,eastern cape province,N,3 m shark,africa,2010,morning,feb,1
Unprovoked,fiji,off vanua levu,Y,,oceania,2010,morning,feb,1
Unprovoked,australia,queensland,N,2 m shark,oceania,2010,afternoon,feb,1
Unprovoked,australia,new south wales,N,"Wobbegong shark, 1.6m",oceania,2010,morning,feb,1
Provoked,new zealand,south island,N,2 m to 3 m shark,oceania,2010,unknown,feb,1
Unprovoked,australia,new south wales,N,"White shark, 2.5m",oceania,2010,afternoon,feb,1
Provoked,usa,florida,N,"Spinner shark, 6'",north america,2010,afternoon,feb,1
Invalid,usa,merizo,,Invalid,north america,2010,morning,feb,1
Unprovoked,usa,florida,Y,,north america,2010,afternoon,feb,1
Provoked,new zealand,south island,N,1.5 m shark,oceania,2010,evening,feb,1
Unprovoked,brazil,rio grande do sul,N,Thought to involve a juvenile hammerhead shark,south america,2010,unknown,jan,1
Unprovoked,australia,queensland,N,,oceania,2010,afternoon,jan,1
Unprovoked,australia,victoria,N,,oceania,2010,morning,jan,1
Unprovoked,south africa,western province,Y,White shark,africa,2010,afternoon,jan,1
Unprovoked,australia,torres strait,N,"Whitetip reef shark, 1m",oceania,2010,unknown,jan,1
Unprovoked,usa,florida,N,,north america,2010,morning,jan,1
Unprovoked,south africa,eastern province,N,,africa,2010,unknown,jan,1
Unprovoked,south africa,eastern cape  province,N,,africa,2009,morning,dec,4
Provoked,australia,new south wales,N,,oceania,2009,morning,dec,4
Unprovoked,mozambique,maputo province,N,"Zambesi shark, 2m ",africa,2009,afternoon,dec,4
Watercraft,australia,queensland,N,,oceania,2009,morning,dec,4
Unprovoked,australia,queensland,N,"Bull shark, 3m",oceania,2009,morning,dec,4
Unprovoked,south africa,eastern cape province,Y,,africa,2009,afternoon,dec,4
Invalid,south africa,kwazulu-natal,,No shark involvement,africa,2009,unknown,dec,4
Unprovoked,new zealand,south island,Y,"White shark, 2.8 to 3 m ",oceania,2009,unknown,dec,4
Unprovoked,australia,new south wales,N,,oceania,2009,morning,dec,4
Watercraft,australia,new south wales,N,White shark,oceania,2009,morning,dec,4
Provoked,usa,new jersey,N,"Sandtiger shark, 8'",north america,2009,afternoon,dec,4
Invalid,usa,california,,Shark involvement not confirmed,north america,2009,afternoon,nov,4
Unprovoked,usa,florida,N,6' shark,north america,2009,morning,nov,4
Unprovoked,usa,california,N,Thresher shark,north america,2009,afternoon,nov,4
Unprovoked,usa,florida,N,,north america,2009,morning,nov,4
Unprovoked,usa,florida,N,,north america,2009,afternoon,nov,4
Unprovoked,usa,florida,N,4' shark,north america,2009,afternoon,nov,4
Unprovoked,australia,south australia,N,2 m shark,oceania,2009,morning,nov,4
Unprovoked,usa,california,N,,north america,2009,evening,nov,4
Watercraft,australia,victoria,N,"White shark, 4m",oceania,2009,morning,oct,4
Unprovoked,mozambique,inhambane province,N,Zambesi shark,africa,2009,unknown,oct,4
Unprovoked,australia,new south wales,N,,oceania,2009,morning,oct,4
Unprovoked,usa,california,N,,north america,2009,evening,oct,4
Unprovoked,usa,hawaii,N,6' to 8' shark,north america,2009,morning,oct,4
Unprovoked,panama,bocas,N,,north america,2009,evening,oct,4
Provoked,united kingdom,fife,N,Angel shark,europe,2009,afternoon,oct,4
Unprovoked,australia,western australia,N,"Bull shark, 10'",oceania,2009,unknown,oct,4
Unprovoked,usa,california,N,,north america,2009,morning,oct,4
Provoked,united kingdom,devon,N,Spurdog,europe,2009,afternoon,oct,4
Unprovoked,usa,florida,N,"Bull shark, 8'",north america,2009,evening,sep,3
Provoked,brazil,pernambuco,Y,,south america,2009,unknown,sep,3
Invalid,usa,north carolina,Y,Shark involvement prior to death not confirmed,north america,2009,night,sep,3
Unprovoked,brazil,pernambuco,Y,,south america,2009,afternoon,sep,3
Provoked,solomon islands,makira-ulawa province,N,,oceania,2009,unknown,sep,3
Unprovoked,usa,california,N,4' shark,north america,2009,evening,aug,3
Unprovoked,south africa,western cape province,Y,White shark,africa,2009,afternoon,aug,3
Unprovoked,usa,california,N,"White shark, 5' to 6' juvenile ",north america,2009,afternoon,aug,3
Unprovoked,south africa,kwazulu-natal,N,"White shark, 2m",africa,2009,unknown,aug,3
Unprovoked,usa,florida,N,,north america,2009,evening,aug,3
Unprovoked,usa,hawaii,N,"Tiger shark, 12",north america,2009,morning,aug,3
Unprovoked,usa,louisiana,N,Bull shark?,north america,2009,morning,aug,3
Unprovoked,bahamas,abaco islands,N,Bull shark,north america,2009,unknown,jul,3
Unprovoked,australia,new south wales,N,,oceania,2009,morning,jul,3
Unprovoked,usa,texas,N,,north america,2009,afternoon,jul,3
Invalid,spain,catalunya,,Shark involvement questionable,europe,2009,morning,jul,3
Unprovoked,usa,north carolina,N,,north america,2009,afternoon,jul,3
Unprovoked,usa,florida,N,,north america,2009,afternoon,jul,3
Provoked,bahamas,,N,"Caribbean reef shark, 6'",north america,2009,unknown,jul,3
Unprovoked,usa,california,N,5' shark,north america,2009,morning,jul,3
Unprovoked,south africa,western cape province,N,,africa,2009,morning,jul,3
Unprovoked,usa,florida,N,,north america,2009,afternoon,jul,3
Provoked,usa,florida,N,"Nurse shark, 6'",north america,2009,unknown,jul,3
Unprovoked,australia,new south wales,N,"Thought to involve a Bronze whale shark, 2m",oceania,2009,morning,jun,2
Invalid,usa,california,,Shark involvement not confirmed,north america,2009,unknown,jun,2
Invalid,usa,florida,,"Shark involvement probable, but not confirmed",north america,2009,evening,jun,2
Unprovoked,egypt,st. johns reef,N,Oceanic whitetip shark,africa,2009,unknown,jun,2
Unprovoked,egypt,st. johns reef,N,Oceanic whitetip shark,africa,2009,unknown,jun,2
Unprovoked,egypt,st. johns reef,Y,"Oceanic whitetip shark, 2.5 to 3m",africa,2009,morning,jun,2
Provoked,usa,florida,N,5' to 8' shark,north america,2009,evening,may,2
Unprovoked,usa,florida,N,blacktip or spinner shark,north america,2009,morning,may,2
Unprovoked,usa,florida,N,blacktip or spinner shark,north america,2009,morning,may,2
Unprovoked,usa,florida,N,blacktip or spinner shark,north america,2009,morning,may,2
Provoked,usa,north region,N,"Blacktip shark, 4'",north america,2009,afternoon,may,2
Provoked,bahamas,exuma islands,N,7' shark,north america,2009,unknown,mar,1
Unprovoked,usa,florida,N,,north america,2009,afternoon,apr,2
Unprovoked,usa,california,N,,north america,2009,morning,apr,2
Unprovoked,usa,florida,N,,north america,2009,afternoon,apr,2
Unprovoked,philippines,batangas province,N,,asia,2009,morning,apr,2
Unprovoked,usa,florida,N,,north america,2009,afternoon,apr,2
Unprovoked,usa,florida,N,2' to 3' shark,north america,2009,afternoon,apr,2
Invalid,usa,hawaii,,Shark involvement not confirmed,north america,2009,unknown,apr,2
Unprovoked,australia,new south wales,N,2' to 3' shark,oceania,2009,morning,apr,2
Invalid,south africa,kwazulu-natal,,Shark involvement not confirmed,africa,2009,morning,apr,2
Unprovoked,usa,california,N,"White shark, 12' to 15' female",north america,2009,morning,apr,2
Unprovoked,usa,florida,N,,north america,2009,afternoon,apr,2
Provoked,south africa,eastern cape province,N,Raggedtooth shark,africa,2009,unknown,mar,1
Unprovoked,south africa,eastern cape province,Y,,africa,2009,afternoon,mar,1
Unprovoked,australia,new south wales,N,Bronze whaler shark?,oceania,2009,evening,mar,1
Unprovoked,australia,new south wales,N,,oceania,2009,morning,mar,1
Unprovoked,australia,new south wales,N,,oceania,2009,morning,mar,1
Unprovoked,usa,florida,N,3' to 4' shark,north america,2009,evening,mar,1
Unprovoked,usa,hawaii,N,Thought to involve a cookiecutter shark,north america,2009,evening,mar,1
Provoked,australia,western australia,N,"Wobbegong shark, 60cm",oceania,2009,unknown,mar,1
Unprovoked,new caledonia,south province,Y,,new caledonia,2009,morning,mar,1
Provoked,south africa,western cape province,N,"Blue shark, 1m",africa,2009,afternoon,mar,1
Watercraft,new zealand,north island,N,,oceania,2009,unknown,mar,1
Unprovoked,australia,new south wales,N,2.6 m shark,oceania,2009,morning,mar,1
Unprovoked,australia,queensland,N,,oceania,2009,morning,feb,1
Unprovoked,australia,new south wales,N,,oceania,2009,evening,feb,1
Unprovoked,australia,new south wales,N,"White shark, 2.5m ",oceania,2009,evening,feb,1
Unprovoked,australia,new south wales,N,"Bull shark, 2.7 m ",oceania,2009,morning,feb,1
Sea Disaster,usa,puerto rico,Y,,north america,2009,unknown,feb,1
Unprovoked,australia,new south wales,N,"White shark, 12' ",oceania,2009,morning,feb,1
Unprovoked,australia,new south wales,N,,oceania,2009,morning,feb,1
Invalid,brazil,,,Shark involvement prior to death was not confirmed,south america,2009,unknown,jan,1
Unprovoked,cuba,guantanamo province,N,Bull shark,north america,2009,morning,jan,1
Watercraft,new zealand,north island,N,,oceania,2009,evening,jan,1
Unprovoked,australia,new south wales,N,,oceania,2009,afternoon,jan,1
Unprovoked,south africa,eastern cape province,Y,Tiger shark,africa,2009,afternoon,jan,1
Invalid,brazil,maranhão,,Invalid,south america,2009,unknown,jan,1
Watercraft,australia,victoria,N,"White shark, 5.5 m ",oceania,2009,morning,jan,1
Unprovoked,new zealand,south island,N,,oceania,2009,unknown,jan,1
Unprovoked,south africa,western cape province,Y,White sharks,africa,2009,unknown,jan,1
Unprovoked,australia,new south wales,N,"Dusky shark, 2m",oceania,2009,morning,jan,1
Unprovoked,australia,tasmania,N,"White shark, 5m",oceania,2009,afternoon,jan,1
Unprovoked,australia,new south wales,N,"White shark, 3.5m",oceania,2009,morning,jan,1
Watercraft,new zealand,north island,N,"Mako shark, 3m",oceania,2009,unknown,jan,1
Unprovoked,new zealand,north island,N,Broadnose sevengill shark,oceania,2009,evening,jan,1
Unprovoked,cuba,guantanamo province,N,Bull shark,north america,2009,unknown,jan,1
Invalid,australia,western australia,,No shark involvement,oceania,2008,morning,dec,4
Watercraft,australia,tasmania,N,2 m shark,oceania,2008,unknown,dec,4
Unprovoked,australia,new south wales,N,,oceania,2008,unknown,dec,4
Watercraft,australia,new south wales,N,"White shark, 4m to 5m ",oceania,2008,morning,dec,4
Unprovoked,australia,western australia,Y,4 to 5m white shark,oceania,2008,morning,dec,4
Watercraft,usa,california,N,White shark,north america,2008,afternoon,dec,4
Unprovoked,new zealand,north island,N,Bronze whaler shark?,oceania,2008,unknown,dec,4
Provoked,south africa,western cape province,N,"Raggedtooth shark, 2m",africa,2008,evening,dec,4
Watercraft,australia,new south wales,N,"White shark, 4.5 to 5 m ",oceania,2006,morning,dec,4
Unprovoked,mozambique,inhambane province,Y,Zambesi shark?,africa,2008,unknown,dec,4
Unprovoked,egypt,red sea,N,Oceanic whitetip shark,africa,2008,morning,nov,4
Sea Disaster,philippines,batanes provine,N,,asia,2008,unknown,nov,4
Watercraft,australia,south australia,N,Bronze whaler shark,oceania,2008,unknown,nov,4
Unprovoked,philippines,luzon,Y,,asia,2008,morning,nov,4
Provoked,australia,new south wales,N,"Grey nurse shark, 3m",oceania,2008,evening,oct,4
Unprovoked,new caledonia,,N,Lemon shark,new caledonia,2008,morning,oct,4
Provoked,australia,northern territory,N," reef shark, 1.8m",oceania,2008,unknown,oct,4
Unprovoked,australia,new south wales,N,,oceania,2008,afternoon,oct,4
Unprovoked,usa,florida,N,,north america,2008,afternoon,oct,4
Unprovoked,croatia,"split-dalmatia count,",N,5 m white shark,europe,2008,afternoon,oct,4
Unprovoked,usa,florida,N,,north america,2008,morning,sep,3
Unprovoked,usa,florida,N,+3' shark,north america,2008,morning,sep,3
Provoked,australia,northern territory,N,Bronze whaler shark,oceania,2008,afternoon,sep,3
Unprovoked,usa,florida,N,2' to 3' juvenile shark,north america,2008,afternoon,sep,3
Unprovoked,usa,hawaii,N,Tiger shark,north america,2008,afternoon,sep,3
Unprovoked,usa,california,N,"White shark, 14' to 16' ",north america,2008,morning,sep,3
Unprovoked,australia,new south wales,N,3 m shark,oceania,2008,afternoon,sep,3
Unprovoked,usa,florida,N,,north america,2008,afternoon,sep,3
Unprovoked,usa,florida,N,,north america,2008,afternoon,sep,3
Unprovoked,usa,florida,N,4' shark,north america,2008,morning,sep,3
Unprovoked,usa,florida,N,,north america,2008,morning,sep,3
Unprovoked,australia,new south wales,N,,oceania,2008,unknown,aug,3
Invalid,usa,hawaii,,Shark involvement not confirmed,north america,2008,evening,aug,3
Provoked,united kingdom,north devon,N,Blue shark,europe,2008,unknown,aug,3
Unprovoked,usa,florida,N,,north america,2008,afternoon,aug,3
Unprovoked,usa,florida,N,6' shark,north america,2008,morning,aug,3
Unprovoked,usa,florida,N,,north america,2008,afternoon,aug,3
Invalid,usa,north carolina,,Shark involvement not confirmed,north america,2008,evening,aug,3
Unprovoked,usa,florida,N,,north america,2008,afternoon,aug,3
Invalid,usa,south carolina,,Shark involvement not confirmed,north america,2008,unknown,aug,3
Unprovoked,usa,us virgin islands,N,8' bull shark or Caribbean reef shark,north america,2008,evening,aug,3
Unprovoked,usa,florida,N,,north america,2008,afternoon,aug,3
Unprovoked,usa,hawaii,N,"Tiger shark, 12'",north america,2008,afternoon,aug,3
Unprovoked,australia,victoria,N,8' white shark or 7-gill shark,oceania,2008,morning,jul,3
Unprovoked,south africa,,N,White shark,africa,2008,unknown,jul,3
Unprovoked,panama,san carlos,N,3'  shark,north america,2008,evening,jul,3
Unprovoked,mexico,cabo san lucas,N,2'  shark,north america,2008,unknown,jul,3
Unprovoked,usa,hawaii,N,2' to 3' reef shark,north america,2008,afternoon,jul,3
Unprovoked,usa,florida,N,,north america,2008,morning,jul,3
Unprovoked,usa,hawaii,N,,north america,2008,morning,jul,3
Unprovoked,usa,north carolina,N,3' shark,north america,2008,unknown,jul,3
Unprovoked,usa,north carolina,N,3' to 4' shark,north america,2008,afternoon,jul,3
Provoked,usa,florida,N,,north america,2008,afternoon,jul,3
Unprovoked,usa,florida,N,4' shark,north america,2008,afternoon,jul,3
Unprovoked,egypt,,N,Oceanic whitetip shark,africa,2008,unknown,jul,3
Invalid,usa,north carolina,,Shark involvement not confirmed,north america,2008,unknown,jul,3
Unprovoked,usa,south carolina,N,,north america,2008,afternoon,jul,3
Unprovoked,usa,north carolina,N,,north america,2008,evening,jul,3
Unprovoked,usa,south carolina,N,,north america,2008,afternoon,jul,3
Watercraft,united kingdom,sussex,N,"Starry smoothhound shark, 1m",europe,2008,unknown,jul,3
Invalid,usa,hawaii,,Shark involvement prior to death not confirmed,north america,2008,afternoon,jun,2
Unprovoked,bahamas,abaco islands,N,"Bull shark, 6' to 7'",north america,2008,morning,jun,2
Unprovoked,south africa,western cape province,N,"White shark, 2m",africa,2008,afternoon,jun,2
Unprovoked,south africa,western cape province,N,"White shark, 4.5m",africa,2008,unknown,jun,2
Unprovoked,usa,florida,N,,north america,2008,afternoon,jun,2
Unprovoked,usa,south carolina,N,4.5 to 5' shark,north america,2008,morning,jun,2
Unprovoked,brazil,bahia,N,,south america,2008,morning,jun,2
Watercraft,usa,california,N,"White shark, 15'",north america,2008,morning,jun,2
Unprovoked,usa,florida,N,,north america,2008,morning,jun,2
Unprovoked,brazil,pernambuco,N,,south america,2008,unknown,jun,2
Unprovoked,usa,florida,N,,north america,2008,unknown,jun,2
Watercraft,united kingdom,easter ross,N,Basking shark,europe,2008,unknown,jun,2
Unprovoked,usa,south carolina,N,5' shark,north america,2008,evening,jun,2
Unprovoked,brazil,pernambuco,N,Bull shark,south america,2008,afternoon,jun,2
Unprovoked,usa,north carolina,N,,north america,2008,afternoon,may,2
Sea Disaster,bahamas,grand bahama island,N,Tiger sharks in area,north america,2008,unknown,may,2
Unprovoked,mexico,guerro,N,3 m shark,north america,2008,morning,may,2
Unprovoked,mexico,guerro,Y,2 m shark,north america,2008,unknown,may,2
Unprovoked,fiji,yasawa islands,Y,,oceania,2008,night,may,2
Unprovoked,australia,western australia,N,"White shark, 4m",oceania,2008,morning,may,2
Unprovoked,new caledonia,north province,N,2 small bull sharks,new caledonia,2008,afternoon,may,2
Unprovoked,usa,florida,N,,north america,2008,unknown,may,2
Provoked,south africa,,N,,africa,2008,unknown,may,2
Unprovoked,mexico,guerro,Y,Tiger shark,north america,2008,afternoon,apr,2
Unprovoked,usa,florida,N,4' shark,north america,2008,morning,apr,2
Unprovoked,usa,florida,N,,north america,2008,morning,apr,2
Unprovoked,new caledonia,north province,N,"Bull shark, 1.8m",new caledonia,2008,morning,apr,2
Provoked,usa,florida,N,,north america,2008,morning,apr,2
Unprovoked,usa,california,Y,"White shark, 12' to 15'",north america,2008,morning,apr,2
Unprovoked,usa,florida,N,,north america,2008,morning,apr,2
Unprovoked,australia,new south wales,UNKNOWN,"Tiger shark, 2.3m ",oceania,2008,unknown,apr,2
Invalid,south africa,kwazulu-natal,,"Tiger shark, 13' female",africa,2008,unknown,apr,2
Invalid,mexico,quintana roo,,"Reported by media as shark attack, but shark involvement prior to death was not confirmed",north america,2008,evening,apr,2
Invalid,australia,queensland,,Shark involvement not confirmed; thought to be a barracuda bite,oceania,2008,morning,apr,2
Unprovoked,usa,florida,N,1.5' to 2' shark,north america,2008,afternoon,apr,2
Unprovoked,fiji,,N,,oceania,2008,unknown,apr,2
Unprovoked,usa,florida,N,6' shark,north america,2008,unknown,mar,1
Unprovoked,usa,florida,N,,north america,2008,unknown,apr,2
Unprovoked,australia,new south wales,Y,Bull shark,oceania,2008,morning,apr,2
Unprovoked,usa,florida,N,,north america,2008,afternoon,apr,2
Unprovoked,south africa,kwazulu-natal,N,,africa,2008,unknown,mar,1
Unprovoked,usa,florida,N,4' to 5' shark,north america,2008,evening,mar,1
Unprovoked,usa,florida,N,a small shark,north america,2008,unknown,mar,1
Unprovoked,usa,florida,N,2.5' shark,north america,2008,morning,mar,1
Unprovoked,usa,florida,N,,north america,2008,afternoon,mar,1
Unprovoked,usa,florida,N,Shark involvement not confirmed,north america,2008,afternoon,mar,1
Unprovoked,usa,california,N,White shark,north america,2008,morning,mar,1
Unprovoked,bahamas,northern bahamas,Y,"A bull shark, according to some of the divers on the boat",north america,2008,morning,feb,1
Unprovoked,france,society islands,N,,europe,2008,unknown,feb,1
Unprovoked,usa,florida,N,,north america,2008,evening,feb,1
Unprovoked,australia,new south wales,N,1 m shark,oceania,2008,unknown,feb,1
Unprovoked,usa,florida,N,3' shark,north america,2008,unknown,feb,1
Provoked,japan,tokyo bay,,"Goblin shark, 4.2'",asia,2008,unknown,,0
Unprovoked,south africa,kwazulu-natal,N,"Blacktip shark, 2m",africa,2008,unknown,jan,1
Provoked,australia,queensland,N,"Mako shark, 90kg",oceania,2008,morning,jan,1
Invalid,new zealand,south island,,No shark involvement,oceania,2008,unknown,jan,1
Watercraft,new zealand,north island,N,"Bronze whaler shark, 4m",oceania,2008,afternoon,jan,1
Unprovoked,usa,florida,N,a small shark,north america,2008,unknown,jan,1
Provoked,usa,florida,N,"Nurse shark, 10'",north america,2008,unknown,,0
Unprovoked,mexico,baja california,N,Possibly a hammerhead shark,north america,2008,unknown,,0
Invalid,united kingdom,green bay,,Invalid,europe,2007,unknown,dec,4
Unprovoked,australia,new south wales,N,2 m shark,oceania,2007,morning,dec,4
Unprovoked,australia,queensland,N,"""a small shark""",oceania,2007,unknown,dec,4
Invalid,australia,new south wales,,Not a shark attack; it was a hoax,oceania,2007,evening,dec,4
Unprovoked,usa,hawaii,N,Tiger shark,north america,2007,morning,dec,4
Unprovoked,new zealand,south island,N,,oceania,2007,unknown,dec,4
Unprovoked,brazil,pernambuco,N,2.27 m shark,south america,2007,unknown,dec,4
Provoked,australia,western australia,N,reef shark,oceania,2007,unknown,nov,4
Unprovoked,australia,new south wales,N,,oceania,2007,afternoon,nov,4
Unprovoked,south africa,western cape province,N,1.5 to 2 m shark,africa,2007,evening,nov,4
Unprovoked,usa,florida,N,4' to 5' shark,north america,2007,morning,nov,4
Unprovoked,usa,florida,N,5' shark,north america,2007,morning,nov,4
Unprovoked,south africa,eastern cape province,N,"White shark, 3m to 4m",africa,2007,morning,nov,4
Invalid,mexico,baja california,,Invalid,north america,2011,unknown,nov,4
Unprovoked,usa,hawaii,N,Tiger shark,north america,2007,afternoon,oct,4
Unprovoked,australia,new south wales,N,"White shark, 2.5m ",oceania,2007,morning,oct,4
Unprovoked,australia,queensland,N,Bronze whaler shark,oceania,2007,afternoon,oct,4
Unprovoked,usa,california,N,3' to 4' shark,north america,2007,evening,oct,4
Unprovoked,usa,florida,N,"Blacktip shark, 5'",north america,2007,morning,oct,4
Unprovoked,usa,california,N,,north america,2007,morning,sep,3
Sea Disaster,philippines,palawan,Y,,asia,2007,afternoon,sep,3
Unprovoked,new caledonia,loyalty islands,Y,White shark,new caledonia,2007,morning,sep,3
Unprovoked,bahamas,grand bahama island,N,Caribbean reef shark,north america,2007,afternoon,sep,3
Unprovoked,usa,california,N,White shark,north america,2007,morning,sep,3
Unprovoked,egypt,red sea,N,Oceanic whitetip sharks were in the vicinity,africa,2007,morning,sep,3
Invalid,usa,florida,,Shark involvement prior to death was not confirmed,north america,2007,unknown,sep,3
Unprovoked,usa,florida,N,4' shark,north america,2007,unknown,sep,3
Unprovoked,usa,florida,N,3' shark,north america,2007,evening,sep,3
Unprovoked,solomon islands,marovo lagoon,N,Gray reef shark,oceania,2007,evening,sep,3
Unprovoked,usa,florida,N,,north america,2007,morning,sep,3
Unprovoked,usa,florida,N,9.5' shark?,north america,2007,morning,sep,3
Unprovoked,usa,florida,N,"Nurse shark, 2' to 3' ",north america,2007,afternoon,sep,3
Unprovoked,usa,florida,N,,north america,2007,morning,sep,3
Unprovoked,usa,florida,N,,north america,2007,afternoon,sep,3
Unprovoked,usa,south carolina,N,,north america,2007,evening,sep,3
Unprovoked,usa,florida,N,"18"" to 24"" shark",north america,2007,morning,sep,3
Unprovoked,usa,florida,N,Possibly a spinner shark,north america,2007,morning,sep,3
Unprovoked,usa,hawaii,N,"Tiger shark, 10' to 12' ",north america,2007,afternoon,aug,3
Unprovoked,usa,california,N,"White shark, 12'",north america,2007,morning,aug,3
Unprovoked,usa,florida,N,3' shark,north america,2007,afternoon,aug,3
Unprovoked,usa,florida,N,3' shark,north america,2007,morning,aug,3
Provoked,usa,north carolina,N,Sand shark,north america,2007,unknown,aug,3
Provoked,usa,delaware,N,Sandtiger shark,north america,2007,evening,aug,3
Unprovoked,usa,florida,N,,north america,2007,evening,aug,3
Unprovoked,usa,florida,N,4' to 5' shark,north america,2007,afternoon,aug,3
Unprovoked,usa,south carolina,N,,north america,2007,morning,aug,3
Unprovoked,usa,florida,N,Possibly a 6' bull shark,north america,2007,night,aug,3
Unprovoked,usa,florida,N, ,north america,2007,evening,aug,3
Unprovoked,usa,florida,N,,north america,2007,evening,aug,3
Unprovoked,usa,south carolina,N,,north america,2007,afternoon,aug,3
Unprovoked,usa,south carolina,N,,north america,2007,afternoon,aug,3
Unprovoked,usa,florida,N,Possibly a 10' bull shark,north america,2007,afternoon,aug,3
Unprovoked,usa,florida,N,,north america,2007,afternoon,jul,3
Unprovoked,usa,california,N,,north america,2007,night,jul,3
Unprovoked,usa,california,N,"White shark, 12' ",north america,2007,unknown,jul,3
Watercraft,usa,california,N,White shark,north america,2007,morning,jul,3
Unprovoked,usa,hawaii,N, ,north america,2007,afternoon,jul,3
Unprovoked,australia,territory of cocos (keeling) islands,N,"Bronze whaler shark, 1.5 m ",oceania,2007,morning,jul,3
Unprovoked,usa,north carolina,N,2' to 3' shark,north america,2007,afternoon,jul,3
Invalid,usa,california,,Shark involvement not confirmed,north america,2007,morning,jul,3
Unprovoked,usa,north carolina,N,5' shark,north america,2007,afternoon,jul,3
Unprovoked,bahamas,abaco islands,N,"Bull shark, 5' ",north america,2007,morning,jul,3
Unprovoked,usa,florida,N,,north america,2007,afternoon,jul,3
Unprovoked,france,,N,2 m shark,europe,2007,afternoon,jul,3
Provoked,usa,florida,N,"Lemon shark, 6' female ",north america,2007,unknown,jun,2
Unprovoked,usa,california,N,,north america,2007,morning,jun,2
Unprovoked,usa,florida,N,4' shark,north america,2007,evening,jun,2
Unprovoked,usa,hawaii,N,Tiger shark,north america,2007,morning,jun,2
Invalid,usa,florida,,Shark involvement not confirmed,north america,2007,afternoon,jun,2
Unprovoked,usa,florida,N,3' to 4' shark,north america,2007,morning,jun,2
Unprovoked,australia,new south wales,N,,oceania,2007,unknown,jun,2
Unprovoked,usa,south carolina,N,,north america,2007,evening,may,2
Provoked,usa,virginia,N,A 10-year-old 94-pound pregnant blacktip reef shark,north america,2007,morning,may,2
Provoked,united kingdom,kent,N,"Lesser spotted dogfish, Scyliorhinus canicula, less than 80 cm in length",europe,2007,afternoon,may,2
Unprovoked,australia,western australia,N,2.5 m shark,oceania,2007,afternoon,may,2
Unprovoked,australia,victoria,N,10' shark,oceania,2007,evening,may,2
Unprovoked,usa,florida,N,4' to 5' shark,north america,2007,afternoon,may,2
Invalid,australia,new south wales,,Shark involvement prior to death was not confirmed,oceania,2007,afternoon,may,2
Unprovoked,usa,hawaii,N,"Tiger shark, 14' ",north america,2007,morning,may,2
Unprovoked,usa,florida,N,6' to 8' shark,north america,2007,morning,may,2
Provoked,bahamas,bimini islands,N,"Lemon shark, >1 m ",north america,2007,unknown,may,2
Unprovoked,australia,queensland,N,"""a small shark""",oceania,2007,evening,apr,2
Unprovoked,usa,florida,N,blacktip or spinner shark,north america,2007,afternoon,apr,2
Unprovoked,usa,florida,N,3' to 4' shark,north america,2007,evening,apr,2
Watercraft,usa,florida,N,"Bull shark, 10' ",north america,2007,unknown,apr,2
Unprovoked,new caledonia,south province,N,Tiger shark,new caledonia,2007,afternoon,apr,2
Unprovoked,usa,florida,N,,north america,2007,afternoon,apr,2
Unprovoked,usa,florida,N,3' shark,north america,2007,afternoon,mar,1
Unprovoked,usa,florida,N,,north america,2007,afternoon,mar,1
Unprovoked,usa,florida,N,4' to 5' shark,north america,2007,evening,mar,1
Unprovoked,australia,new south wales,N,1.5 m shark,oceania,2007,morning,mar,1
Provoked,usa,florida,N,5' shark,north america,2007,unknown,mar,1
Unprovoked,australia,queensland,N,2 to 2.5 m shark,oceania,2007,afternoon,mar,1
Unprovoked,usa,florida,N,,north america,2007,afternoon,mar,1
Provoked,new zealand,cook islans,N,Tiger shark,oceania,2007,unknown,mar,1
Unprovoked,australia,new south wales,N,,oceania,2007,morning,feb,1
Unprovoked,new caledonia,loyalty islands,N,,new caledonia,2007,unknown,feb,1
Unprovoked,new caledonia,north province,N,Tiger shark,new caledonia,2007,afternoon,jan,1
Watercraft,usa,florida,N,14' shark,north america,2007,night,jan,1
Unprovoked,australia,new south wales,N,"White shark, 3m",oceania,2007,morning,jan,1
Invalid,australia,new south wales,,Shark involvement prior to death was not confirmed,oceania,2007,unknown,jan,1
Unprovoked,south africa,eastern cape province,Y,Tiger shark,africa,2007,afternoon,jan,1
Unprovoked,australia,new south wales,N,2.4 m shark,oceania,2007,morning,jan,1
Invalid,usa,new york,,"24"" to 30"" shark",north america,2007,afternoon,jan,1
Unprovoked,usa,hawaii,N,"6' to 8' shark, possibly a tiger shark",north america,2007,morning,jan,1
Provoked,france,tahiti,,Silvertip shark,europe,2007,unknown,,0
Unprovoked,australia,victoria,N,2.5 to 3 m shark,oceania,2006,evening,dec,4
Unprovoked,new zealand,north island,N,2 to 3 m shark,oceania,2006,morning,dec,4
Unprovoked,usa,california,N,"White shark, 12' to 15' ",north america,2006,morning,dec,4
Provoked,south africa,kwazulu-natal,N,"Raggedtooth shark, 150-kg",africa,2006,evening,dec,4
Unprovoked,australia,western australia,N,"White shark, 5m ",oceania,2006,morning,dec,4
Sea Disaster,philippines,surigao del norte,Y,,asia,2006,afternoon,nov,4
Unprovoked,usa,hawaii,N,2 m to 3 m shark,north america,2006,afternoon,nov,4
Provoked,south africa,eastern cape province,N,"Bull shark, 1.5m ",africa,2006,afternoon,nov,4
Unprovoked,usa,oregon,N,"White shark, 16' ",north america,2006,unknown,oct,4
Unprovoked,usa,florida,N,,north america,2006,unknown,oct,4
Unprovoked,usa,florida,N,,north america,2006,morning,oct,4
Unprovoked,usa,texas,N,1' to 4' shark,north america,2006,unknown,oct,4
Unprovoked,usa,florida,N,3' to 3.5' shark,north america,2006,afternoon,oct,4
Unprovoked,bahamas,new providence island,N,,north america,2006,unknown,oct,4
Invalid,south africa,western cape province,,Invalid,africa,2006,unknown,sep,3
Unprovoked,usa,florida,N,,north america,2006,unknown,sep,3
Provoked,usa,florida,N,Nurse shark,north america,2006,unknown,sep,3
Unprovoked,usa,north carolina,N,,north america,2006,morning,sep,3
Unprovoked,usa,florida,N,Spinner shark,north america,2006,afternoon,sep,3
Unprovoked,usa,florida,N,5' shark,north america,2006,unknown,sep,3
Invalid,australia,queensland,,No shark involvement,oceania,2006,morning,sep,3
Unprovoked,brazil,,Y,,south america,2006,afternoon,sep,3
Unprovoked,usa,florida,N,3' shark,north america,2006,evening,sep,3
Unprovoked,usa,florida,N,,north america,2006,evening,sep,3
Unprovoked,south africa,western cape province,N,"White shark, 3.5m ",africa,2006,unknown,sep,3
Unprovoked,usa,oregon,N,,north america,2006,unknown,aug,3
Unprovoked,australia,south australia,N,"Bronze whaler shark, 6'",oceania,2006,afternoon,aug,3
Unprovoked,france,saint-gilles-les-bains,N,,europe,2006,evening,aug,3
Invalid,brazil,pernambuco,,Shark involvement prior to death was not confirmed,south america,2006,unknown,aug,3
Sea Disaster,italy,,Y,,europe,2006,unknown,aug,3
Unprovoked,france,saint-pierre,Y,,europe,2006,morning,aug,3
Unprovoked,south africa,western cape province,N,5 m shark,africa,2006,unknown,aug,3
Unprovoked,south africa,western cape province,N,White shark,africa,2006,morning,aug,3
Unprovoked,usa,north carolina,N,,north america,2006,afternoon,aug,3
Unprovoked,france,,N,"Bull shark, 1.5m ",europe,2006,unknown,aug,3
Provoked,usa,kentucky,N,small catsharks,north america,2006,unknown,jul,3
Unprovoked,usa,oregon,N,White shark?,north america,2006,afternoon,jul,3
Invalid,usa,california,N,"Thought to involve a mako shark, but possibly a sea lion",north america,2006,afternoon,jul,3
Unprovoked,usa,florida,N,,north america,2006,unknown,jul,3
Unprovoked,south africa,western cape province,N,"White shark, 3m to 4m",africa,2006,afternoon,jul,3
Unprovoked,usa,florida,N, ,north america,2006,afternoon,jul,3
Unprovoked,usa,texas,N,"Bull shark, 4' to 5' ",north america,2006,unknown,jul,3
Invalid,australia,torres strait,,Shark involvement prior to death was not confirmed,oceania,2006,unknown,jul,3
Unprovoked,usa,south carolina,N,"Angel shark, 1.2m ",north america,2006,morning,jul,3
Invalid,spain,alicante,,"Shark involvement not confirmed, injury may have been caused by a bluefish",europe,2006,unknown,jul,3
Unprovoked,usa,south carolina,N,,north america,2006,afternoon,jul,3
Unprovoked,brazil,pernambuco,Y,Bull or tiger shark,south america,2006,unknown,jul,3
Unprovoked,usa,florida,N,,north america,2006,evening,jul,3
Unprovoked,usa,florida,N,,north america,2006,afternoon,jul,3
Unprovoked,usa,south carolina,N,5' to 6' spinner or bull shark,north america,2006,morning,jul,3
Unprovoked,usa,florida,N,,north america,2006,afternoon,jul,3
Unprovoked,usa,florida,N,"1.8 m blacktip ""reef"" shark",north america,2006,unknown,jul,3
Unprovoked,usa,florida,N,"1.8 m blacktip ""reef"" shark",north america,2006,unknown,jul,3
Unprovoked,usa,florida,N,,north america,2006,morning,jun,2
Provoked,usa,florida,N,,north america,2006,afternoon,jun,2
Unprovoked,bahamas,andros islands,N,,north america,2006,afternoon,jun,2
Unprovoked,usa,florida,N,Possibly a 1' to 3' blacktip or spinner shark,north america,2006,afternoon,jun,2
Unprovoked,brazil,pernambuco,Y,,south america,2006,morning,jun,2
Unprovoked,usa,california,N,,north america,2006,morning,jun,2
Unprovoked,usa,florida,N,2' to 3' shark,north america,2006,afternoon,jun,2
Unprovoked,usa,south carolina,N,3' to 4' shark,north america,2006,afternoon,jun,2
Unprovoked,australia,south australia,N,14' white shark,oceania,2006,morning,jun,2
Unprovoked,usa,hawaii,N,"Tiger shark, 8' to 12'",north america,2006,afternoon,may,2
Provoked,usa,hawaii,N,"Tiger shark, 15' female",north america,2006,afternoon,may,2
Unprovoked,usa,hawaii,N,,north america,2006,afternoon,may,2
Provoked,usa,hawaii,N,"Grey reef shark, 5' to 8' ",north america,2006,afternoon,may,2
Unprovoked,brazil,pernambuco,N,,south america,2006,morning,may,2
Unprovoked,usa,guam,N,"Tiger shark, 10' to 12'",north america,2006,afternoon,may,2
Unprovoked,usa,florida,N,,north america,2006,afternoon,may,2
Unprovoked,usa,florida,N,,north america,2006,afternoon,may,2
Provoked,australia,queensland,N,"Wobbegong shark, 2 m ",oceania,2006,afternoon,may,2
Invalid,usa,florida,,Invalid,north america,2006,unknown,apr,2
Unprovoked,usa,florida,N,,north america,2006,unknown,apr,2
Unprovoked,usa,florida,N,,north america,2006,afternoon,apr,2
Provoked,usa,florida,N,"Bull shark, 4' to bull shark",north america,2006,afternoon,apr,2
Unprovoked,australia,new south wales,N,"Bronze whaler shark, a  juvenile ",oceania,2006,afternoon,apr,2
Unprovoked,south africa,eastern cape province,N,"Raggedtooth shark, 2.5 m to 3 m ",africa,2006,evening,apr,2
Unprovoked,brazil,pernambuco,N,Tiger shark,south america,2006,afternoon,apr,2
Unprovoked,usa,florida,N,,north america,2006,afternoon,apr,2
Unprovoked,usa,hawaii,N,"Tiger shark, 10'  ",north america,2006,morning,mar,1
Invalid,south africa,eastern cape province,,Shark involvement prior to death was not confirmed,africa,2006,unknown,mar,1
Unprovoked,fiji,vitu levu,N,"Tiger shark, 5' ",oceania,2006,evening,mar,1
Unprovoked,australia,new south wales,N,"Bronze whaler shark, 2 m",oceania,2006,evening,mar,1
Unprovoked,usa,hawaii,N,5' to 7' shark,north america,2006,afternoon,feb,1
Invalid,usa,hawaii,,Invalid,north america,2006,afternoon,feb,1
Unprovoked,australia,queensland,N,,oceania,2006,morning,feb,1
Unprovoked,australia,queensland,N,,oceania,2006,unknown,feb,1
Watercraft,australia,south australia,N,4.5 m white shark,oceania,2006,afternoon,feb,1
Unprovoked,south africa,eastern cape province,N,Raggedtooth shark,africa,2006,afternoon,feb,1
Watercraft,usa,hawaii,N,12' to 18' shark,north america,2006,afternoon,feb,1
Watercraft,atlantic ocean,300 miles from antigua,N,12' shark,atlantic ocean,2006,unknown,jan,1
Unprovoked,south africa,eastern cape province,N,,africa,2006,afternoon,jan,1
Watercraft,atlantic ocean,800 miles from land,N,,atlantic ocean,2006,unknown,jan,1
Unprovoked,usa,california,N,,north america,2006,night,jan,1
Unprovoked,australia,western australia,N,3.5 m white shark,oceania,2006,morning,jan,1
Invalid,bahamas,grand bahama island,,Invalid,north america,2006,morning,jan,1
Unprovoked,australia,queensland,Y,Bull shark,oceania,2006,evening,jan,1
Unprovoked,usa,florida,N,4' shark,north america,2006,afternoon,jan,1
Unprovoked,south africa,western cape province,N,Said to involve a 1.5 m shark,africa,2006,unknown,jan,1
Unprovoked,usa,oregon,N,White shark,north america,2005,afternoon,dec,4
Unprovoked,usa,hawaii,N,Tiger shark,north america,2005,morning,dec,4
Watercraft,atlantic ocean,600 nm west of the canary islands,N,3 m shark,atlantic ocean,2005,afternoon,dec,4
Unprovoked,australia,queensland,N,Whitetip reef shark,oceania,2005,morning,dec,4
Watercraft,australia,south australia,N,4 m white shark,oceania,2005,afternoon,dec,4
Unprovoked,usa,florida,N,,north america,2005,unknown,nov,4
Unprovoked,usa,florida,N,4' shark,north america,2005,afternoon,nov,4
Watercraft,australia,victoria,N,3 m white shark,oceania,2005,unknown,nov,4
Unprovoked,australia,victoria,N,1.8 m shark,oceania,2005,evening,nov,4
Unprovoked,south africa,eastern cape province,N,,africa,2005,morning,nov,4
Unprovoked,new caledonia,loyalty islands,N,,new caledonia,2005,evening,nov,4
Unprovoked,usa,florida,N,4' shark,north america,2005,afternoon,nov,4
Unprovoked,usa,florida,N,,north america,2005,afternoon,nov,4
Watercraft,new caledonia,,N,4.5 m white shark,new caledonia,2005,unknown,nov,4
Provoked,south africa,eastern cape province,N,"Raggedtooth shark, 2.5m ",africa,2005,afternoon,nov,4
Unprovoked,usa,florida,N,6' shark,north america,2005,afternoon,nov,4
Unprovoked,usa,california,N,,north america,2005,afternoon,nov,4
Unprovoked,usa,california,N,12' to 14' white shark,north america,2005,morning,nov,4
Unprovoked,usa,florida,N,2' to 3' shark,north america,2005,unknown,oct,4
Unprovoked,south africa,western cape province,N,3 m shark,africa,2005,morning,oct,4
Unprovoked,usa,california,N,White shark,north america,2005,morning,oct,4
Unprovoked,usa,california,N,18' white shark,north america,2005,morning,oct,4
Provoked,usa,florida,N,,north america,2005,evening,oct,4
Unprovoked,usa,hawaii,N,"Tiger shark, less than 10'",north america,2005,evening,oct,4
Unprovoked,usa,florida,N,,north america,2005,afternoon,oct,4
Unprovoked,bahamas,abaco islands,N,,north america,2005,unknown,oct,4
Unprovoked,south africa,western cape province,N,White shark,africa,2005,afternoon,oct,4
Unprovoked,australia,new south wales,N,"Tiger shark, 3 m ",oceania,2005,unknown,sep,3
Unprovoked,australia,south australia,N,14' to 16' white shark,oceania,2005,afternoon,sep,3
Unprovoked,australia,western australia,N,Bronze whaler shark,oceania,2005,morning,sep,3
Invalid,usa,florida,,Shark involvement not confirmed,north america,2005,morning,sep,3
Unprovoked,usa,south carolina,N,3' to 4' shark,north america,2005,afternoon,sep,3
Unprovoked,usa,south carolina,Y,,north america,2005,afternoon,sep,3
Unprovoked,australia,new south wales,N,,oceania,2005,evening,sep,3
Unprovoked,usa,north carolina,N,Bull shark,north america,2005,afternoon,sep,3
Unprovoked,australia,south australia,N,4 m [13'] white shark,oceania,2005,afternoon,sep,3
Unprovoked,usa,florida,N,,north america,2005,morning,sep,3
Unprovoked,australia,south australia,Y,White shark,oceania,2005,afternoon,aug,3
Unprovoked,usa,california,N,juvenile white shark,north america,2005,morning,aug,3
Invalid,usa,south carolina,,Shark involvement not confirmed,north america,2005,afternoon,aug,3
Unprovoked,usa,south carolina,N,Possibly a sandbar shark or small blacktip shark,north america,2005,morning,aug,3
Unprovoked,usa,texas,N,,north america,2005,evening,aug,3
Invalid,south africa,western cape province,,Shark involvement prior to death was not confirmed,africa,2005,unknown,aug,3
Unprovoked,usa,north carolina,N,1.8 m [6'] shark,north america,2005,morning,aug,3
Unprovoked,usa,south carolina,N,,north america,2005,morning,aug,3
Unprovoked,usa,florida,N,,north america,2005,evening,jul,3
Unprovoked,usa,florida,N,,north america,2005,morning,jul,3
Invalid,usa,florida,,Shark involvement not confirmed,north america,2005,morning,jul,3
Provoked,china,shanghai,N,3.5 m [11.5']shark,asia,2005,unknown,jul,3
Invalid,australia,,,No shark involvement,oceania,2005,unknown,jul,3
Unprovoked,usa,north carolina,N,[4.5' to 5'] shark,north america,2005,afternoon,jul,3
Unprovoked,usa,texas,N,[4' to 5'],north america,2005,afternoon,jul,3
Unprovoked,usa,florida,N,,north america,2005,morning,jul,3
Unprovoked,usa,florida,N,Bull shark,north america,2005,morning,jun,2
Unprovoked,usa,florida,Y,1.8 m [6'] bull shark,north america,2005,morning,jun,2
Unprovoked,mexico,baja california,N,,north america,2005,morning,jun,2
Invalid,usa,hawaii,,Invalid,north america,2005,morning,jun,2
Unprovoked,usa,florida,N,"Unknown, but it was reported that a shark tooth was recovered from the wound",north america,2005,afternoon,jun,2
Unprovoked,usa,south carolina,N,,north america,2005,morning,jun,2
Invalid,usa,new jersey,,"Mr. Burgess of ISAF announced the injury was the bite of a 1.8 m [6'], 2- to 3-year old white shark. Subsequent investigation revealed there was  no shark involvement in this incident",north america,2005,morning,jun,2
Unprovoked,south africa,western cape province,Y,White shark,africa,2005,afternoon,jun,2
Unprovoked,usa,texas,N,,north america,2005,morning,jun,2
Unprovoked,usa,florida,N,"""small shark""",north america,2005,evening,may,2
Unprovoked,usa,florida,N,"18"" to 36"" shark",north america,2005,evening,may,2
Unprovoked,south africa,eastern cape province,N,Raggedtooth shark,africa,2005,morning,may,2
Unprovoked,australia,queensland,N,Blacktip shark,oceania,2005,unknown,may,2
Watercraft,usa,hawaii,N,"Tiger shark, 8' to 9' ",north america,2005,morning,may,2
Sea Disaster,usa,south carolina,N,,north america,2005,unknown,may,2
Unprovoked,usa,hawaii,N,"Tiger shark, 3 m [10']",north america,2005,morning,may,2
Provoked,australia,new south wales,N,"Mako shark, 1.5 m [5'] ",oceania,2005,night,apr,2
Unprovoked,australia,new south wales,N,,oceania,2005,unknown,apr,2
Unprovoked,australia,northern territory,N,2 m [6.75'] copper shark,oceania,2005,unknown,apr,2
Unprovoked,australia,new south wales,N,Bronze whaler shark,oceania,2005,morning,apr,2
Unprovoked,usa,florida,N,1.8 m [6'] blacktip shark,north america,2005,unknown,apr,2
Invalid,usa,florida,,Shark involvement not confirmed,north america,2005,unknown,apr,2
Unprovoked,usa,texas,N,,north america,2005,evening,apr,2
Unprovoked,usa,florida,N,small hammerhead shark,north america,2005,unknown,apr,2
Unprovoked,south africa,western cape province,N,4 m [13'] shark,africa,2005,morning,mar,1
Unprovoked,australia,new south wales,N,,oceania,2005,unknown,mar,1
Unprovoked,australia,western australia,Y,6 m [20'] white shark,oceania,2005,afternoon,mar,1
Provoked,usa,new mexico,N,"Sandtiger shark, 2.1 m [7'] ",north america,2005,afternoon,mar,1
Invalid,south africa,kwazulu-natal,,Invalid,africa,2005,unknown,mar,1
Provoked,new zealand,north island,N,"Bronze whaler shark, 4.3 m [14'] ",oceania,2005,afternoon,mar,1
Unprovoked,solomon islands,santa isabel province,N,,oceania,2005,unknown,mar,1
Unprovoked,australia,queensland,N,Bull shark,oceania,2005,unknown,feb,1
Provoked,usa,florida,N,"Nurse shark, 3' ",north america,2005,unknown,feb,1
Unprovoked,usa,hawaii,N,"Tiger shark, 2.4 m [8']",north america,2005,afternoon,feb,1
Unprovoked,usa,florida,N,1.8 m [6'] Caribbean reef shark,north america,2005,unknown,feb,1
Unprovoked,brazil,bahia,N,,south america,2005,unknown,feb,1
Unprovoked,cuba,santiago de cuba province,N,3 m [10'] shark,north america,2005,unknown,jan,1
Provoked,australia,victoria,N,3 m shark,oceania,2005,unknown,jan,1
Provoked,australia,victoria,N,"Bronze whaler shark, 2 m to 3 m [6.75' to 10']  ",oceania,2005,afternoon,jan,1
Watercraft,new zealand,north island,N,White shark,oceania,2005,afternoon,jan,1
Unprovoked,australia,south australia,Y,4.5 m & 5 m white shark ,oceania,2004,afternoon,dec,4
Unprovoked,australia,queensland,Y,Bull shark,oceania,2004,afternoon,dec,4
Unprovoked,south africa,eastern cape province,N,Raggedtooth shark,africa,2004,evening,nov,4
Unprovoked,south africa,eastern cape province,N,Raggedtooth shark,africa,2004,unknown,nov,4
Unprovoked,south africa,western cape province,Y,6 m [20'] white shark,africa,2004,morning,nov,4
Unprovoked,usa,california,N,5.5 m [18'] white shark,north america,2004,afternoon,nov,4
Unprovoked,new caledonia,north province,N,3 m shark,new caledonia,2004,unknown,nov,4
Unprovoked,cuba,camaguey province,N,2.5 m [8.25'] bull shark,north america,2004,afternoon,oct,4
Invalid,new zealand,north island,,Invalid,oceania,2004,unknown,oct,4
Unprovoked,south africa,western cape province,N,2 m [6.75'] white shark,africa,2004,morning,oct,4
Unprovoked,australia,new south wales,N,"Bronze whaler shark, 2.4 m [8'] ",oceania,2004,afternoon,oct,4
Unprovoked,usa,california,N,1.8 m to 2.4 m [6' to 8'] white shark,north america,2004,morning,oct,4
Unprovoked,usa,hawaii,N,"Tiger shark, 2.4 m to 3.7 m [8' to 12'] ",north america,2004,afternoon,oct,4
Unprovoked,south africa,eastern cape province,N,"Raggedtooth shark, 1.5 to 2 m [5' to 6.75']",africa,2004,morning,oct,4
Unprovoked,france,conservatória district,N,Thought to involve a 2.5 m bull or tiger shark,europe,2004,afternoon,oct,4
Unprovoked,usa,california,N,,north america,2004,afternoon,oct,4
Unprovoked,usa,california,N,,north america,2004,afternoon,oct,4
Watercraft,australia,queensland,N,"Tiger shark, 3 m [10'] ",oceania,2004,afternoon,sep,3
Unprovoked,usa,oregon,N,White shark,north america,2004,morning,sep,3
Invalid,usa,texas,,Shark involvement questionable,north america,2004,morning,sep,3
Unprovoked,brazil,pernambuco,Y,,south america,2004,unknown,sep,3
Unprovoked,usa,south carolina,N,2.4 m [8'] shark,north america,2004,afternoon,sep,3
Unprovoked,usa,florida,N,,north america,2004,evening,aug,3
Unprovoked,brazil,pernambuco,N,"Tiger shark, 1.5 m ",south america,2004,afternoon,aug,3
Unprovoked,usa,california,N,0.9 m to 1.2 m [3' to 4'] white shark,north america,2004,evening,aug,3
Unprovoked,usa,california,Y,4.9 m to 5.5 m [16' to 18'] white shark,north america,2004,afternoon,aug,3
Unprovoked,usa,florida,N,1.2 m [4'] shark,north america,2004,evening,aug,3
Unprovoked,australia,new south wales,N,,oceania,2004,afternoon,aug,3
Watercraft,south africa,kwazulu-natal,N,3 m to 4 m [10' to 13']  white shark,africa,2004,unknown,aug,3
Unprovoked,usa,florida,N,,north america,2004,afternoon,jul,3
Unprovoked,usa,north carolina,N,,north america,2004,evening,jul,3
Unprovoked,usa,north carolina,N,1.8 m [6'] shark,north america,2004,evening,jul,3
Unprovoked,usa,texas,N,1.2 m to 1.5 m [4' to 5'] shark,north america,2004,afternoon,jul,3
Unprovoked,usa,texas,N,Bull shark,north america,2004,evening,jul,3
Watercraft,australia,western australia,N,4 m [13'] white shark,oceania,2004,unknown,jul,3
Unprovoked,japan,wakayama prefecture,N,"Longfin mako shark, 3.5 m [11.5'], 350-kg [772-lb] ",asia,2004,unknown,jul,3
Unprovoked,australia,western australia,Y,"2 sharks, 4.5 m & 3 m ",oceania,2004,afternoon,jul,3
Unprovoked,egypt,sinai peninsula,N,"""black tipped"" shark",africa,2004,unknown,jul,3
Unprovoked,usa,alabama,N,4' to 5' shark,north america,2004,afternoon,jul,3
Unprovoked,usa,california,N,"9'2"" white shark",north america,2004,morning,jun,2
Invalid,australia,western australia,,Invalid,oceania,2004,unknown,jun,2
Unprovoked,usa,florida,N,,north america,2004,unknown,jun,2
Unprovoked,australia,western australia,N,"Bronze whaler shark, 2.5 m [8.25'] ",oceania,2004,afternoon,jun,2
Unprovoked,usa,florida,N,1.2 m [4'] shark,north america,2004,evening,jun,2
Unprovoked,south africa,western cape province,Y,White shark,africa,2004,afternoon,jun,2
Unprovoked,usa,texas,N,0.9 m to 1.5 m [3' to 5'] shark,north america,2004,evening,may,2
Unprovoked,brazil,pernambuco,N,Bull shark,south america,2004,afternoon,may,2
Unprovoked,usa,california,N,2.4 m to 3.7 m [8' to 12'] shark,north america,2004,morning,may,2
Unprovoked,usa,florida,N,,north america,2004,afternoon,may,2
Invalid,usa,florida,,Shark involvement not confirmed,north america,2004,unknown,may,2
Unprovoked,usa,florida,N,,north america,2004,afternoon,may,2
Unprovoked,brazil,pernambuco,N,,south america,2004,afternoon,may,2
Provoked,bahamas,abaco islands,N,"1,5 m [5'] Caribbean reef shark (Carcharhinus  perezi)",north america,2004,afternoon,may,2
Unprovoked,usa,texas,N,"Mako shark, 1.8 m [6']",north america,2004,afternoon,may,2
Unprovoked,brazil,pernambuco,Y,,south america,2004,afternoon,may,2
Unprovoked,australia,new south wales,N,"Wobbegong shark, 1.2 m [4'] k",oceania,2004,morning,apr,2
Watercraft,new zealand,north island,N,"White shark, 5.5 m [18']",oceania,2004,unknown,apr,2
Unprovoked,usa,hawaii,Y,Tiger shark,north america,2004,morning,apr,2
Unprovoked,south africa,western cape province,N,5 m [16.5'] white shark,africa,2004,afternoon,apr,2
Invalid,usa,hawaii,,Shark involvement prior to death was not confirmed,north america,2004,unknown,apr,2
Unprovoked,usa,florida,N,,north america,2004,unknown,mar,1
Unprovoked,usa,florida,N,1.2 m [4'] bull shark,north america,2004,morning,mar,1
Unprovoked,brazil,pernambuco,N,bull shark,south america,2004,morning,mar,1
Unprovoked,usa,florida,N,bull shark,north america,2004,afternoon,mar,1
Unprovoked,france,saint-benoît,N,2.5 m shark,europe,2004,evening,mar,1
Unprovoked,usa,florida,N,,north america,2004,morning,mar,1
Unprovoked,usa,hawaii,N,1.8 m [6'] shark,north america,2004,morning,mar,1
Unprovoked,new zealand,north island,N,Bronze whaler shark,oceania,2004,afternoon,mar,1
Unprovoked,usa,hawaii,N,"Tiger shark, 2.4 m to 3 m [8' to 10'] ",north america,2004,morning,mar,1
Unprovoked,australia,western australia,N,"Bronze whaler shark, 1.5 m [5'] ",oceania,2004,unknown,mar,1
Unprovoked,brazil,pernambuco,Y,,south america,2004,afternoon,feb,1
Unprovoked,new zealand,"south island, near karitane north of dunedin",N,2 m [6.75'] sevengill  shark,oceania,2004,evening,feb,1
Unprovoked,australia,new south wales,N,,oceania,2004,unknown,feb,1
Invalid,australia,queensland,,Shark involvement not confirmed,oceania,2004,morning,feb,1
Unprovoked,egypt,,Y,,africa,2004,unknown,feb,1
Unprovoked,australia,new south wales,N,"60 cm [23.6""] blind or brown shark",oceania,2004,unknown,feb,1
Unprovoked,australia,western australia,N,4 m to 5 m [13' to 16.5'] white shark,oceania,2004,morning,jan,1
Invalid,new zealand,northlands,,Shark involvement doubtful,oceania,2004,unknown,jan,1
Watercraft,south africa,kwazulu-natal,N,"Mako shark, 3 m to 4 m [10' to 13'] ",africa,2004,unknown,jan,1
Unprovoked,australia,new south wales,N,"Raggedtooth shark, 3.5 m [11.5'] ",oceania,2004,afternoon,jan,1
Unprovoked,south africa,eastern cape province,N,Raggedtooth shark,africa,2004,unknown,jan,1
Invalid,new zealand,north island,,Invalid,oceania,2004,afternoon,jan,1
Sea Disaster,egypt,sinai peninsula,Y,,africa,2004,night,jan,1
Unprovoked,australia,western australia,N,,oceania,2004,morning,,0
Watercraft,south africa,kwazulu-natal,N,Shortfin mako shark,africa,2003,unknown,dec,4
Invalid,usa,florida,,Questionable Incident,north america,2003,unknown,dec,4
Unprovoked,usa,florida,N,,north america,2003,afternoon,dec,4
Unprovoked,new zealand,cook islands,Y,,oceania,2003,night,dec,4
Unprovoked,australia,victoria,N,,oceania,2003,morning,dec,4
Unprovoked,australia,western australia,N,"Wobbegong shark, 1.2 m [4'] ",oceania,2003,morning,nov,4
Unprovoked,australia,western australia,N,"Wobbegong shark, 1.2 m [4'] ",oceania,2003,morning,nov,4
Unprovoked,south africa,kwazulu-natal,Y,"Tiger shark, 4 m [13']  ?",africa,2003,morning,nov,4
Unprovoked,usa,florida,N,4' shark,north america,2003,afternoon,nov,4
Unprovoked,india,tamil nadu,N,Tiger shark?,asia,2003,unknown,nov,4
Unprovoked,usa,florida,N,,north america,2003,unknown,nov,4
Unprovoked,egypt,sinai peninsula,N,2.5 oceanic whitetip shark,africa,2003,unknown,nov,4
Unprovoked,south africa,kwazulu-natal,N,White shark,africa,2003,unknown,nov,4
Unprovoked,australia,new south wales,N,,oceania,2003,evening,nov,4
Provoked,panama,pearl islands,N,"Nurse shark, 60 cm to 90 cm [2' to 3'] ",north america,2003,unknown,nov,4
Unprovoked,usa,florida,N,1.2 m to 1.5 m [4' to 5'] shark,north america,2003,afternoon,oct,4
Unprovoked,australia,new south wales,N,"1.5 m [5'] shark, either a bronze whaler or a grey nurse shark",oceania,2003,evening,oct,4
Unprovoked,usa,hawaii,N,"Tiger shark, 14' ",north america,2003,morning,oct,4
Unprovoked,usa,florida,N,,north america,2003,afternoon,oct,4
Invalid,usa,hawaii,,Shark involvement not confirmed,north america,2003,afternoon,oct,4
Unprovoked,usa,florida,N,1.2 m [4'] shark,north america,2003,unknown,oct,4
Invalid,usa,florida,Y,Shark involvement prior to death was not confirmed,north america,2003,unknown,oct,4
Unprovoked,usa,florida,N,,north america,2003,afternoon,oct,4
Unprovoked,usa,florida,N,,north america,2003,afternoon,oct,4
Provoked,usa,florida,N,,north america,2003,afternoon,oct,4
Unprovoked,usa,florida,N,,north america,2003,afternoon,oct,4
Unprovoked,usa,hawaii,N,"1.2 m [4'] ""grey-colored shark""",north america,2003,afternoon,oct,4
Unprovoked,fiji,taveuni,Y,,oceania,2003,night,sep,3
Unprovoked,usa,florida,N,,north america,2003,morning,sep,3
Unprovoked,usa,florida,N,,north america,2003,morning,sep,3
Unprovoked,usa,florida,N,,north america,2003,afternoon,sep,3
Unprovoked,usa,florida,N,,north america,2003,afternoon,sep,3
Unprovoked,usa,florida,N,3' shark,north america,2003,afternoon,sep,3
Watercraft,south africa,western cape province,N,2 m cow shark,africa,2003,morning,sep,3
Invalid,usa,florida,,Shark involvement doubtful,north america,2003,afternoon,sep,3
Unprovoked,usa,florida,N,6' shark,north america,2003,evening,sep,3
Unprovoked,usa,south carolina,N,7' shark,north america,2003,afternoon,sep,3
Unprovoked,south africa,western cape province,Y,White shark,africa,2003,afternoon,sep,3
Unprovoked,usa,florida,N,,north america,2003,unknown,sep,3
Provoked,usa,texas,N,1.2 m [4'] bull shark,north america,2003,afternoon,aug,3
Unprovoked,usa,california,Y,4.5 m to 5.5 m [15' to 18'] white shark,north america,2003,morning,aug,3
Invalid,usa,california,,Shark involvement not confirmed,north america,2003,night,aug,3
Unprovoked,south africa,eastern cape province,N,3.5 m [11.5'] white shark,africa,2003,morning,aug,3
Unprovoked,australia,northern territory,N,,oceania,2003,unknown,jul,3
Unprovoked,usa,florida,N,,north america,2003,afternoon,jul,3
Unprovoked,usa,florida,N,,north america,2003,afternoon,jul,3
Unprovoked,bahamas,abaco islands,N,Unidentified species,north america,2003,afternoon,jul,3
Provoked,usa,florida,N,2' shark,north america,2003,morning,jul,3
Unprovoked,usa,florida,N,1.5 m to 1.8 m [5' to 6'] shark,north america,2003,unknown,jul,3
Unprovoked,bahamas,abaco islands,N,2.1 m  [7'] bull shark,north america,2003,afternoon,jul,3
Unprovoked,usa,florida,N,8' great hammerhead shark,north america,2003,unknown,jul,3
Unprovoked,france,society islands,N,,europe,2003,unknown,jul,3
Unprovoked,new zealand,cook islands,N,Grey reef shark,oceania,2003,unknown,jul,3
Unprovoked,usa,florida,N,Unidentified species,north america,2003,afternoon,jun,2
Unprovoked,usa,florida,N,106 cm [3.5']  shark,north america,2003,morning,jun,2
Unprovoked,brazil,pernambuco,Y,,south america,2003,unknown,jun,2
Unprovoked,usa,florida,N,“small brown shark”,north america,2003,afternoon,jun,2
Unprovoked,usa,hawaii,N,3.7 m to 4.3 m [12' to 14'] shark,north america,2003,morning,jun,2
Unprovoked,usa,johnston atoll,N,Unidentified species,north america,2003,afternoon,jun,2
Unprovoked,usa,north carolina,N,"""sand shark""",north america,2003,afternoon,jun,2
Unprovoked,usa,florida,N,,north america,2003,morning,jun,2
Invalid,usa,south carolina,,Shark involvement not confirmed,north america,2003,unknown,jun,2
Unprovoked,usa,florida,N,,north america,2003,morning,may,2
Unprovoked,usa,florida,N,3' to 5' shark,north america,2003,afternoon,may,2
Unprovoked,usa,hawaii,N,1.8 m [6'] reef shark - or a 2.1 m to 2.4 m [7' to 8'] grey-colored shark,north america,2003,morning,may,2
Provoked,usa,florida,N,4' to 5' shark,north america,2003,morning,may,2
Unprovoked,usa,florida,N,,north america,2003,afternoon,may,2
Unprovoked,philippines,baatan,N,White shark,asia,2003,unknown,may,2
Provoked,brazil,rio de janeiro,N,,south america,2003,unknown,apr,2
Unprovoked,brazil,rio de janeiro,N,,south america,2003,evening,apr,2
Unprovoked,brazil,pernambuco,N,Bull shark,south america,2003,evening,apr,2
Unprovoked,brazil,rio de janeiro,N,,south america,2003,unknown,apr,2
Unprovoked,usa,florida,N,Unidentified species,north america,2003,afternoon,apr,2
Unprovoked,usa,florida,N,Unidentified species,north america,2003,afternoon,apr,2
Unprovoked,usa,florida,N,Unidentified species,north america,2003,afternoon,apr,2
Unprovoked,usa,florida,N,0.9 m to 1.2 m [3' to 4'] shark,north america,2003,morning,apr,2
Unprovoked,usa,florida,N,Unidentified species,north america,2003,afternoon,apr,2
Unprovoked,usa,florida,N,A “small” shark,north america,2003,afternoon,apr,2
Unprovoked,usa,florida,N,Unidentified species,north america,2003,morning,apr,2
Unprovoked,usa,florida,N,"15 cm to 20 cm [6"" to 8""] bite diameter just below left knee",north america,2003,afternoon,apr,2
Unprovoked,usa,florida,N,,north america,2003,evening,apr,2
Unprovoked,usa,florida,N,4' to 5' shark,north america,2003,morning,apr,2
Provoked,usa,florida,N,60 cm [2'] captive shark,north america,2003,unknown,mar,1
Unprovoked,new zealand,southland,N,2.5 m [8.25'] white shark,oceania,2003,morning,feb,1
Unprovoked,australia,south australia,N,"""a small shark""",oceania,2003,evening,feb,1
Unprovoked,usa,florida,N,Species unidentified,north america,2003,afternoon,feb,1
Unprovoked,australia,new south wales,N,Thought to involve a 2 m [6.75'] grey nurse shark,oceania,2003,unknown,feb,1
Unprovoked,australia,queensland,Y,Thought to involve a >2 m [6.75'] bull shark,oceania,2003,morning,feb,1
Invalid,south africa,western cape province,,Shark involvement prior to death was not confirmed,africa,2003,unknown,jan,1
Unprovoked,australia,western australia,N,"Bronze whaler shark, 2.5 m [8.25'] ",oceania,2003,afternoon,jan,1
Unprovoked,australia,queensland,N,Reported to involve a hammerhead shark,oceania,2002,unknown,dec,4
Unprovoked,south africa,western cape province,N,"White shark, 4 m white shark",africa,2002,afternoon,dec,4
Unprovoked,australia,queensland,N,"Wobbegong shark, 1m",oceania,2002,unknown,dec,4
Invalid,australia,queensland,,"Shark involvement not confirmed, injury may be due to a stingray",oceania,2002,unknown,dec,4
Unprovoked,australia,queensland,Y,Bull shark,oceania,2002,night,dec,4
Unprovoked,brazil,pernambuco,Y,,south america,2002,unknown,dec,4
Unprovoked,usa,california,N,3 m to 4.5 m [10' to 15'] white shark,north america,2002,morning,nov,4
Unprovoked,usa,hawaii,N,2.4 m to 3 m [8' to 10'] grey colored shark,north america,2002,morning,nov,4
Unprovoked,usa,florida,N,6' shark,north america,2002,afternoon,nov,4
Unprovoked,usa,florida,N,3' to 4' shark,north america,2002,afternoon,nov,4
Unprovoked,france,society islands,N,,europe,2002,unknown,nov,4
Unprovoked,usa,hawaii,N,A “small” shark,north america,2002,morning,oct,4
Unprovoked,brazil,pernambuco,Y,Possibly a bull shark or tiger shark,south america,2002,afternoon,oct,4
Unprovoked,usa,florida,N,,north america,2002,unknown,oct,4
Unprovoked,usa,florida,N,Blacktip or spinner shark,north america,2002,afternoon,oct,4
Unprovoked,usa,florida,N,3.5' to 4.5' shark,north america,2002,afternoon,oct,4
Unprovoked,usa,florida,N,3.5' to 4' shark,north america,2002,afternoon,oct,4
Unprovoked,usa,florida,N,4' to 5' shark,north america,2002,afternoon,sep,3
Unprovoked,usa,florida,N,,north america,2002,morning,sep,3
Unprovoked,usa,hawaii,N,1.2 m [4'] blacktip shark,north america,2002,afternoon,sep,3
Provoked,usa,florida,N,1.8 m [6'] blacktip shark,north america,2002,afternoon,sep,3
Unprovoked,usa,oregon,N,2.4 m [8'] shark,north america,2002,unknown,sep,3
Unprovoked,usa,california,N,3 m to 3.7 m [10' to 12'] shark,north america,2002,morning,sep,3
Unprovoked,brazil,pernambuco,N,Bull or tiger shark,south america,2002,afternoon,sep,3
Unprovoked,usa,hawaii,N,,north america,2002,morning,sep,3
Unprovoked,south africa,western cape province,N,White shark,africa,2002,afternoon,sep,3
Unprovoked,usa,florida,N,4' to 6' shark,north america,2002,afternoon,sep,3
Provoked,usa,florida,N,1' to 2' hammerhead or bonnethed shark,north america,2002,evening,sep,3
Unprovoked,usa,hawaii,N,"Tiger shark, 2.4 m to 3 m [8' to 10'] ",north america,2002,afternoon,aug,3
Unprovoked,usa,alabama,N,,north america,2002,evening,aug,3
Unprovoked,usa,florida,N,0.9 m  to 1.2 m [3' to 4'] shark,north america,2002,afternoon,aug,3
Unprovoked,usa,florida,N,"Nurse shark, 1.5 m [5'] ",north america,2002,afternoon,aug,3
Unprovoked,usa,florida,N,,north america,2002,afternoon,aug,3
Provoked,united kingdom,cheshire,N,"Sandtiger shark, 3 m [10'] ",europe,2002,unknown,aug,3
Unprovoked,usa,north carolina,N,1.2 m to 1.5 m [4' to 5'] shark,north america,2002,morning,aug,3
Unprovoked,usa,south carolina,N,1.2 m [4'] blacktip or sandbar shark,north america,2002,evening,jul,3
Unprovoked,usa,north carolina,N,"Bull shark, 1.8 m to 2.1 m [6' to 7'] ",north america,2002,evening,jul,3
Provoked,usa,florida,N,,north america,2002,evening,jul,3
Provoked,usa,maryland,Y,"Mako shark, 400-lb ",north america,2002,night,jul,3
Unprovoked,brazil,pernambuco,N,Bull or tiger shark,south america,2002,afternoon,jul,3
Unprovoked,usa,north carolina,N,"1.2 m to 1.5 m [4' to 5'] shark, possibly a bull shark",north america,2002,evening,jul,3
Unprovoked,australia,queensland,N,,oceania,2002,morning,jun,2
Unprovoked,usa,florida,N,,north america,2002,afternoon,jun,2
Invalid,indonesia,,,Shark involvement prior to death was not confirmed,asia,2002,unknown,jun,2
Unprovoked,papua new guinea,louisiade archipelago,N,,oceania,2002,unknown,jun,2
Unprovoked,papua new guinea,louisiade archipelago,Y,,oceania,2002,unknown,jun,2
Unprovoked,usa,hawaii,N,"Tiger shark, 2.4 m to 2.7 m [8' to 9']  ",north america,2002,afternoon,jun,2
Unprovoked,usa,florida,N,0.9 m to 1.2 m [3' to 4'] shark; Tooth fragment recovered from hand,north america,2002,afternoon,jun,2
Unprovoked,usa,florida,N,  ,north america,2002,morning,jun,2
Unprovoked,usa,florida,N,,north america,2002,afternoon,jun,2
Unprovoked,south africa,kwazulu-natal between port edward and port st johns,N,1.5 to 2.5 m [5' to 8.25'] copper shark,africa,2002,unknown,jun,2
Unprovoked,usa,california,N,3.7 m to 4.3 m [12' to 14'] white shark,north america,2002,afternoon,may,2
Unprovoked,usa,florida,N,1 m  shark,north america,2002,afternoon,may,2
Provoked,usa,florida,N,3' blacktip shark,north america,2002,evening,may,2
Unprovoked,usa,florida,N,,north america,2002,morning,may,2
Unprovoked,papua new guinea,milne bay province,N,,oceania,2002,unknown,may,2
Unprovoked,usa,florida,N,2.1 m to 2.4 m [7' to 8'] shark,north america,2002,unknown,may,2
Unprovoked,brazil,pernambuco,N,,south america,2002,evening,may,2
Provoked,australia,northern territory,N,,oceania,2002,unknown,may,2
Unprovoked,australia,south australia,Y,"White shark, 6m [20']",oceania,2002,afternoon,apr,2
Invalid,australia,new south wales,,Invalid,oceania,2002,unknown,apr,2
Unprovoked,usa,florida,N,1.2 m [4'] shark,north america,2002,morning,apr,2
Unprovoked,usa,florida,N,,north america,2002,morning,apr,2
Unprovoked,australia,new south wales,N,,oceania,2002,evening,apr,2
Unprovoked,bahamas,abaco islands,N,"Bull shark, 400-lb ",north america,2002,morning,apr,2
Unprovoked,usa,florida,N,3'  shark,north america,2002,afternoon,apr,2
Unprovoked,usa,florida,N,0.9 m [3'] shark,north america,2002,morning,apr,2
Unprovoked,usa,hawaii,N,Tiger shark,north america,2002,afternoon,mar,1
Unprovoked,usa,florida,N,  ,north america,2002,morning,mar,1
Unprovoked,brazil,pernambuco,Y,,south america,2002,evening,mar,1
Unprovoked,usa,florida,N,4' shark,north america,2002,afternoon,mar,1
Unprovoked,usa,florida,N,"Nurse shark, 1m ",north america,2002,morning,mar,1
Unprovoked,usa,florida,N,"Spinner shark, 3' to 4' ",north america,2002,morning,mar,1
Invalid,new caledonia,loyalty islands,,Shark involvement prior to death unconfired,new caledonia,2002,unknown,mar,1
Unprovoked,australia,queensland,N,"1.5 m [5'] ""whaler shark""",oceania,2002,morning,feb,1
Unprovoked,fiji,cikobia island (north of vanua levu),Y,,oceania,2002,evening,feb,1
Watercraft,australia,new south wales,N,C. leucas tooth fragment recovered from kayak,oceania,2002,evening,feb,1
Unprovoked,australia,new south wales,N,"Tiger shark, 3 m [10']",oceania,2002,evening,jan,1
Unprovoked,australia,western australia,N,,oceania,2002,unknown,jan,1
Unprovoked,south africa,kwazulu-natal,N,Zambesi shark?,africa,2002,night,jan,1
Unprovoked,brazil,pernambuco,Y,,south america,2002,unknown,jan,1
Unprovoked,south africa,kwazulu-natal,N,Unidentified,africa,2002,unknown,jan,1
Unprovoked,usa,hawaii,N,"Tiger shark, 1.8 m [6'] ",north america,2002,afternoon,jan,1
Invalid,australia,western australia,N,,oceania,2001,morning,dec,4
Unprovoked,australia,new south wales,N,Bronze whaler shark,oceania,2001,unknown,nov,4
Unprovoked,usa,hawaii,N,,north america,2001,evening,nov,4
Invalid,australia,western australia,,,oceania,2001,unknown,nov,4
Unprovoked,south africa,kwazulu-natal,N,"Mako shark, 2 m [6.75'] ",africa,2001,unknown,oct,4
Unprovoked,australia,queensland,N,Bronze whaler shark?,oceania,2001,afternoon,oct,4
Unprovoked,mexico,guerrero,N,"Tiger shark, 1.8 m [6']",north america,2001,morning,sep,3
Watercraft,australia,queensland,N,4 m [13'] white shark,oceania,2001,unknown,sep,3
Provoked,usa,florida,N,4' shark,north america,2001,afternoon,sep,3
Unprovoked,usa,florida,N,,north america,2001,afternoon,sep,3
Invalid,usa,florida,Y,Questionable incident - shark bite may have precipitated drowning,north america,2001,afternoon,sep,3
Unprovoked,usa,florida,N,2' to 3.5' shark,north america,2001,afternoon,sep,3
Unprovoked,usa,north carolina,N,,north america,2001,afternoon,sep,3
Provoked,united kingdom,cheshire,N,12' sandtiger shark,europe,2001,unknown,sep,3
Provoked,usa,florida,N,,north america,2001,unknown,sep,3
Unprovoked,usa,florida,N,,north america,2001,evening,sep,3
Invalid,usa,south carolina,N,Shark involvement not confirmed,north america,2001,unknown,sep,3
Unprovoked,usa,north carolina,Y,A large white shark was filmed by divers on a local wreck 2 days prior to the incident.,north america,2001,evening,sep,3
Unprovoked,usa,north carolina,N,A large white shark was filmed by divers on a local wreck 2 days prior to the incident.,north america,2001,evening,sep,3
Unprovoked,usa,florida,N,1.5 m [5'] shark,north america,2001,afternoon,sep,3
Unprovoked,usa,virginia,Y,bull shark,north america,2001,evening,sep,3
Unprovoked,bahamas,abaco islands,N,3 m [10'] bull shark,north america,2001,afternoon,aug,3
Unprovoked,usa,florida,N,,north america,2001,afternoon,aug,3
Unprovoked,usa,florida,N,,north america,2001,afternoon,aug,3
Unprovoked,usa,florida,N,,north america,2001,afternoon,aug,3
Unprovoked,usa,florida,N,,north america,2001,afternoon,aug,3
Unprovoked,usa,florida,N,a small shark,north america,2001,afternoon,aug,3
Unprovoked,usa,florida,N,,north america,2001,afternoon,aug,3
Unprovoked,usa,florida,N,,north america,2001,afternoon,aug,3
Unprovoked,usa,florida,N,,north america,2001,afternoon,aug,3
Unprovoked,usa,florida,N,,north america,2001,morning,aug,3
Unprovoked,usa,florida,N,Possibly  a blacktip or spinner shark,north america,2001,afternoon,aug,3
Unprovoked,usa,florida,N,"3' shark, possibly  a blacktip or spinner shark",north america,2001,afternoon,aug,3
Unprovoked,usa,florida,N,"Blacktip shark, 5' to 6' ",north america,2001,morning,aug,3
Unprovoked,bahamas,grand bahama island,N,1.9 m [6.5'] bull shark,north america,2001,afternoon,aug,3
Unprovoked,usa,south carolina,N,,north america,2001,unknown,aug,3
Unprovoked,bahamas,grand bahama island,N,,north america,2001,morning,aug,3
Watercraft,italy,,N,,europe,2001,unknown,aug,3
Unprovoked,usa,south carolina,N,,north america,2001,unknown,jul,3
Unprovoked,usa,florida,N,,north america,2001,afternoon,jul,3
Unprovoked,usa,florida,N,Nurse shark,north america,2001,unknown,jul,3
Watercraft,usa,massachusetts,N,"Mako shark, 14' ",north america,2001,unknown,jul,3
Unprovoked,usa,florida,N,,north america,2001,afternoon,jul,3
Unprovoked,usa,florida,N,0.9 m  [3'] shark,north america,2001,afternoon,jul,3
Unprovoked,mexico,baja california,N,,north america,2001,evening,jul,3
Unprovoked,usa,florida,N,"Bull shark, 2.3 m [7.5'] ",north america,2001,evening,jul,3
Unprovoked,usa,south carolina,N,,north america,2001,unknown,jul,3
Unprovoked,usa,georgia,N,,north america,2001,evening,jul,3
Unprovoked,usa,texas,N,1.5 m [5'] shark,north america,2001,unknown,jun,2
Provoked,usa,california,N,"White shark, 2.4 m to 3 m [8' to 10'] ",north america,2001,morning,jun,2
Invalid,australia,new south wales,,Shark involvement prior to death was not confirmed,oceania,2001,unknown,jun,2
Unprovoked,usa,south carolina,N,2' shark,north america,2001,afternoon,jun,2
Unprovoked,usa,texas,N,,north america,2001,unknown,may,2
Unprovoked,usa,south carolina,N,1.2 m to 1.5 m [4.5' to 5'] shark,north america,2001,unknown,may,2
Unprovoked,usa,south carolina,N,,north america,2001,evening,may,2
Provoked,philippines,zamboanga del sur province,N,,asia,2001,unknown,may,2
Unprovoked,south africa,eastern cape province,N,"White shark, 2.7 m to 3 m [9' to 10'] ",africa,2001,unknown,may,2
Unprovoked,australia,new south wales,N,,oceania,2001,evening,may,2
Unprovoked,usa,florida,N,1.2 m to 1.5 m [4' to 5'] shark,north america,2001,evening,may,2
Unprovoked,fiji,taveuni,Y,,oceania,2001,unknown,may,2
Unprovoked,usa,florida,N,,north america,2001,afternoon,apr,2
Unprovoked,usa,florida,N,,north america,2001,morning,apr,2
Unprovoked,usa,florida,N,Possibly a juvenile blacktip or spinner shark,north america,2001,morning,apr,2
Unprovoked,usa,florida,N,,north america,2001,afternoon,apr,2
Unprovoked,usa,florida,N,,north america,2001,afternoon,apr,2
Unprovoked,usa,florida,N,Possibly a juvenile blacktip or spinner shark,north america,2001,afternoon,apr,2
Unprovoked,usa,florida,N,Possibly a juvenile blacktip or spinner shark,north america,2001,afternoon,apr,2
Unprovoked,usa,florida,N,Possibly a 1.5 m [5'] blacktip or spinner shark,north america,2001,morning,apr,2
Unprovoked,usa,florida,N,Possibly a juvenile blacktip or spinner shark,north america,2001,unknown,apr,2
Unprovoked,usa,florida,N,,north america,2001,afternoon,apr,2
Unprovoked,usa,hawaii,N,"1 m shark, possibly whitetip reef shark",north america,2001,morning,apr,2
Unprovoked,usa,florida,N,Possibly a juvenile blacktip or spinner shark,north america,2001,unknown,apr,2
Unprovoked,south africa,eastern cape province,N,"White shark, 2.7 m [9'] ",africa,2001,morning,apr,2
Provoked,australia,new south wales,N,Wobbegong shark,oceania,2001,unknown,apr,2
Unprovoked,usa,florida,N,"""small shark""",north america,2001,afternoon,apr,2
Unprovoked,brazil,rio grande de norte,N,,south america,2001,unknown,,0
Unprovoked,australia,new south wales,N,Bronze whaler shark,oceania,2001,morning,apr,2
Unprovoked,usa,hawaii,N,,north america,2001,afternoon,mar,1
Unprovoked,usa,florida,N,"Spinner shark, 1.2 m to 1.5 m [4' to 5'] ",north america,2001,unknown,mar,1
Invalid,brazil,bahia,,Shark involvement not confirmed,south america,2001,unknown,mar,1
Unprovoked,brazil,pernambuco,Y,,south america,2001,unknown,mar,1
Watercraft,australia,western australia,N,"White shark, 5 m [16.5'] ",oceania,2001,unknown,feb,1
Unprovoked,australia,new south wales,N,"Bronze whaler shark, 2.5 m [8.25']  k",oceania,2001,afternoon,feb,1
Watercraft,australia,new south wales,N,5 m shark,oceania,2001,unknown,jan,1
Unprovoked,cuba,holquin province,N,2 m [6.75'] shark,north america,2001,unknown,jan,1
Watercraft,australia,south australia,N,"White shark, 4.3 m [14'] ",oceania,2001,unknown,jan,1
Unprovoked,usa,california,N,"1.8 m to 2.4 m [6' to 8'] ""black finned shark""",north america,2001,unknown,jan,1
Watercraft,new zealand,north island,N,White shark,oceania,2001,unknown,jan,1
Unprovoked,australia,queensland,N,,oceania,2000,unknown,dec,4
Unprovoked,fiji,taveuni,Y,6 m [20'] shark,oceania,2000,afternoon,dec,4
Watercraft,australia,south australia,N,"White shark, 4.5 m [14'9""] ",oceania,2000,unknown,dec,4
Unprovoked,australia,queensland,N,"Bronze whaler shark, 2.5 m [8.25'] ",oceania,2000,morning,dec,4
Unprovoked,new zealand,cook islands,Y,,oceania,2000,unknown,dec,4
Unprovoked,australia,queensland,N,"Tiger shark, 4 m ",oceania,2000,unknown,nov,4
Invalid,australia,south australia,,Shark involvement not confirmed,oceania,2000,unknown,nov,4
Unprovoked,usa,florida,N,1.2 m to 1.8 m [4' to 6'] shark,north america,2000,afternoon,nov,4
Invalid,usa,florida,,Invalid,north america,2000,unknown,nov,4
Unprovoked,australia,western australia,N,"White shark, 4.9 m [16'] ",oceania,2000,morning,nov,4
Unprovoked,australia,western australia,Y,"White shark, 5 m [16.5'] ",oceania,2000,morning,nov,4
Unprovoked,usa,california,N,"White shark, 2.4 m to 3 m [8' to 10'] ",north america,2000,afternoon,nov,4
Watercraft,australia,queensland,N,White shark,oceania,2000,night,oct,4
Unprovoked,usa,florida,N,,north america,2000,evening,oct,4
Unprovoked,usa,hawaii,N,"Tiger shark, 1.8 m to 2.4 m [6' to 8'] ",north america,2000,morning,oct,4
Unprovoked,usa,florida,N,,north america,2000,afternoon,oct,4
Unprovoked,usa,florida,N,2.1 to 2.4 m [7' to 8'] shark,north america,2000,morning,oct,4
Unprovoked,usa,florida,N,"Blacktip shark, 2' ",north america,2000,afternoon,oct,4
Unprovoked,usa,florida,N,,north america,2000,afternoon,oct,4
Unprovoked,usa,north carolina,N,,north america,2000,afternoon,oct,4
Unprovoked,usa,california,N,"White shark, 4.3 m [14']",north america,2000,morning,sep,3
Unprovoked,australia,south australia,Y,White shark,oceania,2000,afternoon,sep,3
Unprovoked,australia,south australia,Y,"White shark, 4 m to 5 m [13' to 16.5'] ",oceania,2000,morning,sep,3
Provoked,australia,new south wales,N,100-kg [221-lb] dead blue shark,oceania,2000,unknown,sep,3
Unprovoked,japan,miyako island,Y,"White shark, 2.5 m ",asia,2000,evening,sep,3
Unprovoked,usa,south carolina,N,,north america,2000,unknown,sep,3
Unprovoked,usa,florida,N,,north america,2000,evening,sep,3
Unprovoked,usa,florida,N,,north america,2000,afternoon,sep,3
Unprovoked,usa,florida,N,60 cm to 90 cm [2' to 3'] shark,north america,2000,afternoon,sep,3
Unprovoked,usa,florida,N,,north america,2000,evening,sep,3
Unprovoked,south africa,western cape province,N,"White shark, 3.5 m [11.5']  male ",africa,2000,morning,sep,3
Unprovoked,usa,florida,N,1.5 m [5'] shark,north america,2000,morning,sep,3
Unprovoked,france,saint-pierre,N,"Tiger shark, 3 m [10'] ",europe,2000,evening,sep,3
Unprovoked,usa,florida,N,A 2' shark was seen in the area by witnesses,north america,2000,afternoon,aug,3
Unprovoked,usa,florida,Y,"Thought to involve a 2.7 m [9'], 400-lb bull shark",north america,2000,afternoon,aug,3
Provoked,usa,alaska,N,Salmon shark,north america,2000,unknown,aug,3
Unprovoked,usa,north carolina,N,,north america,2000,unknown,aug,3
Unprovoked,usa,hawaii,N,"Tiger shark, 3.7 m to 4.5 m [12' to 14'9""]  ",north america,2000,morning,aug,3
Unprovoked,usa,florida,N,juvenile shark,north america,2000,afternoon,aug,3
Unprovoked,usa,florida,N,"Blacktip shark, 2.4 m to 3 m [8' to 10'] ",north america,2000,afternoon,aug,3
Invalid,usa,north carolina,,Shark involvement  not confirmed,north america,2000,evening,aug,3
Invalid,usa,florida,,Shark involvement prior to death was not confirmed,north america,2000,unknown,aug,3
Unprovoked,usa,florida,N,,north america,2000,unknown,jul,3
Unprovoked,usa,florida,N,"Nurse shark, 1.5 m [5']",north america,2000,unknown,jul,3
Unprovoked,usa,north carolina,N,,north america,2000,unknown,jul,3
Unprovoked,usa,north carolina,N,1.8 m [6'] grey-colored shark,north america,2000,unknown,jul,3
Unprovoked,south africa,eastern cape province,N,,africa,2000,unknown,jul,3
Unprovoked,south africa,eastern cape province,N,,africa,2000,unknown,jul,3
Unprovoked,south africa,kwazulu-natal,N,,africa,2000,evening,jul,3
Unprovoked,usa,florida,N,,north america,2000,afternoon,jul,3
Unprovoked,usa,florida,N,,north america,2000,evening,jul,3
Unprovoked,usa,texas,N,"Lemon shark, 2.1  m to 2.4 m [7' to 8'] ",north america,2000,unknown,jul,3
Unprovoked,usa,north carolina,N,"Tiger shark, 0.9 m to 1.5 m [3' to 5'] ?",north america,2000,afternoon,jul,3
Unprovoked,usa,florida,N,,north america,2000,evening,jul,3
Unprovoked,usa,florida,N,"Nurse shark, 1.2 m [4'] ",north america,2000,afternoon,jul,3
Unprovoked,usa,florida,N,0.9 m [3'] shark,north america,2000,evening,jul,3
Unprovoked,usa,florida,N,"0.9 m [3'] shark,  probably a blacktip or spinner shark",north america,2000,afternoon,jul,3
Unprovoked,papua new guinea,madang province,Y,,oceania,2000,unknown,jun,2
Watercraft,new zealand,north island,N,"Mako shark, 2 m [6.75'] ",oceania,2000,unknown,jun,2
Unprovoked,usa,florida,N,,north america,2000,morning,jun,2
Watercraft,usa,florida,N,"Bull shark, 2.4 m [8']",north america,2000,afternoon,jun,2
Unprovoked,usa,texas,N,"Blacktip shark, 1.2 m to 1.8 m [4' to 6'] ",north america,2000,afternoon,jun,2
Unprovoked,usa,alabama,N,Bull shark?,north america,2000,morning,jun,2
Unprovoked,usa,alabama,N,Bull shark,north america,2000,morning,jun,2
Unprovoked,usa,florida,N,,north america,2000,afternoon,jun,2
Sea Disaster,new caledonia,south province,Y,Tiger sharks & bull sharks (20 sharks in all),new caledonia,2000,unknown,may,2
Invalid,australia,victoria,,Shark involvement prior to death was not confirmed,oceania,2000,unknown,may,2
Unprovoked,papua new guinea,madang province,N,,oceania,2000,unknown,may,2
Unprovoked,papua new guinea,madang province,Y,,oceania,2000,unknown,may,2
Unprovoked,usa,florida,N,,north america,2000,morning,apr,2
Unprovoked,usa,florida,N,,north america,2000,afternoon,apr,2
Unprovoked,usa,florida,N,,north america,2000,unknown,mar,1
Unprovoked,australia,queensland,N,2.5 m shark,oceania,2000,afternoon,mar,1
Unprovoked,usa,florida,N,1.8 m [6'] shark,north america,2000,morning,mar,1
Unprovoked,usa,florida,N,1.2 m [4'] shark,north america,2000,afternoon,mar,1
Unprovoked,new caledonia,north province,Y,Tiger shark?,new caledonia,2000,morning,mar,1
Unprovoked,australia,new south wales,N,"Tiger shark, 4 m [13'] ?",oceania,2000,evening,mar,1
Watercraft,australia,new south wales,N,2 m to 2.5 m [6.75'  to 8.25'] shark,oceania,2000,unknown,mar,1
Watercraft,australia,new south wales,N,,oceania,2000,unknown,mar,1
Invalid,new zealand,north island,,Shark involvement  questionable,oceania,2000,unknown,mar,1
Unprovoked,australia,new south wales,N,,oceania,2000,unknown,mar,1
Unprovoked,usa,louisiana,N,"Shortfin mako shark, 3 m to 3.4 m [10' to 11'] ",north america,2000,afternoon,mar,1
Unprovoked,usa,florida,N,,north america,2000,afternoon,feb,1
Unprovoked,south africa,western cape province,N,"White shark, 2.5 m ",africa,2000,afternoon,feb,1
Provoked,united kingdom,worcestershire,N,"Miami, a 60 cm blacktip  shark and two 60 cm bamboo catsharks",europe,2000,unknown,feb,1
Unprovoked,new zealand,south island,N,,oceania,2000,unknown,feb,1
Unprovoked,australia,south australia,N,3 m [10'] shark,oceania,2000,unknown,feb,1
Watercraft,france,,Y,,europe,2000,unknown,jan,1
Watercraft,usa,florida,N,Hammerhead shark,north america,2000,unknown,,0
Unprovoked,new zealand,south island,N,Sevengill shark,oceania,1999,unknown,dec,4
Unprovoked,new zealand,south island,N,Sevengill shark,oceania,1999,unknown,dec,4
Unprovoked,new zealand,south island,N,Sevengill shark,oceania,1999,unknown,dec,4
Unprovoked,brazil,pernambuco,N,"Thought to involve a white, bull or tiger shark",south america,1999,unknown,dec,4
Invalid,usa,california,,Shark involvement not confirmed,north america,1999,unknown,dec,4
Invalid,brazil,rio de janeiro,N,Shark involvement not confirmed,south america,1999,morning,dec,4
Unprovoked,usa,florida,N,,north america,1999,afternoon,dec,4
Unprovoked,usa,florida,N,,north america,1999,afternoon,nov,4
Unprovoked,usa,hawaii,N,"Tiger shark, 1.8 m to 2.4 m [6' to 8'] ",north america,1999,evening,nov,4
Unprovoked,usa,california,N,White shark,north america,1999,unknown,nov,4
Unprovoked,south africa,kwazulu-natal,N,"White shark, 3 m [10'] ",africa,1999,unknown,nov,4
Unprovoked,brazil,rio de janeiro,N,1.3 to 1.6 m shark,south america,1999,morning,nov,4
Unprovoked,usa,florida,N,,north america,1999,evening,oct,4
Unprovoked,usa,florida,N,,north america,1999,afternoon,oct,4
Unprovoked,usa,florida,N,"Lemon shark, 2.7 m [9'] ",north america,1999,unknown,oct,4
Unprovoked,usa,hawaii,N,"Tiger shark, 1.8 m to 2.4 m [6' to 8'] ",north america,1999,evening,oct,4
Unprovoked,usa,florida,N,,north america,1999,evening,sep,3
Watercraft,italy,adriatic sea,N,Said to involve a 7 m [23'] white shark,europe,1999,unknown,sep,3
Watercraft,usa,california,N,White shark,north america,1999,evening,sep,3
Unprovoked,usa,florida,N,Unidentified,north america,1999,unknown,sep,3
Unprovoked,usa,south carolina,N,,north america,1999,afternoon,sep,3
Unprovoked,usa,florida,N,1.5 m to 1.8 m [5' to 6'] shark,north america,1999,unknown,sep,3
Provoked,usa,florida,N,0.9 m [3'] shark,north america,1999,unknown,sep,3
Unprovoked,usa,florida,N,,north america,1999,evening,sep,3
Unprovoked,usa,florida,N,"""a small shark""",north america,1999,afternoon,aug,3
Unprovoked,usa,north carolina,N,,north america,1999,unknown,aug,3
Unprovoked,usa,florida,N,,north america,1999,evening,aug,3
Unprovoked,usa,south carolina,N,1.8 m [6'] shark,north america,1999,evening,aug,3
Unprovoked,usa,florida,N,4' to 5' shark,north america,1999,morning,aug,3
Unprovoked,bahamas,abaco islands,N,2.7 m [9']  bull shark or Caribbean reef shark,north america,1999,evening,aug,3
Unprovoked,south africa,western cape province,N,"White shark, 3 m to 5 m [10' to 16.5'] ",africa,1999,afternoon,jul,3
Unprovoked,usa,florida,N,"Bull shark, 2.1 m [7']",north america,1999,evening,jul,3
Unprovoked,usa,hawaii,N,"Tiger shark, 1.8 m to 2.4 m [6' to 8'] ",north america,1999,morning,jul,3
Unprovoked,south africa,western cape province,Y,White shark,africa,1999,morning,jul,3
Unprovoked,usa,south carolina,N,,north america,1999,unknown,jul,3
Unprovoked,usa,florida,N,"Blacktip shark, 1.8 m [6'] ",north america,1999,afternoon,jul,3
Unprovoked,south africa,eastern cape province,N,"White shark, 4 m [13'] ",africa,1999,morning,jul,3
Unprovoked,usa,florida,N,1.2 m [4'] shark,north america,1999,unknown,jun,2
Unprovoked,usa,florida,N,3' to 4' shark,north america,1999,morning,jun,2
Unprovoked,usa,florida,N,,north america,1999,afternoon,jun,2
Unprovoked,usa,florida,N,Blacktip or spinner shark,north america,1999,afternoon,jun,2
Unprovoked,australia,south australia,Y,Thought to involve a white shark,oceania,1999,afternoon,may,2
Unprovoked,brazil,pernambuco,N,"Tiger shark, 2.5 m [8.25']",south america,1999,afternoon,may,2
Unprovoked,france,l' etang salé-les-bains,Y,3 bull sharks,europe,1999,morning,apr,2
Unprovoked,usa,florida,N,,north america,1999,unknown,apr,2
Unprovoked,new zealand,south island,N,"Sevengill shark, 2.4 m [8'] ",oceania,1999,unknown,mar,1
Provoked,brazil,rio grande de norte,N,,south america,1999,unknown,mar,1
Unprovoked,usa,hawaii,Y,,north america,1999,evening,mar,1
Unprovoked,new caledonia,loyalty islands,N,200 to 300 kg shark,new caledonia,1999,morning,mar,1
Provoked,new zealand,,N,"Mako shark, 1.3 m gaffed ",oceania,1999,unknown,mar,1
Unprovoked,usa,hawaii,N,,north america,1999,unknown,mar,1
Unprovoked,usa,hawaii,N,3.7 m to 4.6 m [12' to 15'] shark seen in the vicinity,north america,1999,morning,mar,1
Watercraft,usa,north carolina,N,Basking shark,north america,1999,unknown,feb,1
Unprovoked,australia,new south wales,N,Bronze whaler or tiger shark,oceania,1999,evening,feb,1
Unprovoked,usa,florida,N,Spinner shark,north america,1999,afternoon,feb,1
Unprovoked,south africa,eastern cape province,N,"White shark, 4 m [13'] ",africa,1999,unknown,jan,1
Watercraft,new zealand,north island,N,,oceania,1999,unknown,jan,1
Invalid,australia,northern territory,,Shark involvement not confirmed,oceania,1999,unknown,jan,1
Unprovoked,france,saint-leu,Y,Bull shark,europe,1999,unknown,jan,1
Unprovoked,south africa,western cape province,N,"White shark, 4.6 m [15'] ",africa,1999,afternoon,,0
Invalid,usa,virginia,,Shark involvement not confirmed,north america,1999,unknown,,0
Provoked,usa,florida,N,,north america,1998,morning,dec,4
Unprovoked,australia,south australia,N,,oceania,1998,afternoon,dec,4
Unprovoked,south africa,eastern cape province,N,Possibly a white shark,africa,1998,evening,dec,4
Unprovoked,south africa,eastern cape province,N,,africa,1998,unknown,dec,4
Unprovoked,australia,south australia,N,,oceania,1998,afternoon,dec,4
Unprovoked,usa,florida,Y,Tiger shark,north america,1998,afternoon,nov,4
Unprovoked,usa,florida,N,1.2 m [4'] shark,north america,1998,morning,nov,4
Unprovoked,usa,florida,N,"A ""small shark""",north america,1998,evening,nov,4
Unprovoked,usa,oregon,N,"White shark, 5 m  to 6 m [16.5' to 20'] ",north america,1998,unknown,nov,4
Provoked,japan,southern japan,N,6' shark,asia,1998,unknown,nov,4
Unprovoked,brazil,pernambuco,Y,Though to involve a white shark,south america,1998,afternoon,nov,4
Unprovoked,usa,florida,N,,north america,1998,afternoon,oct,4
Unprovoked,south africa,eastern cape province,N,,africa,1998,unknown,oct,4
Unprovoked,usa,florida,N,,north america,1998,unknown,oct,4
Unprovoked,brazil,pernambuco,N,,south america,1998,unknown,oct,4
Unprovoked,france,saint-benoît,N,,europe,1998,unknown,oct,4
Unprovoked,usa,florida,N,,north america,1998,afternoon,oct,4
Unprovoked,usa,florida,N,,north america,1998,unknown,sep,3
Unprovoked,usa,florida,N,,north america,1998,afternoon,sep,3
Unprovoked,south africa,eastern cape province,N,,africa,1998,evening,sep,3
Unprovoked,usa,florida,N,1.8 m [6'] shark,north america,1998,unknown,sep,3
Unprovoked,usa,florida,N,3' to 4' shark,north america,1998,evening,aug,3
Invalid,italy,marches region,,Invalid,europe,1998,unknown,aug,3
Unprovoked,usa,california,N,"White shark, 5 m to 6 m [16.5' to 20'] ",north america,1998,afternoon,aug,3
Unprovoked,usa,virginia,N,"Dusky shark, 12' ",north america,1998,unknown,aug,3
Unprovoked,bahamas,berry islands,N,"Caribbean reef shark, 1.2 m to 1.5 m [4' to 5'] ",north america,1998,afternoon,aug,3
Unprovoked,usa,florida,N,4.5' to 5' shark,north america,1998,unknown,aug,3
Provoked,south africa,transvaal,N,"Sandtiger shark, 2 m, male ",africa,1998,unknown,aug,3
Unprovoked,south africa,western cape province,N,"White shark, 4 m [13'] ",africa,1998,unknown,aug,3
Unprovoked,south africa,western cape province,N,"White shark, 4.9 m [16']",africa,1998,afternoon,aug,3
Unprovoked,brazil,pernambuco,N,,south america,1998,evening,jul,3
Unprovoked,usa,florida,N,,north america,1998,unknown,jul,3
Unprovoked,south africa,western cape province,N,"Raggedtooth shark, 1.2 m [4'] ",africa,1998,unknown,jul,3
Unprovoked,south africa,eastern cape province,N,5' to 6' shark,africa,1998,morning,jul,3
Unprovoked,south africa,western cape province,N,"Raggedtooth shark, 1.2 m [4'] ",africa,1998,unknown,jul,3
Unprovoked,australia,south australia,Y,Thought to involve a 5.5 m white shark named Kong,oceania,1998,afternoon,jun,2
Unprovoked,south africa,eastern cape province,Y,White shark,africa,1998,morning,jun,2
Unprovoked,usa,florida,N,,north america,1998,evening,jun,2
Unprovoked,south africa,eastern cape province,N,,africa,1998,unknown,jun,2
Unprovoked,south africa,eastern cape province,N,,africa,1998,unknown,may,2
Unprovoked,south africa,eastern cape province,N,3 m to 4 m [10' to 13'] white shark,africa,1998,unknown,may,2
Unprovoked,south africa,eastern cape province,N,Unidentified,africa,1998,afternoon,may,2
Unprovoked,usa,florida,N,"Lemon shark, 1.5 m [5'], identified  by the surfer",north america,1998,morning,may,2
Unprovoked,usa,florida,N,"1.8 m [6'] shark, possibly a blacktip",north america,1998,afternoon,may,2
Unprovoked,usa,florida,N,,north america,1998,afternoon,may,2
Unprovoked,south africa,western cape province,N,4 m [13'] white shark,africa,1998,afternoon,may,2
Unprovoked,mozambique,gaza,Y,3 m [10'] shark,africa,1998,afternoon,apr,2
Unprovoked,usa,oregon,N,5 m [16.5'] white shark,north america,1998,morning,apr,2
Provoked,usa,florida,N,"Nurse shark, 0.9 m [3'] ",north america,1998,unknown,apr,2
Unprovoked,brazil,pernambuco,Y,,south america,1998,unknown,apr,2
Unprovoked,new caledonia,,N,,new caledonia,1998,unknown,apr,2
Unprovoked,usa,florida,N,,north america,1998,afternoon,mar,1
Unprovoked,south africa,western cape province,N,3 m [10'] white shark,africa,1998,evening,mar,1
Unprovoked,usa,florida,N,5' spinner shark,north america,1998,morning,mar,1
Unprovoked,usa,florida,N,Spinner shark,north america,1998,morning,feb,1
Invalid,australia,new south wales,,Shark involvement not confirmed,oceania,1998,evening,jan,1
Unprovoked,new caledonia,south province,N,1.7 m shark,new caledonia,1998,unknown,jan,1
Unprovoked,france,grand'anse,Y,,europe,1998,afternoon,jan,1
Unprovoked,south africa,eastern cape province,N,,africa,1998,unknown,jan,1
Unprovoked,australia,south australia,N,,oceania,1998,afternoon,jan,1
Unprovoked,mozambique,maputo province,N,Small dusky shark or blackfin shark,africa,1998,afternoon,jan,1
Unprovoked,south africa,eastern cape province,Y,,africa,1998,unknown,,0
Unprovoked,france,beaufonds,Y,,europe,1998,unknown,,0
Unprovoked,usa,virginia,N,sandtiger shark,north america,1998,unknown,,0
Unprovoked,south africa,western cape province,Y,White shark,africa,1997,afternoon,dec,4
Unprovoked,south africa,eastern cape province,N,,africa,1997,unknown,dec,4
Invalid,usa,florida,,Shark involvement not confirmed,north america,1997,unknown,dec,4
Unprovoked,usa,florida,N,,north america,1997,unknown,dec,4
Unprovoked,australia,western australia,N,White shark,oceania,1997,morning,nov,4
Unprovoked,usa,florida,N,,north america,1997,morning,nov,4
Invalid,australia,new south wales,,Shark involvement prior to death suspected but not confirmed,oceania,1997,unknown,nov,4
Unprovoked,australia,western australia,N,5.5 m [18'] white shark,oceania,1997,unknown,oct,4
Unprovoked,usa,hawaii,N,"Tiger shark, 4 m to 4.3 m [13' to 14'] ",north america,1997,morning,oct,4
Unprovoked,usa,florida,N,Possibly a blacktip shark,north america,1997,evening,oct,4
Unprovoked,usa,florida,N,1.2 m to 1.5 m [4' to 5'] shark,north america,1997,evening,oct,4
Watercraft,south africa,eastern cape province,N,Soupfin shark,africa,1997,unknown,oct,4
Unprovoked,usa,florida,N,,north america,1997,morning,oct,4
Unprovoked,brazil,pernambuco,Y,,south america,1997,unknown,sep,3
Unprovoked,usa,florida,N,,north america,1997,evening,sep,3
Unprovoked,usa,florida,N,small blacktip shark,north america,1997,evening,sep,3
Unprovoked,usa,florida,N,,north america,1997,afternoon,sep,3
Unprovoked,usa,florida,N,,north america,1997,afternoon,aug,3
Unprovoked,usa,florida,N,,north america,1997,morning,aug,3
Unprovoked,usa,california,N,5 m [16.5'] white shark,north america,1997,afternoon,aug,3
Invalid,mexico,quintana roo,,Shark involvement prior to death was not confirmed,north america,1997,unknown,aug,3
Unprovoked,mexico,quintana roo,Y,"Tiger shark, 5.2 m [17']",north america,1997,unknown,aug,3
Unprovoked,usa,florida,N,,north america,1997,afternoon,aug,3
Unprovoked,egypt,red sea,N,,africa,1997,unknown,aug,3
Unprovoked,egypt,red sea,Y,Thought to involve an oceanic whitetip shark or a white shark,africa,1997,unknown,aug,3
Unprovoked,usa,florida,N,,north america,1997,morning,aug,3
Unprovoked,usa,florida,N,,north america,1997,evening,aug,3
Unprovoked,usa,texas,N,1 m shark,north america,1997,unknown,aug,3
Unprovoked,usa,florida,N,1.5 m [5'] shark,north america,1997,unknown,aug,3
Unprovoked,usa,florida,N,juvenile shark,north america,1997,afternoon,aug,3
Unprovoked,usa,florida,N,"""juvenile shark""",north america,1997,morning,aug,3
Unprovoked,australia,queensland,N,,oceania,1997,afternoon,jul,3
Unprovoked,south africa,eastern cape province,Y,4.5 m white shark,africa,1997,afternoon,jul,3
Unprovoked,brazil,pernambuco,N,,south america,1997,unknown,jul,3
Unprovoked,usa,south carolina,N,Blacktip shark,north america,1997,night,jul,3
Unprovoked,japan,miyako,Y,White shark,asia,1997,unknown,jul,3
Unprovoked,brazil,pernambuco,N,,south america,1997,unknown,jul,3
Unprovoked,usa,hawaii,N,2.4 m [8'] shark,north america,1997,night,jun,2
Unprovoked,fiji,taveuni,N,"Tiger shark, 2.7m  [9']",oceania,1997,afternoon,jun,2
Unprovoked,usa,florida,N,Possibly a spinner shark,north america,1997,evening,jun,2
Unprovoked,brazil,rio de janeiro,UNKNOWN,,south america,1997,unknown,jun,2
Unprovoked,usa,florida,N,1.2 m [4'] shark (spinner shark?),north america,1997,morning,jun,2
Unprovoked,usa,florida,N,4' shark,north america,1997,morning,may,2
Unprovoked,usa,florida,N,Possibly a sand shark,north america,1997,morning,may,2
Unprovoked,usa,florida,N,Possibly a sand shark,north america,1997,morning,may,2
Unprovoked,bahamas,abaco islands,N,Possibly a Caribbean reef shark,north america,1997,unknown,may,2
Unprovoked,bahamas,abaco islands,N,,north america,1997,morning,may,2
Unprovoked,brazil,rio de janeiro,N,3.7m  to 4.2 m white shark,south america,1997,unknown,apr,2
Unprovoked,australia,queensland,N,a small shark,oceania,1997,unknown,feb,1
Unprovoked,australia,queensland,N,"Tiger shark, 2m to 3m ",oceania,1997,afternoon,feb,1
Unprovoked,usa,hawaii,UNKNOWN,,north america,1997,unknown,feb,1
Unprovoked,france,l'etang-sale,N,,europe,1997,unknown,feb,1
Watercraft,australia,new south wales,N,,oceania,1997,unknown,feb,1
Unprovoked,australia,queensland,N,1.8 m to 2.1 m [6' to 7'] shark,oceania,1997,morning,jan,1
Unprovoked,australia,western australia,Y,"Tiger shark, 4.5 m [14'9""]",oceania,1997,evening,jan,1
Unprovoked,france,,Y,Bull shark,europe,1997,unknown,jan,1
Watercraft,australia,victoria,N,White shark,oceania,1997,unknown,jan,1
Unprovoked,australia,queensland,UNKNOWN,,oceania,1996,evening,dec,4
Unprovoked,south africa,eastern cape province,N,White shark,africa,1996,afternoon,dec,4
Unprovoked,new caledonia,,Y,,new caledonia,1996,unknown,dec,4
Unprovoked,new caledonia,south province,N,,new caledonia,1996,unknown,dec,4
Unprovoked,usa,california,N,3 m to 5 m [10' to 16.5'] white shark,north america,1996,morning,nov,4
Unprovoked,usa,florida,N,,north america,1996,evening,nov,4
Unprovoked,brazil,pernambuco,N,,south america,1996,unknown,oct,4
Unprovoked,brazil,pernambuco,N,,south america,1996,unknown,oct,4
Unprovoked,japan,miyako island,Y,,asia,1996,unknown,oct,4
Unprovoked,usa,california,N,5.5 m to 6 m [18' to 20'] white shark,north america,1996,afternoon,oct,4
Unprovoked,usa,florida,N,1.2 m [4'] shark,north america,1996,morning,oct,4
Unprovoked,usa,california,N,5 m [16.5'] white shark,north america,1996,morning,oct,4
Unprovoked,brazil,pernambuco,N,,south america,1996,unknown,oct,4
Unprovoked,usa,florida,N,,north america,1996,afternoon,sep,3
Unprovoked,new zealand,chatham islands,N,White shark,oceania,1996,morning,sep,3
Unprovoked,usa,florida,N,"""a young shark""",north america,1996,afternoon,sep,3
Unprovoked,usa,florida,N,,north america,1996,evening,sep,3
Unprovoked,usa,florida,N,,north america,1996,afternoon,sep,3
Invalid,usa,south carolina,,Shark involvement not confirmed,north america,1996,afternoon,sep,3
Provoked,south africa,kwazulu-natal,N,White shark,africa,1996,morning,sep,3
Unprovoked,usa,hawaii,N,"Tiger shark, 2.4 m [8'] ",north america,1996,afternoon,aug,3
Unprovoked,usa,california,N,6 m [20'] white shark,north america,1996,morning,aug,3
Unprovoked,usa,florida,N,1.8 m to 2.1 m [6' to 7'] hammerhead shark,north america,1996,afternoon,aug,3
Unprovoked,usa,florida,N,,north america,1996,evening,jul,3
Unprovoked,japan,miyako,Y,5 m [16.5'] white shark,asia,1996,unknown,jul,3
Unprovoked,usa,massachusetts,N,6' shark,north america,1996,unknown,jul,3
Unprovoked,usa,florida,N,,north america,1996,afternoon,jul,3
Unprovoked,usa,hawaii,UNKNOWN,,north america,1996,unknown,jul,3
Unprovoked,usa,florida,N,,north america,1996,afternoon,jul,3
Unprovoked,usa,florida,N,5' to 6' shark,north america,1996,afternoon,jul,3
Unprovoked,bahamas,cat cay,N,,north america,1996,unknown,jul,3
Unprovoked,usa,south carolina,N,,north america,1996,afternoon,jun,2
Unprovoked,australia,victoria,N,4 m white shark,oceania,1996,evening,jun,2
Unprovoked,south africa,kwazulu-natal,N,,africa,1996,unknown,jun,2
Unprovoked,south africa,western cape province,N,2.5 m [8.25'] white shark ,africa,1996,afternoon,may,2
Invalid,australia,new south wales,Y,Shark involvement prior to death suspected but not confirmed,oceania,1996,unknown,may,2
Unprovoked,usa,florida,N,1.2 m [4'] shark,north america,1996,afternoon,may,2
Unprovoked,usa,florida,N,60 cm to 90 cm [2' to 3'] blacktip or spinner shark,north america,1996,morning,may,2
Unprovoked,usa,hawaii,UNKNOWN,,north america,1996,unknown,apr,2
Unprovoked,australia,new south wales,N,Wobbegong shark,oceania,1996,unknown,apr,2
Unprovoked,australia,new south wales,N,Wobbegong shark,oceania,1996,unknown,apr,2
Unprovoked,brazil,pernambuco,Y,,south america,1996,unknown,apr,2
Unprovoked,australia,queensland,N,Tiger shark,oceania,1996,morning,mar,1
Unprovoked,australia,new south wales,N,1.5 m [5'] shark,oceania,1996,unknown,mar,1
Unprovoked,australia,new south wales,N,Bronze whaler shark,oceania,1996,night,feb,1
Provoked,usa,missouri,N,nurse shark,north america,1996,unknown,feb,1
Unprovoked,papua new guinea,madang province,Y,,oceania,1996,unknown,feb,1
Unprovoked,papua new guinea,madang province,N,,oceania,1996,unknown,feb,1
Unprovoked,papua new guinea,madang province,Y,,oceania,1996,unknown,feb,1
Unprovoked,australia,new south wales,N,"""reef shark""",oceania,1996,afternoon,feb,1
Provoked,usa,florida,N,"Nurse shark, 0.9 m  [3'] ",north america,1996,unknown,jan,1
Unprovoked,australia,queensland,N,Bronze whaler shark,oceania,1996,unknown,jan,1
Unprovoked,usa,hawaii,N,Possibly a tiger shark,north america,1996,afternoon,jan,1
Unprovoked,australia,western australia,UNKNOWN,,oceania,1996,unknown,jan,1
Watercraft,australia,new south wales,N,"Mako shark, 4.3 m [14']",oceania,1996,morning,jan,1
Unprovoked,france,saint-paul,Y,"Tiger shark, 300-kg [662-lb] ",europe,1996,afternoon,jan,1
Unprovoked,fiji,taveuni,Y,"Tiger shark, 2.5 m [8.25'] ",oceania,1996,unknown,,0
Unprovoked,usa,north carolina,N,Tiger shark,north america,1996,unknown,,0
Unprovoked,usa,hawaii,UNKNOWN,,north america,1995,unknown,dec,4
Unprovoked,new zealand,"chatham islands, east of new  zealand",N,5 m [16.5'] white shark,oceania,1995,unknown,nov,4
Invalid,usa,hawaii,,Shark involvement not confirmed,north america,1995,unknown,nov,4
Unprovoked,australia,queensland,N,,oceania,1995,unknown,nov,4
Unprovoked,usa,florida,N,,north america,1995,unknown,oct,4
Unprovoked,usa,florida,N,,north america,1995,unknown,oct,4
Unprovoked,australia,queensland,N,4 m shark,oceania,1995,afternoon,oct,4
Unprovoked,usa,florida,N,1.2 m to 1.5 m [4' to 5']   shark,north america,1995,morning,oct,4
Unprovoked,usa,florida,N,1.5 to 1.8 m [5' to 6'] shark,north america,1995,morning,sep,3
Unprovoked,usa,florida,N,,north america,1995,unknown,sep,3
Unprovoked,usa,california,N,4 m [13'] white shark,north america,1995,evening,sep,3
Unprovoked,usa,florida,N,1.8 m [6'] shark,north america,1995,unknown,sep,3
Unprovoked,usa,florida,N,,north america,1995,afternoon,sep,3
Unprovoked,france,saint-denis,Y,,europe,1995,unknown,sep,3
Unprovoked,usa,florida,Y,3 m to 3.7 m [10' to 12'] bull shark,north america,1995,unknown,sep,3
Unprovoked,australia,western australia,Y,White shark,oceania,1995,afternoon,sep,3
Unprovoked,usa,california,N,3 m to 4 m [10' to 13'] white shark,north america,1995,afternoon,sep,3
Invalid,usa,north carolina,,Shark involvement not confirmed,north america,1995,unknown,sep,3
Unprovoked,usa,florida,N,1.2 m to 1.5 m [4' to 5'] shark,north america,1995,unknown,aug,3
Unprovoked,usa,south carolina,N,,north america,1995,unknown,aug,3
Unprovoked,brazil,pernambuco,N,,south america,1995,unknown,aug,3
Unprovoked,usa,florida,N,5' shark,north america,1995,evening,aug,3
Unprovoked,usa,florida,N,"""a small shark""",north america,1995,afternoon,aug,3
Unprovoked,usa,north carolina,N,1.2 m to 1.5 m [4' to 5'] shark,north america,1995,night,aug,3
Unprovoked,usa,north carolina,N,"""sand"" shark",north america,1995,afternoon,aug,3
Unprovoked,usa,florida,N,"""small shark""",north america,1995,evening,aug,3
Unprovoked,usa,north carolina,N,Two 1.2 m to 1.5 m [4' to 5'] sharks,north america,1995,unknown,aug,3
Unprovoked,usa,florida,N,1.8 m [6'] shark,north america,1995,morning,aug,3
Invalid,usa,north carolina,,Invalid,north america,1995,unknown,aug,3
Unprovoked,usa,florida,N,,north america,1995,afternoon,aug,3
Unprovoked,usa,south carolina,N,Blacktip shark,north america,1995,unknown,aug,3
Unprovoked,usa,florida,N,1.2 m to 1.5 m [4' to 5'] shark,north america,1995,afternoon,aug,3
Invalid,usa,california,,Invalid,north america,1995,unknown,aug,3
Unprovoked,usa,florida,N,,north america,1995,afternoon,jul,3
Unprovoked,usa,florida,N,,north america,1995,afternoon,jul,3
Unprovoked,usa,florida,N,,north america,1995,afternoon,jul,3
Unprovoked,usa,florida,N,,north america,1995,afternoon,jul,3
Unprovoked,usa,south carolina,N,,north america,1995,unknown,jul,3
Unprovoked,usa,south carolina,N,,north america,1995,unknown,jul,3
Unprovoked,usa,florida,N,,north america,1995,unknown,jul,3
Unprovoked,brazil,pernambuco,Y,,south america,1995,unknown,jul,3
Unprovoked,south africa,eastern cape province,N,,africa,1984,evening,nov,4
Unprovoked,usa,texas,N,,north america,1995,unknown,jul,3
Provoked,usa,mississippi,N,Blacktip shark,north america,1995,unknown,jul,3
Provoked,usa,south carolina,N,,north america,1995,unknown,jul,3
Unprovoked,usa,california,N,6 m [20'] white shark,north america,1995,evening,jun,2
Unprovoked,usa,california,N,White shark (tooth fragment recovered),north america,1995,unknown,jun,2
Unprovoked,usa,georgia,N,"""sand"" shark",north america,1995,unknown,jun,2
Unprovoked,usa,south carolina,N,,north america,1995,unknown,jun,2
Unprovoked,usa,florida,N,1.8 m [6'] shark,north america,1995,evening,jun,2
Unprovoked,usa,florida,N,6' shark,north america,1995,afternoon,jun,2
Unprovoked,usa,hawaii,N,"Tiger shark, 3.7 m [12'] ",north america,1995,morning,jun,2
Unprovoked,china,clearwater bay,Y,Though to involve a tiger shark,asia,1995,unknown,jun,2
Unprovoked,china,new territories,Y,1.8 m to 2.1 m [6' to 7'] shark,asia,1995,afternoon,jun,2
Unprovoked,china,new territories,Y,,asia,1995,unknown,may,2
Unprovoked,usa,florida,N,Possibly a bull shark,north america,1995,unknown,may,2
Unprovoked,fiji,yasawa islands,Y,3.7 m [12'] shark,oceania,1995,unknown,may,2
Unprovoked,australia,western australia,UNKNOWN,,oceania,1995,unknown,may,2
Invalid,usa,florida,,Invalid,north america,1995,morning,apr,2
Unprovoked,usa,florida,N,,north america,1995,afternoon,apr,2
Unprovoked,australia,new south wales,N,Wobbegong shark,oceania,1995,unknown,apr,2
Unprovoked,japan,aichi prefecture,Y,6 m [20'] white shark,asia,1995,morning,apr,2
Unprovoked,australia,new south wales,N,,oceania,1995,unknown,mar,1
Unprovoked,australia,south australia,N,"Bronze whaler shark, 2 m ",oceania,1995,morning,mar,1
Unprovoked,brazil,maranhão,Y,,south america,1995,afternoon,mar,1
Unprovoked,south africa,eastern cape province,N,Raggedtooth shark,africa,1995,evening,feb,1
Unprovoked,south africa,kwazulu-natal,Y,"Tiger shark, 1.8 m [6'] ",africa,1995,evening,jan,1
Unprovoked,brazil,pernambuco,N, ,south america,1995,unknown,jan,1
Invalid,south africa,,,Shark involvement not confirmed,africa,1995,unknown,,0
Provoked,australia,queensland,N,Leopard shark,oceania,1995,unknown,,0
Invalid,usa,north carolina,,Invalid,north america,1995,unknown,,0
Unprovoked,usa,south carolina,UNKNOWN,,north america,1995,unknown,,0
Unprovoked,south africa,western cape province,N,5.5 m [18'] white shark,africa,1994,afternoon,dec,4
Unprovoked,usa,hawaii,N,,north america,1994,afternoon,dec,4
Unprovoked,brazil,pernambuco,N,,south america,1994,unknown,dec,4
Unprovoked,brazil,pernambuco,N,,south america,1994,unknown,dec,4
Sea Disaster,usa,,Y,,north america,1994,unknown,dec,4
Invalid,australia,queensland,,Invalid,oceania,1994,unknown,dec,4
Unprovoked,usa,california,Y,5 m to 5.5 m [16.5' to 18'] white shark,north america,1994,morning,dec,4
Unprovoked,brazil,pernambuco,Y,,south america,1994,unknown,dec,4
Unprovoked,south africa,western cape province,N,"Raggedtooth shark, 2.7 m [9'] ",africa,1994,unknown,nov,4
Unprovoked,usa,hawaii,N,2.7 m [9'] shark,north america,1994,morning,nov,4
Unprovoked,usa,hawaii,N,,north america,1994,afternoon,nov,4
Unprovoked,brazil,pernambuco,N,,south america,1994,unknown,oct,4
Unprovoked,brazil,pernambuco,N,,south america,1994,unknown,oct,4
Provoked,usa,florida,N,Thought to involve a small sand shark,north america,1994,afternoon,oct,4
Unprovoked,usa,florida,N,,north america,1994,afternoon,oct,4
Unprovoked,usa,south carolina,N,,north america,1994,unknown,sep,3
Unprovoked,usa,oregon,N,5 m [16.5'] white shark,north america,1994,afternoon,sep,3
Sea Disaster,usa,florida,Y,,north america,1994,unknown,sep,3
Unprovoked,usa,hawaii,N,Small shark,north america,1994,morning,sep,3
Unprovoked,japan,kagoshima prefecture,N,,asia,1994,unknown,aug,3
Unprovoked,brazil,pernambuco,N,,south america,1994,unknown,jul,3
Unprovoked,brazil,pernambuco,Y,,south america,1994,unknown,jul,3
Unprovoked,france,saint-denis,Y,3 to 3.5 m [10' to 11.5'] bull shark,europe,1994,afternoon,jul,3
Unprovoked,south africa,eastern cape province,Y,4 m [13'] white shark,africa,1994,afternoon,jul,3
Unprovoked,south africa,eastern cape province,N,4 m [13'] white shark,africa,1994,afternoon,jul,3
Unprovoked,brazil,pernambuco,N,,south america,1994,unknown,jul,3
Unprovoked,usa,florida,N,"""small shark""",north america,1994,afternoon,jul,3
Unprovoked,bahamas,grand bahama island,N,1.8 m [6'] shark,north america,1994,afternoon,jun,2
Unprovoked,usa,florida,N,,north america,1994,morning,may,2
Unprovoked,usa,florida,N,1.2 m [4'] spinner shark,north america,1994,morning,may,2
Unprovoked,usa,florida,N,2.1 m [7'] shark,north america,1994,unknown,may,2
Unprovoked,usa,florida,N,1.2 m [4'] shark,north america,1994,unknown,may,2
Unprovoked,usa,florida,N,,north america,1994,afternoon,may,2
Unprovoked,usa,florida,N,>1.8 m [6'] shark,north america,1994,morning,may,2
Invalid,usa,california,,Invalid,north america,1994,unknown,apr,2
Unprovoked,france,saint-joseph,Y,"3 m [10'], 200-kg [441-lb] bull shark",europe,1994,unknown,apr,2
Unprovoked,bahamas,,N,2' to 3' shark,north america,1994,morning,apr,2
Unprovoked,usa,florida,N,,north america,1994,afternoon,apr,2
Unprovoked,south africa,western cape province,Y,4.9 m white shark,africa,1994,unknown,apr,2
Provoked,usa,california,N,"Lemon shark, 4' ",north america,1994,unknown,mar,1
Unprovoked,brazil,pernambuco,N,2 m shark,south america,1994,unknown,mar,1
Unprovoked,south africa,western cape province,N,3 m [10'] shark,africa,1994,morning,feb,1
Unprovoked,usa,florida,N,1.2 m [4'] shark,north america,1994,afternoon,feb,1
Provoked,usa,hawaii,N,,north america,1994,evening,feb,1
Unprovoked,south africa,eastern cape province,N,3 m [10'] white shark,africa,1994,afternoon,feb,1
Unprovoked,new caledonia,south province,Y,,new caledonia,1994,unknown,feb,1
Unprovoked,brazil,pernambuco,N,,south america,1994,unknown,jan,1
Unprovoked,usa,hawaii,Y,Tiger shark,north america,1994,unknown,jan,1
Unprovoked,south africa,eastern cape province,N,,africa,1994,afternoon,jan,1
Watercraft,australia,western australia,N,White shark,oceania,1994,morning,jan,1
Unprovoked,australia,queensland,N,1.5 m shark,oceania,1994,unknown,jan,1
Unprovoked,south africa,kwazulu-natal,N,"1.3 m [4'3""] shark",africa,1994,afternoon,jan,1
Unprovoked,china,,N,Tiger shark said to be 5 to 7 m [16.5' to 23'] ,asia,1994,unknown,,0
Unprovoked,usa,florida,N,Blacktip shark,north america,1994,unknown,,0
Unprovoked,usa,hawaii,Y,"On 11-Jan-1994, his remains washed ashore. A 2.4 m [8'] tiger shark thought to be involved",north america,1993,unknown,dec,4
Unprovoked,usa,florida,N,,north america,1993,unknown,nov,4
Unprovoked,australia,western australia,Y,Tiger shark caught 6 days later with diver’s remains in its gut,oceania,1993,afternoon,nov,4
Unprovoked,usa,hawaii,N,,north america,1993,morning,nov,4
Unprovoked,usa,california,N,4 m to 5 m [13' to 16.5'] white shark,north america,1993,afternoon,oct,4
Unprovoked,usa,florida,N,3 m [10'] bull shark,north america,1993,morning,oct,4
Watercraft,usa,california,N,>6 m [20'] white shark,north america,1993,afternoon,oct,4
Unprovoked,usa,hawaii,N,Tiger shark,north america,1993,unknown,oct,4
Unprovoked,south africa,western cape province,N,3 m [10'] white shark,africa,1993,morning,sep,3
Unprovoked,usa,florida,N,3' shark,north america,1993,unknown,sep,3
Unprovoked,usa,florida,N,,north america,1993,unknown,sep,3
Unprovoked,spain,costa blanca,N,1.2 m [4'] shark,europe,1993,morning,sep,3
Unprovoked,bahamas,walkers cay,N,1.8 m [6'] blacktip shark or Caribbean reef shark,north america,1993,evening,aug,3
Unprovoked,usa,florida,N,,north america,1993,unknown,aug,3
Unprovoked,usa,hawaii,N,,north america,1993,morning,aug,3
Watercraft,usa,california,N,">6 m white shark, according to witnesses",north america,1993,morning,aug,3
Unprovoked,usa,north carolina,N,Bull shark,north america,1993,morning,aug,3
Watercraft,australia,western australia,N,6 m [20'] white shark,oceania,1993,unknown,aug,3
Unprovoked,usa,california,N,5.5 m to 6 m [18' to 20']  white shark,north america,1993,afternoon,aug,3
Unprovoked,new caledonia,south province,Y,,new caledonia,1993,unknown,aug,3
Unprovoked,south africa,eastern cape province,N,4 m [13'] white shark,africa,1993,afternoon,jul,3
Unprovoked,usa,florida,N,"1.8 m to 2.4 m [6' to 8'] shark, tooth fragments recovered ",north america,1993,evening,jul,3
Unprovoked,brazil,pernambuco,Y,,south america,1993,unknown,jun,2
Unprovoked,france,saint-paul,N,,europe,1993,unknown,jun,2
Unprovoked,china,new territories,Y,,asia,1993,morning,jun,2
Unprovoked,mexico,quintana roo,Y,,north america,1993,evening,jun,2
Unprovoked,usa,hawaii,N,Thought to involve a tiger shark,north america,1993,morning,jun,2
Unprovoked,australia,new south wales,Y,Remains recovered from 5.5 m [18'] white shark,oceania,1993,morning,jun,2
Unprovoked,australia,tasmania,Y,5 m [16.5'] white shark,oceania,1993,morning,jun,2
Unprovoked,china,new territories,Y,,asia,1993,unknown,jun,2
Unprovoked,usa,north carolina,N,6' shark,north america,1993,evening,jun,2
Unprovoked,china,"on the kowloon penisula, south of sai kung",Y,,asia,1993,unknown,may,2
Invalid,australia,tasmania,,Invalid,oceania,1993,unknown,apr,2
Unprovoked,brazil,pernambuco,N,,south america,1993,unknown,mar,1
Unprovoked,usa,florida,N,,north america,1993,afternoon,mar,1
Unprovoked,japan,ehime prefecture,N,Possiby white shark,asia,1993,unknown,mar,1
Unprovoked,usa,hawaii,N,"Tiger shark, 3.7 m [12'], (tooth fragment recovered from wound)",north america,1993,afternoon,mar,1
Unprovoked,usa,california,N,White shark,north america,1993,afternoon,mar,1
Unprovoked,new caledonia,south province,N,,new caledonia,1993,unknown,mar,1
Provoked,australia,queensland,N,"Bronze whaler shark, 1.5 m ",oceania,1993,afternoon,feb,1
Unprovoked,brazil,pernambuco,N,,south america,1993,unknown,jan,1
Unprovoked,australia,queensland,N,1.5 m shark,oceania,1993,morning,jan,1
Unprovoked,usa,oregon,N,6 m [20'] white shark,north america,1993,afternoon,jan,1
Unprovoked,usa,florida,N,Lemon shark,north america,1993,unknown,,0
Unprovoked,usa,hawaii,N,"Tiger shark, 2.4 m [8']",north america,1992,unknown,dec,4
Unprovoked,usa,hawaii,N,"Tiger shark, 3 m to 4.9 m [10' to 16'] ",north america,1992,evening,dec,4
Unprovoked,usa,california,N,"Mako shark, 1.8 m [6']  ",north america,1992,afternoon,nov,4
Unprovoked,usa,florida,N,6' to 7' blacktip shark,north america,1992,morning,nov,4
Unprovoked,usa,florida,N,1.8 m [6'] shark,north america,1992,afternoon,nov,4
Watercraft,usa,california,N,5 m to 6 m white shark,north america,1992,afternoon,nov,4
Unprovoked,fiji,wakaya island,N,3 m hammerhead shark,oceania,1992,unknown,nov,4
Unprovoked,usa,california,N,Unidentified shark,north america,1992,afternoon,nov,4
Unprovoked,usa,florida,N,,north america,1992,afternoon,nov,4
Unprovoked,usa,hawaii,Y,"Tiger shark, 3 m to 3.7 m [10' to 12'] ",north america,1992,morning,nov,4
Unprovoked,usa,california,N,2.5 m [8.25'] white shark,north america,1992,morning,oct,4
Unprovoked,usa,hawaii,N,"Tiger shark, 4.3 m [14'] ",north america,1992,morning,oct,4
Unprovoked,australia,new south wales,N,Grey nurse shark,oceania,1992,unknown,oct,4
Unprovoked,brazil,maranhão,N,,south america,1992,afternoon,oct,4
Unprovoked,australia,queensland,Y,4.2 m white shark,oceania,1992,afternoon,oct,4
Unprovoked,brazil,pernambuco,N,,south america,1992,afternoon,sep,3
Unprovoked,usa,oregon,N,4 m to 5 m [13' to 16.5']  white shark ,north america,1992,evening,sep,3
Unprovoked,usa,florida,N,,north america,1992,afternoon,sep,3
Unprovoked,brazil,pernambuco,Y,,south america,1992,unknown,sep,3
Unprovoked,usa,florida,N,,north america,1992,unknown,sep,3
Unprovoked,bahamas,abaco islands,N,1.8 m [6'] blacktip shark,north america,1992,unknown,aug,3
Unprovoked,australia,south australia,N,4 m white shark,oceania,1992,evening,aug,3
Invalid,usa,hawaii,,Questionable incident,north america,1992,afternoon,aug,3
Unprovoked,usa,california,N,5.5 m to 6 m [18' to 20'] white shark,north america,1992,evening,aug,3
Provoked,usa,florida,N,"Nurse shark, 3', 20-lb ",north america,1992,unknown,aug,3
Invalid,usa,florida,,Questionable incident,north america,1992,unknown,aug,3
Invalid,usa,hawaii,,Invalid,north america,1992,unknown,jul,3
Unprovoked,usa,florida,N,"""a small shark""",north america,1992,afternoon,jul,3
Unprovoked,brazil,maranhão,N,,south america,1992,evening,jul,3
Unprovoked,brazil,maranhão,N,,south america,1992,morning,jul,3
Unprovoked,brazil,pernambuco,Y,,south america,1992,unknown,jun,2
Unprovoked,france,saint-paul,Y,Bull shark or lemon shark,europe,1992,afternoon,jun,2
Watercraft,japan,ehime prefecture,N,"White shark, identification by K. Nakaya",asia,1992,afternoon,jun,2
Unprovoked,france,saint-paul,N,Mako shark,europe,1992,unknown,jun,2
Invalid,usa,north carolina,,Shark involvement prior to death was not confirmed,north america,1992,unknown,may,2
Unprovoked,france,saint-joseph,Y,"Tiger shark, 3 m to 4 m [10' to 13'] ",europe,1992,afternoon,may,2
Unprovoked,mexico,mexico / caribbean sea,N,,north america,1992,unknown,may,2
Unprovoked,new zealand,antarctic ocean,N,"4 m [13'], 590-kg white shark",oceania,1992,afternoon,apr,2
Unprovoked,south africa,eastern cape province,N,>2 m shark,africa,1992,afternoon,apr,2
Unprovoked,usa,hawaii,N,Tiger shark,north america,1992,morning,mar,1
Unprovoked,australia,victoria,N,"Bronze whaler shark, 3 m",oceania,1992,unknown,mar,1
Unprovoked,japan,ehime prefecture,Y,"5 m [16.5'] white shark, identification by K. Nakaya",asia,1992,afternoon,mar,1
Watercraft,japan,ehime prefecture,N,,asia,1992,morning,mar,1
Unprovoked,usa,oregon,N,Said to involve a 6 m to 7 m [20' to 23'] white shark,north america,1992,morning,mar,1
Unprovoked,usa,hawaii,Y,Tiger shark?,north america,1992,afternoon,feb,1
Unprovoked,japan,ehime prefecture,N,5 m [16.5'] shark,asia,1992,morning,feb,1
Invalid,australia,tasmania,,Questionable incident,oceania,1992,evening,feb,1
Unprovoked,france,la saline-les-bains,N,1.8 m grey shark,europe,1992,afternoon,jan,1
Unprovoked,australia,new south wales,N,"Bronze whaler shark, 2.3 m [7.5'] ",oceania,1992,evening,jan,1
Unprovoked,south africa,kwazulu-natal,N,"Zambesi shark, 1.7 m [5.5'] ",africa,1992,evening,jan,1
Unprovoked,south africa,kwazulu-natal,N,Possibly a 1.5 m [5'] blacktip shark,africa,1992,evening,jan,1
Unprovoked,japan,ehime prefecture,N,,asia,1992,unknown,jan,1
Invalid,japan,sea of japan,,Questionable incident,asia,1992,unknown,jan,1
Unprovoked,fiji,tavenui,Y,,oceania,1992,unknown,,0
Unprovoked,usa,california,N,6 m [20'] white shark,north america,1991,afternoon,dec,4
Unprovoked,usa,hawaii,Y,"Tiger shark, 2.4 m 3.4 m [8' to 11']  ",north america,1991,morning,nov,4
Unprovoked,usa,hawaii,N,"Tiger shark, 2.4 m 3.4 m [8' to 11']  ",north america,1991,morning,nov,4
Unprovoked,usa,hawaii,Y,"Tiger shark, 3.7 m [12'] ",north america,1991,afternoon,nov,4
Provoked,usa,florida,N,2.4 m [8'] shark,north america,1991,afternoon,nov,4
Unprovoked,australia,western australia,N,"""small shark""",oceania,1991,unknown,nov,4
Unprovoked,usa,florida,N,1.8 m [6'] shark,north america,1991,morning,oct,4
Unprovoked,usa,california,N,5 m to 6 m [16.5' to 20'] white shark,north america,1991,morning,oct,4
Invalid,bahamas,,,Invalid,north america,1991,evening,sep,3
Unprovoked,australia,south australia,Y,4 m [13'] white shark,oceania,1991,afternoon,sep,3
Provoked,australia,queensland,N,"3 m [10'], 270- kg [595-lb] shark",oceania,1991,afternoon,aug,3
Unprovoked,usa,south carolina,N,sand shark,north america,1991,afternoon,aug,3
Unprovoked,usa,florida,N,3' shark,north america,1991,afternoon,aug,3
Provoked,usa,florida,N,"Lemon shark, 30-lb ",north america,1991,unknown,aug,3
Watercraft,italy,ligurian sea,N,4 m [13'] white shark,europe,1991,afternoon,jul,3
Unprovoked,usa,florida,N,"2.1 m [7'], 140-lb reef shark",north america,1991,unknown,jul,3
Unprovoked,usa,florida,N,1.8 m [6'] blacktip shark,north america,1991,unknown,jul,3
Questionable,usa,,N,Shark involvement unconfirmed,north america,1991,unknown,jul,3
Unprovoked,usa,florida,N,,north america,1991,evening,jul,3
Unprovoked,france,l'etang-salé,N,"Tiger shark, 3 to 4 m [10' to 13'] ",europe,1991,evening,jul,3
Unprovoked,usa,california,N,5 m [16.5'] white shark,north america,1991,morning,jul,3
Unprovoked,usa,virginia,N,Shark involvement not confirmed,north america,1991,unknown,jul,3
Unprovoked,china,,Y,,asia,1991,unknown,jun,2
Unprovoked,china,kowloon peninsula,Y,,asia,1991,unknown,jun,2
Unprovoked,usa,florida,N,,north america,1991,evening,jun,2
Unprovoked,usa,florida,N,2.7 m [9'] bull or lemon shark,north america,1991,morning,jun,2
Unprovoked,china,port shelter,Y,"Tiger shark, >3 m [10']",asia,1991,morning,jun,2
Unprovoked,usa,hawaii,N,2.4 m [8'] shark,north america,1991,afternoon,may,2
Unprovoked,south africa,western cape province,N,"3.5 m [11.5'] female white shark named ""Notchfin""",africa,1991,afternoon,may,2
Provoked,brazil,pernambuco,N,"170-kg, 2.8 m shark",south america,1991,afternoon,apr,2
Provoked,usa,maryland,N,7' female shark,north america,1991,morning,apr,2
Unprovoked,usa,florida,N,1.2 m to 1.5 m [4' to 5'] shark,north america,1991,morning,apr,2
Unprovoked,usa,hawaii,N,"""Shark had a very large girth""",north america,1991,evening,apr,2
Unprovoked,australia,new south wales,N,"Grey nurse shark, 2 m",oceania,1991,unknown,mar,1
Unprovoked,usa,oregon,N,5.5 m [18'] white shark,north america,1991,morning,feb,1
Unprovoked,south africa,western cape province,N,5.5 m [18'] white shark,africa,1991,afternoon,feb,1
Unprovoked,australia,queensland,N,,oceania,1991,morning,jan,1
Unprovoked,australia,western australia,N,4 m shark,oceania,1991,unknown,jan,1
Unprovoked,australia,queensland,N,2 m shark,oceania,1991,unknown,jan,1
Invalid,south africa,eastern cape province,,Questionable incident,africa,1990,unknown,dec,4
Unprovoked,australia,queensland,N,1.5 m shark,oceania,1990,unknown,nov,4
Unprovoked,usa,california,N,4 m to 5 m [13' to 16.5'] white shark,north america,1990,afternoon,nov,4
Unprovoked,usa,florida,N,5' shark,north america,1990,morning,nov,4
Unprovoked,usa,florida,N,1.8 m [6'] shark ,north america,1990,afternoon,oct,4
Unprovoked,usa,florida,N,,north america,1990,afternoon,oct,4
Unprovoked,australia,queensland,N,,oceania,1990,evening,oct,4
Unprovoked,australia,south australia,N,,oceania,1990,morning,oct,4
Unprovoked,usa,florida,N,4' spinner shark,north america,1990,afternoon,oct,4
Unprovoked,usa,hawaii,N,"Tiger shark, 3.7 m [12'] ",north america,1990,afternoon,oct,4
Unprovoked,usa,florida,N,1.8 m to 2.4 m [6' to 8'] shark,north america,1990,afternoon,oct,4
Unprovoked,south africa,western cape province,N,5 m  [16.5'] white shark,africa,1990,afternoon,sep,3
Unprovoked,usa,california,N,White shark,north america,1990,afternoon,sep,3
Watercraft,usa,california,N,2.5 m to 3 m [8.25' to 10']  white shark,north america,1990,evening,sep,3
Invalid,usa,florida,,Shark involvement prior to death could not be determined,north america,1990,unknown,aug,3
Unprovoked,usa,california,N,5 m to 6 m [16.5' to 20'] white shark,north america,1990,afternoon,aug,3
Unprovoked,usa,texas,N,,north america,1990,unknown,aug,3
Unprovoked,usa,texas,N,,north america,1990,afternoon,aug,3
Provoked,bahamas,,N,,north america,1990,unknown,aug,3
Unprovoked,usa,texas,N,,north america,1990,evening,jul,3
Unprovoked,usa,florida,N,,north america,1990,unknown,jul,3
Unprovoked,south africa,western cape province,Y,"4.5 m [14'9""] white shark",africa,1990,afternoon,jun,2
Unprovoked,bahamas,,N,1.2 m to 1.5 m [4' to 5'] shark,north america,1990,afternoon,jun,2
Provoked,south africa,kwazulu-natal,N,"6 m, 600-kg shark",africa,1990,unknown,may,2
Unprovoked,australia,queensland,N,2 m hammerhead,oceania,1990,unknown,may,2
Unprovoked,australia,queensland,N,2 m hammerhead,oceania,1990,unknown,may,2
Unprovoked,south africa,eastern cape province,N,"5.5 m [18'] white shark, identified by  tooth marks",africa,1990,afternoon,may,2
Unprovoked,south africa,eastern cape province,N,"2.3 m [7.5'] white shark, identified by M. Smale",africa,1990,afternoon,apr,2
Unprovoked,australia,queensland,N,"Tiger shark, 3 m ",oceania,1990,morning,apr,2
Unprovoked,australia,queensland,Y,,oceania,1990,unknown,apr,2
Unprovoked,australia,queensland,N,3 m shark,oceania,1990,unknown,apr,2
Unprovoked,australia,queensland,N,3 m shark,oceania,1990,unknown,apr,2
Unprovoked,usa,hawaii,N,,north america,1990,morning,apr,2
Unprovoked,fiji,laucala island,N,,oceania,1990,unknown,mar,1
Unprovoked,france,sainte-marie,N,3 m [10'] bull shark,europe,1990,evening,mar,1
Unprovoked,usa,hawaii,Y,Two sharks seen in vicinity: 2.4 m & 4.25 m  [8' & 14'] TL,north america,1990,night,feb,1
Unprovoked,usa,florida,N,,north america,1990,unknown,feb,1
Unprovoked,usa,california,N,3 m to 4 m [10' to 13'] white shark,north america,1990,unknown,jan,1
Unprovoked,usa,florida,UNKNOWN,,north america,1990,unknown,,0
Provoked,usa,hawaii,N,,north america,1989,unknown,dec,4
Unprovoked,australia,northern territory,UNKNOWN,"Tiger shark, 2m ",oceania,1989,unknown,dec,4
Invalid,australia,queensland,,Shark involvement prior to death was not confirmed,oceania,1989,unknown,dec,4
Unprovoked,australia,victoria,N,White shark,oceania,1989,unknown,nov,4
Unprovoked,south africa,western cape province,Y,White shark,africa,1989,afternoon,nov,4
Invalid,usa,hawaii,,Shark involvement prior to death was not confirmed,north america,1989,evening,nov,4
Unprovoked,australia,queensland,N,"2 m shark, possibly a bronze whaler",oceania,1989,unknown,nov,4
Unprovoked,australia,northern territory,N,,oceania,1989,unknown,oct,4
Unprovoked,australia,tasmania,N,2.7 m [9'] white shark,oceania,1989,afternoon,oct,4
Invalid,usa,hawaii,,Shark involvement suspected but not confirmed,north america,1989,afternoon,oct,4
Unprovoked,usa,texas,N,4' shark,north america,1989,evening,oct,4
Invalid,usa,north carolina,,Shark involvement suspected but not confirmed,north america,1989,afternoon,oct,4
Unprovoked,australia,victoria,UNKNOWN,White shark,oceania,1989,unknown,oct,4
Unprovoked,south africa,western cape province,N,"White shark, identified by tooth pattern",africa,1989,afternoon,sep,3
Provoked,usa,florida,N,150-lb shark,north america,1989,afternoon,sep,3
Watercraft,usa,california,N,4 to 5 m white shark,north america,1989,unknown,sep,3
Unprovoked,usa,california,N,4 m to 5 m [13' to 16.5']  white shark,north america,1989,afternoon,sep,3
Unprovoked,usa,north carolina,N,Sandbar shark,north america,1989,unknown,sep,3
Provoked,usa,california,N,Blue Shark ,north america,1989,unknown,sep,3
Provoked,australia,queensland,N,Grey nurse shark,oceania,1989,afternoon,aug,3
Unprovoked,usa,florida,N,1.2 m [4'] shark,north america,1989,unknown,aug,3
Unprovoked,south africa,western cape province,N,>3.4 m [11'] white shark,africa,1989,morning,aug,3
Unprovoked,australia,new south wales,N,"Bronze whaler shark, 3 m [10'] ",oceania,1989,morning,aug,3
Unprovoked,bahamas,great exuma island,N,,north america,1989,unknown,aug,3
Provoked,australia,queensland,N,3.5 m white shark,oceania,1989,unknown,aug,3
Invalid,united kingdom,,,Shark involvement suspected but not confirmed,europe,1989,unknown,jul,3
Unprovoked,south africa,eastern cape province,N,2.5 m [8.25'] white shark,africa,1989,morning,jul,3
Unprovoked,france,sainte-suzanne,Y,,europe,1989,evening,jul,3
Unprovoked,usa,florida,N,,north america,1989,afternoon,jul,3
Unprovoked,usa,texas,N,4' shark,north america,1989,unknown,jul,3
Unprovoked,usa,hawaii,N,,north america,1989,unknown,jun,2
Unprovoked,usa,louisiana,N,1.8 m [6'] sandtiger shark,north america,1989,unknown,jun,2
Unprovoked,italy,tuscany,N,3 m [10'] white shark,europe,1989,afternoon,jun,2
Unprovoked,south africa,eastern cape province,N,3 m [10'] white shark,africa,1989,afternoon,jun,2
Unprovoked,south africa,eastern cape province,N,2.5 m [8.25'] white shark,africa,1989,afternoon,jun,2
Invalid,japan,sea of japan,,,asia,1989,unknown,jun,2
Unprovoked,usa,florida,N,1.2 m [4'] shark,north america,1989,unknown,apr,2
Unprovoked,usa,washington,N,White shark,north america,1989,morning,apr,2
Watercraft,usa,california,N,5 m to 7 m white shark,north america,1989,morning,apr,2
Unprovoked,usa,hawaii,N,,north america,1989,unknown,apr,2
Unprovoked,usa,hawaii,N,,north america,1989,unknown,apr,2
Unprovoked,australia,south australia,Y,2 m [6.75'] white shark,oceania,1989,evening,mar,1
Watercraft,australia,western australia,N,"Tiger shark, 3.5 m ",oceania,1989,unknown,mar,1
Provoked,south africa,western cape province,N,3 m [10'] gaffed shark,africa,1989,unknown,feb,1
Unprovoked,south africa,kwazulu-natal,N,,africa,1989,afternoon,feb,1
Unprovoked,italy,tyrrhenian sea,Y,6 m [20'] white shark,europe,1989,morning,feb,1
Invalid,usa,california,,Invalid,north america,1989,morning,jan,1
Unprovoked,usa,california,Y,5 m [16.5'] white shark,north america,1989,morning,jan,1
Unprovoked,usa,hawaii,N,1.8 m to 2.4 m [6' to 8'] hammerhead shark,north america,1989,unknown,jan,1
Unprovoked,south africa,kwazulu-natal,N,,africa,1989,evening,jan,1
Unprovoked,usa,hawaii,Y,,north america,1989,unknown,jan,1
Unprovoked,australia,new south wales,N,"Tiger shark, 4 m [13'] ",oceania,1989,evening,jan,1
Unprovoked,papua new guinea,new ireland,N,7' silvertip shark,oceania,1989,unknown,,0
Unprovoked,usa,virginia,N,,north america,1989,unknown,,0
Sea Disaster,australia,queensland,Y,,oceania,1988,morning,nov,4
Sea Disaster,australia,queensland,Y,,oceania,1988,night,nov,4
Sea Disaster,philippines,viscayan sea,Y,,asia,1988,unknown,oct,4
Unprovoked,usa,oregon,N,5.5 m to 6 m [18' to 20']  white shark,north america,1988,evening,oct,4
Unprovoked,australia,victoria,N,7' shark,oceania,1988,unknown,oct,4
Unprovoked,usa,florida,N,6' shark,north america,1988,unknown,oct,4
Unprovoked,usa,florida,N,1.2 m to 1.5 m [4' to 5'] shark,north america,1988,unknown,oct,4
Unprovoked,usa,florida,N,1.2 m to 1.5 m [4' to 5'] shark,north america,1988,evening,oct,4
Unprovoked,australia,south australia,N,,oceania,1988,afternoon,oct,4
Unprovoked,usa,florida,N,1.2 m [4'] shark,north america,1988,unknown,oct,4
Unprovoked,usa,florida,N,5' shark,north america,1988,afternoon,sep,3
Unprovoked,papua new guinea,new ireland,Y,,oceania,1988,morning,sep,3
Unprovoked,usa,florida,N,1.8 m [6'] shark,north america,1988,afternoon,sep,3
Unprovoked,usa,florida,Y,3 m [10'] bull shark,north america,1988,afternoon,sep,3
Provoked,usa,louisiana,N,"Tiger shark, 1.8 m [6']",north america,1988,unknown,aug,3
Unprovoked,italy,manfredonia,N,,europe,1988,unknown,aug,3
Unprovoked,japan,tokyo prefecture,N,,asia,1988,unknown,aug,3
Unprovoked,usa,california,N,2.4 m to 3 m [8' to 10'] white shark,north america,1988,morning,aug,3
Unprovoked,bahamas,,N,2 m to 2.5 m shark,north america,1988,unknown,jul,3
Unprovoked,bahamas,,N,1.5 m [5'] Caribbean reef shark,north america,1988,unknown,jul,3
Unprovoked,bahamas,,N,1.5 m [5'] Caribbean reef shark,north america,1988,unknown,jul,3
Unprovoked,usa,florida,N,,north america,1988,morning,jul,3
Unprovoked,usa,florida,N,,north america,1988,afternoon,jul,3
Unprovoked,bahamas,,N,1.5 m [5'] shark,north america,1988,unknown,jul,3
Unprovoked,bahamas,,N,,north america,1988,unknown,jul,3
Unprovoked,south africa,western cape province,N,White shark,africa,1988,morning,jun,2
Unprovoked,usa,north carolina,N,Sandtiger shark,north america,1988,unknown,jun,2
Unprovoked,usa,south carolina,N,Sand shark?,north america,1988,afternoon,jun,2
Unprovoked,usa,florida,N,,north america,1988,afternoon,jun,2
Unprovoked,usa,florida,N,1.8 m to 2.4 m [6' to 8'] shark,north america,1988,morning,jun,2
Unprovoked,usa,florida,N,,north america,1988,evening,may,2
Unprovoked,usa,florida,N,,north america,1988,morning,may,2
Unprovoked,france,saint-louis,Y,,europe,1988,evening,apr,2
Unprovoked,usa,california,N,White shark,north america,1988,unknown,apr,2
Unprovoked,usa,florida,N,,north america,1988,evening,apr,2
Invalid,usa,hawaii,,Shark involvement prior to death was not confirmed,north america,1988,unknown,apr,2
Unprovoked,usa,florida,N,,north america,1988,unknown,apr,2
Unprovoked,usa,florida,N,,north america,1988,unknown,apr,2
Invalid,south africa,kwazulu-natal,,Shark involvement prior to death was not confirmed,africa,1988,unknown,apr,2
Unprovoked,usa,florida,N,,north america,1988,unknown,mar,1
Unprovoked,usa,hawaii,N,,north america,1988,unknown,mar,1
Unprovoked,south africa,kwazulu-natal,N,1.5 m to 2 m [5' to 6.75'] shark,africa,1988,afternoon,mar,1
Unprovoked,france,saint-pierre,N,,europe,1988,evening,mar,1
Watercraft,south africa,kwazulu-natal,N,"Raggedtooth shark, 2 m ",africa,1988,unknown,feb,1
Unprovoked,south africa,eastern cape province,N,"1 m ""grey-colored"" shark",africa,1988,evening,feb,1
Unprovoked,south africa,kwazulu-natal,N,Zambezi shark (tooth fragments recovered),africa,1988,morning,feb,1
Watercraft,australia,western australia,N,"Mako shark, 3 m [10'], 200-kg [441-lb] ",oceania,1988,unknown,feb,1
Unprovoked,fiji,vanua levu,N,"Tiger shark, 3 m ",oceania,1988,unknown,feb,1
Invalid,south africa,kwazulu-natal,,Shark involvement not confirmed,africa,1988,morning,jan,1
Invalid,australia,torres strait,,Shark involvement prior to death was not confirmed,oceania,1988,unknown,jan,1
Provoked,usa,louisiana,N,Mako shark,north america,1988,unknown,jan,1
Provoked,south africa,western cape province,N,1.5 m copper shark,africa,1988,morning,jan,1
Provoked,south africa,western cape province,N,6 m shark,africa,1988,unknown,jan,1
Unprovoked,australia,new south wales,N,Wobbegong shark,oceania,1988,unknown,,0
Sea Disaster,philippines,mindoro,Y,,asia,1987,unknown,dec,4
Unprovoked,usa,florida,N,1.8 m [6'] blacktip shark,north america,1987,afternoon,dec,4
Invalid,australia,new south wales,,Shark involvement prior to death was not confirmed,oceania,1987,unknown,dec,4
Unprovoked,usa,florida,N,,north america,1987,unknown,nov,4
Invalid,south africa,kwazulu-natal,,Shark involvement prior to death was not confirmed,africa,1987,unknown,nov,4
Unprovoked,usa,california,N,2 m [6.75'] shark,north america,1987,evening,oct,4
Invalid,south africa,kwazulu-natal,,Questionable incident,africa,1987,afternoon,oct,4
Unprovoked,south africa,western cape province,N,White shark,africa,1987,afternoon,oct,4
Unprovoked,australia,south australia,Y,White shark,oceania,1987,unknown,sep,3
Unprovoked,south africa,western cape province,N,3.5 m [11.5']  white shark,africa,1987,morning,sep,3
Unprovoked,usa,florida,N,1.2 m to 1.5 m [4' to 5'] shark,north america,1987,morning,aug,3
Unprovoked,usa,california,N,5.7 m white shark,north america,1987,morning,aug,3
Unprovoked,usa,florida,N,3' to 4' shark,north america,1987,morning,jul,3
Unprovoked,usa,texas,N,4' shark,north america,1987,evening,jul,3
Unprovoked,usa,texas,N,4' shark,north america,1987,afternoon,jul,3
Watercraft,usa,south carolina,N,12' shark,north america,1987,unknown,jul,3
Unprovoked,bahamas,exuma islands,N,,north america,1987,afternoon,jul,3
Unprovoked,bahamas,,N,2.5 to 3 m shark,north america,1987,unknown,jul,3
Provoked,usa,florida,N,1.5 m [5'] blacktip shark,north america,1987,afternoon,jun,2
Unprovoked,usa,south carolina,N,1.5 m to 1.8 m [5' to 6'] shark,north america,1987,unknown,may,2
Unprovoked,usa,florida,N,,north america,1987,unknown,may,2
Provoked,australia,new south wales,N,,oceania,1987,unknown,may,2
Invalid,south africa,kwazulu-natal,,Shark involvement prior to death was not confirmed,africa,1987,unknown,apr,2
Unprovoked,usa,texas,N,,north america,1987,evening,apr,2
Unprovoked,usa,hawaii,Y,,north america,1987,unknown,apr,2
Unprovoked,australia,western australia,N,"Bronze whaler shark, 2 m to 3 m ",oceania,1987,unknown,mar,1
Provoked,south africa,western cape province,N,3 m white shark,africa,1987,unknown,mar,1
Unprovoked,usa,florida,N,Spinner shark,north america,1987,unknown,feb,1
Sea Disaster,solomon islands,between honiara & isabel island,Y,,oceania,1987,unknown,feb,1
Unprovoked,south africa,eastern cape province,N,>2.5 m [8.25'] white shark,africa,1987,afternoon,jan,1
Unprovoked,australia,queensland,N,,oceania,1987,morning,jan,1
Watercraft,italy,tyrrhenian sea,N,White shark,europe,1987,unknown,,0
Unprovoked,south africa,western cape province,N,"Raggedtooth shark, 2.5 m [8.25'] ",africa,1986,afternoon,dec,4
Unprovoked,south africa,western cape province,Y,3 m [10'] white shark,africa,1986,evening,dec,4
Unprovoked,usa,florida,N,1.8 m to 2.1 m [6' to 7'] spinner or blacktip shark,north america,1986,afternoon,dec,4
Unprovoked,bahamas,florida straits,N,,north america,1986,unknown,dec,4
Unprovoked,usa,california,N,5 m to 6 m [16.5' to 20'] white shark,north america,1986,morning,dec,4
Invalid,south africa,western cape province,,Invalid,africa,1986,unknown,dec,4
Unprovoked,new caledonia,,N,Tiger shark,new caledonia,1986,unknown,dec,4
Unprovoked,usa,florida,N,,north america,1986,morning,nov,4
Unprovoked,usa,florida,N,,north america,1986,morning,nov,4
Unprovoked,usa,florida,N,,north america,1986,unknown,nov,4
Provoked,south africa,kwazulu-natal,N,"Raggedtooth shark, 1.96 m, 140-kg ",africa,1986,unknown,oct,4
Unprovoked,usa,florida,N,"Lemon shark, 1.8 m to 2.4 m [6' to 8'], tooth fragment recovered",north america,1986,evening,oct,4
Unprovoked,south africa,kwazulu-natal,N,1.6 m shark,africa,1986,morning,oct,4
Unprovoked,australia,western australia,UNKNOWN,,oceania,1986,unknown,oct,4
Unprovoked,usa,florida,N,Bull shark,north america,1986,unknown,oct,4
Invalid,usa,florida,,Shark involvement prior to death was not confirmed,north america,1986,unknown,sep,3
Unprovoked,usa,florida,N,,north america,1986,unknown,sep,3
Unprovoked,usa,florida,N,,north america,1986,unknown,sep,3
Unprovoked,usa,north carolina,N,,north america,1986,unknown,aug,3
Invalid,south africa,western cape province,,Invalid,africa,1986,morning,aug,3
Unprovoked,australia,new south wales,N,Wobbegong shark,oceania,1986,unknown,aug,3
Unprovoked,france,gulf of lyons,N,,europe,1986,unknown,aug,3
Watercraft,australia,western australia,N,Tooth fragment of a white shark recovered. Authorities believed shark was 6 m [20']  total length,oceania,1986,unknown,jul,3
Unprovoked,usa,south carolina,N,1.5 m [5'] shark,north america,1986,unknown,jul,3
Unprovoked,south africa,kwazulu-natal,N,1.2 m [4'] dusky shark,africa,1986,evening,jul,3
Unprovoked,australia,new south wales,N,Wobbegong shark,oceania,1986,unknown,may,2
Unprovoked,usa,hawaii,Y,,north america,1986,unknown,apr,2
Unprovoked,spain,catalonia,N,2 m shark,europe,1986,unknown,apr,2
Unprovoked,spain,cádiz,N,3.5 m white shark,europe,1986,morning,mar,1
Unprovoked,south africa,kwazulu-natal,N,>1 m shark,africa,1986,afternoon,mar,1
Unprovoked,south africa,eastern cape province,N,2 m [6.75'] shark,africa,1986,unknown,mar,1
Unprovoked,south africa,eastern cape province,N,>2.4 m [8'] white shark,africa,1986,afternoon,feb,1
Unprovoked,south africa,eastern cape province,N,,africa,1986,evening,feb,1
Unprovoked,south africa,eastern cape province,N,Raggedtooth shark,africa,1986,evening,feb,1
Unprovoked,south africa,western cape province,N,"Raggedtooth shark, 2 m [6.75'] ",africa,1986,afternoon,feb,1
Unprovoked,australia,victoria,N,"Bronze whaler shark, 3.5 m ",oceania,1986,unknown,feb,1
Unprovoked,usa,florida,N,Blacktip shark,north america,1986,morning,jan,1
Unprovoked,usa,california,N,1.5 m [5'] shark,north america,1986,afternoon,,0
Unprovoked,south africa,kwazulu-natal,N,,africa,1985,unknown,dec,4
Unprovoked,usa,north carolina,N,Sandtiger shark,north america,1985,unknown,dec,4
Provoked,australia,queensland,N,1m shark,oceania,1985,afternoon,nov,4
Watercraft,usa,california,N,5.2 to 5.8 m white shark,north america,1985,unknown,nov,4
Provoked,usa,california,N,,north america,1985,unknown,nov,4
Unprovoked,south africa,eastern cape province,N,2.5 m [8.25'] white shark,africa,1985,morning,oct,4
Unprovoked,usa,california,N,2 m to 2.5 m [6.75'  to 8.25'] sixgill or sevengill shark,north america,1985,afternoon,oct,4
Unprovoked,usa,hawaii,N,"Thought to involve a Tiger shark,  3.7 m [12'] ",north america,1985,unknown,oct,4
Unprovoked,usa,hawaii,N,1.8 m to 2.4 m [6' to 8'] shark,north america,1985,unknown,oct,4
Provoked,usa,alabama,N,"6', 100-lb shark",north america,1985,unknown,oct,4
Unprovoked,usa,california,N,4 m to 5 m [13' to 16.5'] white shark,north america,1985,unknown,sep,3
Invalid,south africa,kwazulu-natal,,Shark involvement prior to death was not confirmed,africa,1985,unknown,sep,3
Unprovoked,usa,florida,N,1.8 m silky shark,north america,1985,afternoon,sep,3
Invalid,usa,florida,,Invalid,north america,1985,afternoon,sep,3
Unprovoked,usa,south carolina,N,,north america,1985,unknown,aug,3
Invalid,usa,florida,,Shark involvement not confirmed,north america,1985,afternoon,aug,3
Invalid,usa,florida,,Shark involvement prior to death not confirmed,north america,1985,morning,aug,3
Unprovoked,usa,florida,N,Possibly a small hammerhead shark,north america,1985,evening,jul,3
Unprovoked,usa,florida,N,,north america,1985,morning,jul,3
Watercraft,usa,california,N,5 m to 6 m [16.5' to 20'] white shark,north america,1985,unknown,jul,3
Unprovoked,usa,south carolina,N,"Tiger shark, 2.4 m to 2.7 m [8' to 9'] ",north america,1985,unknown,jul,3
Unprovoked,italy,sicily,N,"3 m to 3.6 m  [10' to 11'9""] white shark",europe,1985,afternoon,jul,3
Unprovoked,usa,california,N,Shark involvement not confirmed,north america,1985,unknown,may,2
Provoked,south africa,kwazulu-natal,N,30-kg [66-lb] shark,africa,1985,unknown,may,2
Unprovoked,usa,florida,N,,north america,1985,unknown,mar,1
Unprovoked,australia,south australia,Y,6 m [20'] white shark,oceania,1985,afternoon,mar,1
Unprovoked,usa,california,N,6 m [20'] white shark,north america,1985,afternoon,feb,1
Unprovoked,usa,florida,N,,north america,1985,afternoon,feb,1
Unprovoked,south africa,western cape province,N,Raggedtooth shark,africa,1985,evening,jan,1
Invalid,south africa,kwazulu-natal,,Shark involvement prior to death was not confirmed,africa,1985,unknown,jan,1
Unprovoked,south africa,kwazulu-natal,N,"3.5 m white shark, tooth fragments recovered",africa,1985,evening,jan,1
Watercraft,new zealand,south island,N,6 m shark,oceania,1985,unknown,jan,1
Unprovoked,south africa,western cape province,N,3.5 m [11.5'] white shark,africa,1985,morning,jan,1
Unprovoked,new caledonia,south province,N,Tiger shark,new caledonia,1985,unknown,jan,1
Provoked,south africa,kwazulu-natal,N,1.5 m [5'] dusky shark,africa,1985,morning,jan,1
Unprovoked,iran,,Y,Bull shark,asia,1985,unknown,,0
Watercraft,italy,tyrrhenian sea,N,White shark,europe,1984,unknown,dec,4
Unprovoked,australia,queensland,Y,"Tiger shark, 4 m ",oceania,1984,afternoon,nov,4
Unprovoked,usa,florida,N,1.2 m [4'] shark,north america,1984,unknown,nov,4
Provoked,usa,florida,N,"""a small shark""",north america,1984,unknown,nov,4
Invalid,usa,florida,,Shark involvement prior to death was not confirmed,north america,1984,afternoon,oct,4
Unprovoked,usa,florida,N,1.5 m [5'] shark,north america,1984,afternoon,oct,4
Invalid,usa,florida,,Shark involvement not confirmed; officials considered barracua,north america,1984,afternoon,oct,4
Unprovoked,usa,florida,N,1.2 m [4'] blacktip shark,north america,1984,afternoon,oct,4
Unprovoked,usa,oregon,N,3 m to 5 m [10' to 16.5'] white shark,north america,1984,afternoon,sep,3
Unprovoked,usa,california,N,3 m to 4 m [10' to 13']  white shark,north america,1984,morning,sep,3
Unprovoked,usa,florida,N,,north america,1984,afternoon,sep,3
Unprovoked,usa,florida,N,,north america,1984,unknown,sep,3
Unprovoked,usa,florida,N,Hammerhead shark?+O2356,north america,1984,morning,sep,3
Unprovoked,usa,florida,UNKNOWN,,north america,1984,unknown,sep,3
Unprovoked,usa,california,N,small blue shark,north america,1984,afternoon,sep,3
Unprovoked,usa,california,Y,4.5 m to 5 m white shark,north america,1984,morning,sep,3
Provoked,mexico,baja california,N,4.5 m to 5.5m white shark,north america,1984,evening,sep,3
Invalid,usa,florida,,Invalid,north america,1984,unknown,aug,3
Unprovoked,indonesia,,Y,,asia,1984,unknown,aug,3
Unprovoked,usa,texas,N,,north america,1984,afternoon,jul,3
Unprovoked,usa,texas,N,1.2 m [4'] shark,north america,1984,afternoon,jul,3
Invalid,south africa,western cape province,,Shark involvement prior to death was not confirmed,africa,1984,morning,jul,3
Unprovoked,usa,florida,N,,north america,1984,evening,jul,3
Unprovoked,south africa,kwazulu-natal,N,Raggedtooth shark ,africa,1984,unknown,jul,3
Unprovoked,south africa,western cape province,N,2.4 m [8'] white shark,africa,1984,evening,jun,2
Unprovoked,usa,hawaii,N,1.2 m to 1.5 m [4' to 5'] hammerhead shark,north america,1984,evening,jun,2
Unprovoked,south africa,western cape province,N,,africa,1984,afternoon,may,2
Unprovoked,south africa,kwazulu-natal,N,,africa,1984,evening,mar,1
Watercraft,south africa,eastern cape province,N,2.5 m [8.25'] shark,africa,1984,unknown,mar,1
Unprovoked,australia,western australia,UNKNOWN,,oceania,1984,unknown,mar,1
Provoked,south africa,eastern cape province,N,"Raggedtooth shark, 56-kg [123-lb] ",africa,1984,night,feb,1
Provoked,south africa,kwazulu-natal,N, 1.5 m [5'] dusky shark,africa,1984,morning,feb,1
Invalid,south africa,eastern cape province,,Shark involvement prior to death was not confirmed,africa,1984,unknown,feb,1
Unprovoked,australia,queensland,N,1.5 m white-tipped reef shark,oceania,1984,unknown,feb,1
Unprovoked,south africa,eastern cape province,N,"Raggedtooth shark, 1 m ",africa,1984,morning,jan,1
Unprovoked,south africa,kwazulu-natal,Y,,africa,1984,unknown,jan,1
Provoked,usa,california,N,Sevengill shark,north america,1984,unknown,,0
Unprovoked,usa,florida,N,,north america,1984,unknown,,0
Invalid,greece,andikira fokithes,,Invalid,europe,1983,night,dec,4
Unprovoked,usa,florida,N,,north america,1983,afternoon,dec,4
Unprovoked,australia,south australia,N,12' white shark,oceania,1983,unknown,dec,4
Unprovoked,south africa,eastern cape province,N,,africa,1983,afternoon,dec,4
Unprovoked,south africa,eastern cape province,N,"Raggedtooth shark, >1 m ",africa,1983,morning,dec,4
Invalid,south africa,kwazulu-natal,,Invalid,africa,1983,unknown,dec,4
Sea Disaster,philippines,central philippines,N,.5 m shark,asia,1983,unknown,nov,4
Unprovoked,usa,florida,N,Tiger shark,north america,1983,unknown,nov,4
Invalid,south africa,kwazulu-natal,,Shark involvement prior to death was not confirmed,africa,1983,unknown,nov,4
Unprovoked,usa,florida,N,1.5 m [5'] shark,north america,1983,unknown,oct,4
Unprovoked,usa,florida,N,4.5' shark,north america,1983,unknown,oct,4
Unprovoked,usa,florida,N,,north america,1983,unknown,sep,3
Unprovoked,usa,oregon,N,White shark,north america,1983,morning,aug,3
Unprovoked,south africa,western cape province,N,5 m [16.5'] white shark,africa,1983,morning,aug,3
Unprovoked,usa,virginia,N,Sand shark,north america,1983,morning,aug,3
Provoked,usa,florida,N,Nurse shark,north america,1983,unknown,aug,3
Unprovoked,usa,florida,N,6' to 8' bull shark,north america,1983,morning,aug,3
Watercraft,usa,rhode island,N,,north america,1983,unknown,aug,3
Sea Disaster,australia,queensland,Y,"Tiger shark, 5 m [16.5']",oceania,1983,night,jul,3
Sea Disaster,australia,queensland,Y,"Tiger shark, 5 m [16.5']",oceania,1983,night,jul,3
Sea Disaster,australia,queensland,N,"Tiger shark, 5 m [16.5']",oceania,1983,night,jul,3
Unprovoked,south africa,eastern cape province,N,3 m to 4 m [10' to 13'] shark,africa,1983,unknown,jul,3
Unprovoked,usa,florida,N,3.5' hammerhead shark,north america,1983,afternoon,jul,3
Unprovoked,bahamas,abaco islands,N,,north america,1983,afternoon,jul,3
Unprovoked,usa,florida,N,,north america,1983,unknown,jul,3
Unprovoked,usa,florida,N,,north america,1983,morning,jun,2
Unprovoked,bahamas,abaco islands,Y,,north america,1983,afternoon,jun,2
Unprovoked,usa,florida,N,,north america,1983,afternoon,jun,2
Unprovoked,bahamas,,N,6' blacktip shark,north america,1983,morning,jun,2
Invalid,italy,northwest italy,,Questionable incident,europe,1983,unknown,jun,2
Unprovoked,bahamas,berry islands,N,Caribbean reef shark,north america,1983,evening,jun,2
Unprovoked,usa,florida,N,6' shark,north america,1983,evening,may,2
Unprovoked,usa,florida,N,,north america,1983,unknown,may,2
Unprovoked,usa,florida,N,,north america,1983,afternoon,may,2
Unprovoked,usa,florida,UNKNOWN,,north america,1983,unknown,apr,2
Unprovoked,south africa,eastern cape province,N,"Raggedtooth shark, 1.5 m [5'] (tooth fragment recovered)",africa,1983,evening,apr,2
Unprovoked,usa,florida,N,,north america,1983,morning,apr,2
Invalid,south africa,kwazulu-natal,,Questionable incident,africa,1983,unknown,apr,2
Unprovoked,south africa,kwazulu-natal,N,1.8 m [6'] Zambezi shark,africa,1983,morning,mar,1
Unprovoked,south africa,eastern cape province,N,Blacktip or spinner shark,africa,1983,afternoon,mar,1
Unprovoked,usa,florida,N,,north america,1983,unknown,mar,1
Unprovoked,new caledonia,loyalty islands,N,"""a small shark""",new caledonia,1983,unknown,mar,1
Unprovoked,south africa,kwazulu-natal,N,3 m [10'] shark,africa,1983,afternoon,feb,1
Provoked,usa,south carolina,N,,north america,1983,unknown,jan,1
Invalid,south africa,kwazulu-natal,,Shark involvement prior to death was not confirmed,africa,1983,unknown,jan,1
Unprovoked,south africa,western cape province,N,,africa,1983,evening,jan,1
Unprovoked,south africa,western cape province,N,White shark,africa,1983,afternoon,jan,1
Provoked,usa,north & south carolina,N,Blue sharks,north america,1983,unknown,,0
Unprovoked,australia,new south wales,N,"Bronze whaler, 2m",oceania,1982,morning,dec,4
Unprovoked,usa,south carolina,N,,north america,1982,unknown,nov,4
Sea Disaster,usa,carolina coast,Y x 2,,north america,1962,unknown,oct,4
Unprovoked,usa,florida,N,1.5 m [5'] shark,north america,1982,morning,oct,4
Unprovoked,south africa,eastern cape province,N,,africa,1982,afternoon,sep,3
Unprovoked,south africa,eastern cape province,N,"Believed to involve a 2.8 m [9'3""] white shark",africa,1982,afternoon,sep,3
Unprovoked,usa,florida,N,1.5 m [5'] shark,north america,1982,afternoon,sep,3
Unprovoked,usa,california,N,White shark,north america,1982,morning,sep,3
Unprovoked,usa,california,N,5 m to 6 m [16.5' to 20'] white shark,north america,1982,afternoon,sep,3
Invalid,usa,florida,,Shark involvement prior to death was not confirmed,north america,1982,unknown,sep,3
Unprovoked,japan,kumamoto prefecture,Y,,asia,1982,unknown,aug,3
Invalid,usa,california,,Questionable incident; reported as shark attack but thought to involve a pinniped instead ,north america,1982,morning,aug,3
Unprovoked,south africa,western cape province,N,,africa,1982,afternoon,aug,3
Invalid,south africa,kwazulu-natal,,Invalid,africa,1982,afternoon,jul,3
Unprovoked,south africa,eastern cape province,N,"2.4 m [8'] white shark, species identity confirmed by tooth fragment",africa,1982,afternoon,jul,3
Unprovoked,usa,california,N,4.5 m to 5.5 m [14.7' to 18'] white shark,north america,1982,morning,jul,3
Unprovoked,usa,florida,N,0.9 m to 1.2 m [3' to 4'] shark,north america,1982,afternoon,jul,3
Invalid,usa,california,,"Reported as a shark attack, the story was a hoax",north america,1982,unknown,jul,3
Unprovoked,usa,florida,N,,north america,1982,afternoon,jul,3
Unprovoked,new caledonia,south province,N,,new caledonia,1982,unknown,jul,3
Unprovoked,south africa,eastern cape province,Y,"2.4 m [8'] white shark, species identity confirmed by witnesses & tooth pattern in surfboard",africa,1982,morning,jun,2
Unprovoked,usa,south carolina,N,5' shark,north america,1982,afternoon,jun,2
Unprovoked,bahamas,andros islands,N,"Lemon shark, 2 m [6'9""]",north america,1982,unknown,jun,2
Unprovoked,usa,florida,N,,north america,1982,morning,jun,2
Unprovoked,usa,hawaii,N,"1.2 m to 1.5 m [4' to 5'] ""reef shark""",north america,1982,unknown,jun,2
Invalid,usa,south carolina,,Shark involvement prior to death was not confirmed,north america,1982,unknown,may,2
Unprovoked,usa,florida,N,,north america,1982,afternoon,mar,1
Unprovoked,australia,new south wales,Y,,oceania,1982,afternoon,mar,1
Unprovoked,new caledonia,,N,,new caledonia,1982,unknown,mar,1
Unprovoked,australia,tasmania,Y,5.5 m [18''] white shark,oceania,1982,unknown,feb,1
Unprovoked,usa,florida,N,4' to 5' shark,north america,1982,unknown,feb,1
Provoked,south africa,western cape province,N,,africa,1982,unknown,feb,1
Unprovoked,usa,hawaii,N,,north america,1982,unknown,feb,1
Unprovoked,usa,hawaii,N,,north america,1982,unknown,feb,1
Unprovoked,usa,florida,Y,,north america,1982,morning,feb,1
Unprovoked,usa,california,N,5 m [16.5'] white shark,north america,1982,morning,feb,1
Unprovoked,usa,florida,Y,,north america,1982,unknown,feb,1
Unprovoked,south africa,eastern cape province,N,Raggedtooth shark,africa,1982,afternoon,jan,1
Watercraft,italy,tyrrhenian sea,UNKNOWN,6 m [20'] white shark,europe,1982,unknown,,0
Watercraft,italy,tyrrhenian sea,N,White shark,europe,1982,unknown,,0
Unprovoked,usa,california,Y,7 m [23'] white shark,north america,1981,evening,dec,4
Unprovoked,australia,queensland,N,,oceania,1981,unknown,dec,4
Unprovoked,usa,hawaii,N,"Tiger shark, 3.7 m [12']",north america,1981,unknown,dec,4
Unprovoked,france,saint-philippe,N,,europe,1981,afternoon,nov,4
Provoked,south africa,western cape province,N,"3.5 m [11.5'], 510-kg [1125-lb] hooked & shot white shark",africa,1981,unknown,oct,4
Unprovoked,usa,hawaii,N,"2.1 m [7'] shark with ""a very flat head” that had followed the boat for 3 days",north america,1981,unknown,nov,4
Unprovoked,usa,florida,N,1.8 m to 2.4 m [6' to 8'] shark,north america,1981,morning,oct,4
Unprovoked,usa,florida,UNKNOWN,,north america,1981,morning,oct,4
Unprovoked,usa,florida,N,,north america,1981,unknown,oct,4
Unprovoked,usa,florida,N,6' shark,north america,1981,unknown,oct,4
Unprovoked,usa,florida,N,,north america,1981,evening,sep,3
Unprovoked,usa,florida,N,,north america,1981,unknown,sep,3
Unprovoked,usa,florida,Y,Said to involve a tiger shark or a hammerhead shark,north america,1981,unknown,sep,3
Unprovoked,usa,florida,N,,north america,1981,afternoon,sep,3
Unprovoked,usa,florida,N,,north america,1981,morning,sep,3
Unprovoked,usa,florida,N,6' shark,north america,1981,unknown,aug,3
Provoked,usa,florida,N,"1.8 m [6'] shark, species identity questionable",north america,1981,unknown,aug,3
Invalid,usa,hawaii,,Shark involvement prior to death remains unconfirmed,north america,1981,unknown,aug,3
Unprovoked,usa,florida,N,small nurse shark,north america,1981,unknown,aug,3
Unprovoked,usa,florida,Y,,north america,1981,unknown,aug,3
Unprovoked,bahamas,grand bahama island,N,Mako shark (tooth fragments recovered),north america,1981,afternoon,aug,3
Unprovoked,usa,florida,N,"""sandshark""",north america,1981,unknown,jul,3
Unprovoked,south africa,eastern cape province,N,Possibly a  1.8 m [6'] Zambezi shark,africa,1981,morning,jul,3
Unprovoked,usa,florida,N,2.4 m [8'] shark,north america,1981,evening,jul,3
Unprovoked,south africa,kwazulu-natal,N,"""gray shark""",africa,1981,unknown,jul,3
Watercraft,united kingdom,,N,"13', 400-lb thresher shark",europe,1981,unknown,jun,2
Invalid,usa,hawaii,,Shark involvement prior to death was not confirmed,north america,1981,unknown,jun,2
Unprovoked,usa,hawaii,Y,,north america,1981,unknown,may,2
Unprovoked,south africa,eastern cape province,N,Raggedtooth shark,africa,1981,morning,may,2
Unprovoked,usa,florida,N,,north america,1981,unknown,may,2
Unprovoked,usa,florida,N,Lemon shark,north america,1981,unknown,may,2
Unprovoked,south africa,eastern cape province,N,"Raggedtooth shark, 2.5 m [8.25'] ",africa,1981,afternoon,may,2
Sea Disaster,united kingdom,,N,,europe,1981,unknown,mar,1
Unprovoked,south africa,eastern cape province,N,"Tiger shark, 2.1 m [7']",africa,1981,morning,may,2
Unprovoked,usa,florida,N,"1.2 m to 1.5 m [4' to 5'] bull, sandbar or dusky shark",north america,1981,afternoon,mar,1
Unprovoked,usa,florida,N,C. maculpinnis or C. limbatus,north america,1981,evening,mar,1
Unprovoked,brazil,rio de janeiro,UNKNOWN,White shark,south america,1981,unknown,mar,1
Unprovoked,south africa,kwazulu-natal,N,Juvenile dusky or blacktip shark,africa,1981,evening,feb,1
Unprovoked,australia,western australia,N,1 m hammerhead shark,oceania,1981,unknown,feb,1
Unprovoked,australia,western australia,UNKNOWN,,oceania,1981,unknown,feb,1
Unprovoked,usa,florida,N,1.8 m to 2.4 m [6' to 8'] hammerhead shark,north america,1981,afternoon,feb,1
Unprovoked,brazil,rio de janeiro,N,,south america,1981,unknown,feb,1
Unprovoked,usa,florida,N,Tiger shark,north america,1981,unknown,jan,1
Invalid,south africa,kwazulu-natal,,Shark involvement prior to death was not confirmed,africa,1981,unknown,jan,1
Unprovoked,australia,new south wales,N,"Tiger shark, 2.5 m ",oceania,1981,morning,,0
Unprovoked,greece,pagasitikos gulf,N,,europe,1981,unknown,,0
Unprovoked,south africa,eastern cape province,N,3.5 m [11.5'] shark,africa,1980,evening,,0
Invalid,south africa,eastern cape province,,Shark involvement prior to death was not confirmed,africa,1980,unknown,dec,4
Unprovoked,france,grand'anse,N,1.8 m [6'] white shark,europe,1980,afternoon,nov,4
Unprovoked,australia,western australia,N,,oceania,1980,unknown,nov,4
Invalid,south africa,kwazulu-natal,,Shark involvement prior to death was not confirmed,africa,1980,unknown,nov,4
Unprovoked,brazil,pernambuco,Y,,south america,1980,unknown,nov,4
Unprovoked,usa,oregon,N,4 m to 5 m [13' to 16.5'] white shark,north america,1980,afternoon,oct,4
Unprovoked,usa,california,N,4 m to 5 m [13' to 16.5'] white shark,north america,1980,morning,oct,4
Unprovoked,mexico,,Y,,north america,1980,unknown,aug,3
Unprovoked,usa,louisiana,N,"""sandshark""",north america,1980,unknown,aug,3
Unprovoked,usa,north carolina,N,,north america,1980,unknown,aug,3
Unprovoked,usa,hawaii,N,"Tiger shark, 4.3 m [14'] ",north america,1980,unknown,aug,3
Unprovoked,spain,canary islands,N,Blue shark,europe,1980,unknown,jul,3
Unprovoked,usa,new jersey,N,,north america,1980,afternoon,jul,3
Unprovoked,usa,delaware,N,4' to 8' shark,north america,1980,afternoon,jul,3
Unprovoked,usa,north carolina,N,,north america,1980,unknown,jul,3
Unprovoked,usa,florida,N,,north america,1980,unknown,jul,3
Provoked,usa,california,N,Blue shark,north america,1980,unknown,jun,2
Unprovoked,south africa,eastern cape province,N,1.8 m [6'] shark,africa,1980,morning,may,2
Provoked,jamaica,st. mary's parish,N,,north america,1980,unknown,apr,2
Sea Disaster,philippines,romblon province,Y,,asia,1980,night,apr,2
Unprovoked,mexico,sinaloa,N,Tiger shark,north america,1980,afternoon,apr,2
Unprovoked,south africa,kwazulu-natal,Y,Tiger shark,africa,1980,unknown,mar,1
Unprovoked,brazil,rio de janeiro,N,2 m shark,south america,1980,afternoon,mar,1
Sea Disaster,philippines,,Y,,asia,1980,unknown,mar,1
Provoked,south africa,western cape province,N,1.5 m [5'] hammerhead shark,africa,1980,unknown,mar,1
Unprovoked,south africa,kwazulu-natal,N,"2.8 m [9'3""] white shark",africa,1980,afternoon,jan,1
Provoked,south africa,kwazulu-natal,N,"2 m [6'9""] Zambesi shark",africa,1980,morning,jan,1
Unprovoked,south africa,eastern cape province,N,Hammerhead shark,africa,1980,unknown,jan,1
Unprovoked,south africa,eastern cape province,N,"Raggedtooth shark, 2 m [6'9""] ",africa,1980,evening,jan,1
Invalid,greece,island of kos,,Said to involve a white shark but shark involvement not confirmed,europe,1980,unknown,,0
Invalid,south africa,eastern cape province,,Invalid,africa,1980,afternoon,,0
Unprovoked,south africa,eastern cape province,N,,africa,1979,afternoon,dec,4
Unprovoked,usa,oregon,N,"White shark, 4 m [13'] ",north america,1979,morning,nov,4
Provoked,south africa,western cape province,N,"White shark, 5 m ",africa,1979,unknown,nov,4
Provoked,south africa,eastern cape province,N,"Raggedtooth shark, 50-kg [110-lb], 2 m [6.75'] gaffed ",africa,1979,unknown,oct,4
Unprovoked,australia,new south wales,N,"""a small shark""",oceania,1979,unknown,sep,3
Unprovoked,china,,Y,,asia,1979,unknown,aug,3
Unprovoked,china,ho ha wan marine park,Y,,asia,1979,unknown,aug,3
Unprovoked,usa,florida,N,,north america,1979,unknown,aug,3
Sea Disaster,usa,florida,N,,north america,1979,morning,jun,2
Invalid,usa,florida,,Shark involvement prior to death was not confirmed,north america,1979,unknown,may,2
Provoked,south africa,western cape province,N,"White shark, 2.5 m [8.25']  ",africa,1979,afternoon,may,2
Unprovoked,south africa,kwazulu-natal,Y,,africa,1979,afternoon,may,2
Unprovoked,new caledonia,north province,N,,new caledonia,1979,unknown,may,2
Unprovoked,new caledonia,north province,Y,2 m shark,new caledonia,1979,unknown,may,2
Unprovoked,usa,florida,N,,north america,1979,afternoon,apr,2
Unprovoked,usa,florida,N,,north america,1979,morning,apr,2
Unprovoked,usa,florida,N,Blacktip or spinner shark,north america,1979,morning,mar,1
Unprovoked,usa,california,N,"White shark, 4 m to 5 m [13' to 16.5'] ",north america,1979,morning,mar,1
Watercraft,south africa,western cape province,N,,africa,1979,unknown,mar,1
Unprovoked,new caledonia,grand terre,Y,,new caledonia,1979,unknown,mar,1
Unprovoked,south africa,eastern cape province,N,1.5 m to 2 m [5' to 6.75'] shark,africa,1979,afternoon,feb,1
Unprovoked,usa,hawaii,Y,,north america,1979,unknown,,0
Unprovoked,australia,queensland,N,,oceania,1978,unknown,dec,4
Unprovoked,south africa,kwazulu-natal,Y,"White shark, 2.3 m [7.5'], tooth fragment recovered",africa,1978,afternoon,dec,4
Unprovoked,usa,hawaii,N,2.4 m [8'] shark,north america,1978,unknown,nov,4
Unprovoked,usa,florida,N,,north america,1978,unknown,nov,4
Invalid,south africa,kwazulu-natal,,Shark involvement prior to death was not confirmed,africa,1978,evening,oct,4
Unprovoked,south africa,western cape province,N,"White shark, 3.7 m [12'] ",africa,1978,afternoon,sep,3
Unprovoked,italy,tyrrhenian sea,N,"White shark, 5 m [16.5'] ",europe,1978,morning,sep,3
Unprovoked,usa,california,N,small blue shark,north america,1978,afternoon,sep,3
Unprovoked,australia,tasmania,N,15' shark,oceania,1978,unknown,sep,3
Unprovoked,usa,california,N,"2 m [6'9""] shark",north america,1978,afternoon,aug,3
Unprovoked,usa,florida,N,,north america,1978,unknown,aug,3
Sea Disaster,usa,south carolina,N,,north america,1978,unknown,jul,3
Provoked,usa,california,N,,north america,1978,unknown,jul,3
Unprovoked,usa,florida,N,,north america,1978,unknown,jun,2
Unprovoked,usa,florida,N,,north america,1978,unknown,jun,2
Invalid,italy,golfo de venezia,,Invalid,europe,1978,unknown,jun,2
Unprovoked,australia,tasmania,N,"Sevengill shark, 2.4 m",oceania,1978,unknown,apr,2
Watercraft,south africa,eastern cape province,N,,africa,1978,unknown,mar,1
Unprovoked,south africa,western cape province,N,270 kg shark,africa,1978,night,feb,1
Unprovoked,south africa,western cape province,N,White shark,africa,1978,unknown,feb,1
Unprovoked,south africa,kwazulu-natal,N,Thought to involve a blacktip shark,africa,1978,afternoon,jan,1
Invalid,south africa,kwazulu-natal,,Shark involvement prior to death was not confirmed,africa,1978,unknown,jan,1
Unprovoked,usa,florida,N,,north america,1978,unknown,,0
Sea Disaster,usa,hawaii,N,,north america,1977,night,dec,4
Unprovoked,usa,florida,N,,north america,1977,unknown,dec,4
Unprovoked,south africa,eastern cape province,N,"Tiger shark, 3 m [10']",africa,1977,morning,dec,4
Watercraft,south africa,western cape province,N,3 m [10'] white shark (Tooth  recovered from boat),africa,1977,unknown,dec,4
Provoked,south africa,western cape province,N,1.5 to 2 m [5' to 6.75'] shark,africa,1977,unknown,nov,4
Unprovoked,south africa,western cape province,N,"White shark, 5 m [16.5'] ",africa,1977,afternoon,oct,4
Unprovoked,australia,south australia,N,White shark,oceania,1977,afternoon,aug,3
Unprovoked,australia,queensland,Y,,oceania,1977,unknown,aug,3
Watercraft,south africa,western cape province,N,White shark,africa,1977,afternoon,aug,3
Unprovoked,usa,california,N,"White shark, 5.5 m to 6 m [18' to 20']  ",north america,1977,morning,aug,3
Invalid,usa,florida,,Shark involvement not confirmed,north america,1977,unknown,aug,3
Sea Disaster,usa,california,N,,north america,1977,night,jul,3
Provoked,usa,florida,N,"Bull shark, 8",north america,1977,afternoon,jun,2
Unprovoked,usa,texas,N,"Bull shark, 4' to 5' ",north america,1977,unknown,jun,2
Watercraft,south africa,western cape province,N,"Mako shark, 2.3 m, 150-kg  ",africa,1977,unknown,may,2
Invalid,australia,queensland,,,oceania,1977,unknown,may,2
Unprovoked,australia,queensland,N,,oceania,1977,unknown,apr,2
Unprovoked,usa,hawaii,N,1.2 m [4'] shark,north america,1977,unknown,apr,2
Unprovoked,south africa,western cape province,N,,africa,1977,evening,mar,1
Sea Disaster,australia,queensland,N,,oceania,1977,unknown,mar,1
Sea Disaster,australia,queensland,Y,,oceania,1977,unknown,mar,1
Sea Disaster,australia,queensland,Y,,oceania,1977,unknown,mar,1
Unprovoked,australia,new south wales,N,4 m [13'] shark,oceania,1977,unknown,feb,1
Invalid,australia,victoria,,Shark involvement prior to death was not confirmed,oceania,1977,unknown,feb,1
Unprovoked,new caledonia,,N,,new caledonia,1977,unknown,feb,1
Unprovoked,mexico,guerrero,Y,,north america,1977,afternoon,jan,1
Unprovoked,australia,queensland,N,,oceania,1976,unknown,dec,4
Unprovoked,usa,california,N,"White shark, 5.5 m [18'] ",north america,1976,morning,dec,4
Unprovoked,south africa,western cape province,N,"White shark, 3 m [10'] k",africa,1976,afternoon,nov,4
Invalid,australia,queensland,,Shark involvement prior to death was not confirmed,oceania,1976,unknown,nov,4
Unprovoked,usa,florida,N,2.1 m [7'] lemon shark or bull shark,north america,1976,morning,nov,4
Invalid,south africa,kwazulu-natal,,Questionable incident,africa,1976,unknown,nov,4
Provoked,south africa,western cape province,N,"White shark, 4.8 m ",africa,1976,unknown,nov,4
Watercraft,south africa,western cape province,N,White shark,africa,1976,unknown,oct,4
Unprovoked,usa,california,N,"White shark, 3 m to 4 m [10' to 13'] ",north america,1976,afternoon,oct,4
Unprovoked,south africa,eastern cape province,N,"White shark, 3.5 m [11.5'], species identity confirmed by tooth fragment",africa,1976,morning,oct,4
Sea Disaster,new caledonia,,N,,new caledonia,1976,unknown,sep,3
Unprovoked,australia,south australia,N,2.7 m  [9'] shark,oceania,1976,unknown,sep,3
Sea Disaster,china,south china sea 200 miles from hong kong,Y,,asia,1976,unknown,sep,3
Unprovoked,usa,florida,Y,,north america,1976,unknown,sep,3
Unprovoked,usa,florida,Y,,north america,1976,unknown,sep,3
Unprovoked,usa,florida,N,"Tiger shark, 6' ",north america,1976,afternoon,sep,3
Unprovoked,usa,north carolina,N,,north america,1976,unknown,aug,3
Unprovoked,usa,oregon,N,"White shark, 4.5 m ",north america,1976,afternoon,aug,3
Unprovoked,usa,florida,N,,north america,1976,morning,jul,3
Unprovoked,usa,louisiana,N,,north america,1976,unknown,jul,3
Unprovoked,usa,hawaii,Y,,north america,1976,unknown,jul,3
Unprovoked,usa,florida,N,6' to 8' shark,north america,1976,unknown,jul,3
Unprovoked,usa,florida,N,12' to 14' shark,north america,1976,night,jun,2
Unprovoked,usa,hawaii,N,0.9 m to 1.5 m [3' to 5'] shark,north america,1976,unknown,jun,2
Provoked,italy,reggio calabria province,N,"Blue shark, 2m ",europe,1976,unknown,jun,2
Watercraft,australia,queensland,N,1.5 m [5'] shark,oceania,1976,unknown,jun,2
Watercraft,south africa,western cape province,N,"Mako shark, 180-kg [397-lb]",africa,1976,unknown,may,2
Invalid,usa,texas,,Shark involvement prior to death was not confirmed,north america,1976,unknown,apr,2
Unprovoked,usa,florida,N,,north america,1976,afternoon,mar,1
Watercraft,south africa,western cape province,N,Whale shark,africa,1976,unknown,mar,1
Watercraft,south africa,western cape province,N,White shark named “Spotty”,africa,1976,unknown,mar,1
Watercraft,south africa,western cape province,N,White shark named “Spotty”,africa,1976,unknown,mar,1
Watercraft,south africa,western cape province,N,2.5 m [8.25'] white shark,africa,1976,unknown,feb,1
Provoked,south africa,western cape province,N,4 m [13'] shark,africa,1976,unknown,jan,1
Unprovoked,australia,queensland,N,,oceania,1976,unknown,jan,1
Provoked,south africa,western cape province,N,"White shark, 3 m [10'] ",africa,1976,morning,jan,1
Unprovoked,usa,florida,N,6' shark,north america,1976,unknown,jan,1
Unprovoked,new zealand,north island,Y,Bronze whaler shark,oceania,1976,afternoon,jan,1
Unprovoked,usa,hawaii,Y,,north america,1976,unknown,,0
Watercraft,australia,south australia,N,2.4 m [8'] shark,oceania,1975,unknown,dec,4
Unprovoked,usa,california,N,White shark,north america,1975,afternoon,dec,4
Provoked,australia,new south wales,N,"Grey nurse shark, 10' ",oceania,1975,unknown,dec,4
Unprovoked,australia,new south wales,N,5' shark,oceania,1975,unknown,nov,4
Unprovoked,south africa,kwazulu-natal,N,Juvenile dusky shark,africa,1975,morning,nov,4
Unprovoked,australia,queensland,N,,oceania,1975,unknown,nov,4
Unprovoked,usa,florida,N,6' shark,north america,1975,unknown,nov,4
Invalid,usa,new jersey,,Shark involvement unconfirmed,north america,1975,morning,oct,4
Unprovoked,australia,new south wales,N,Bronze whaler,oceania,1975,unknown,oct,4
Invalid,usa,california,,Questionable incident,north america,1975,unknown,oct,4
Unprovoked,south africa,kwazulu-natal,N,1.2 m [4'] shark,africa,1975,unknown,sep,3
Unprovoked,south africa,eastern cape province,N,"White shark, 2.4 m [8']",africa,1975,afternoon,aug,3
Unprovoked,usa,florida,N,1.5 m [5'] shark,north america,1975,afternoon,aug,3
Unprovoked,usa,california,N,White shark,north america,1975,afternoon,aug,3
Unprovoked,china,mirs bay,N,,asia,1975,unknown,aug,3
Sea Disaster,usa,oregon,Y,,north america,1975,unknown,jul,3
Unprovoked,australia,tasmania,Y,White shark,oceania,1975,afternoon,jul,3
Unprovoked,usa,florida,N,,north america,1975,unknown,jul,3
Unprovoked,australia,queensland,N,12' shark,oceania,1975,unknown,jul,3
Unprovoked,usa,california,N,"White shark, 5.8 m [19'] ",north america,1975,afternoon,jul,3
Unprovoked,usa,california,N,"White shark, 5m to 6m",north america,1975,afternoon,jul,3
Unprovoked,usa,florida,N,1.2 m [4'] shark,north america,1975,morning,jul,3
Provoked,australia,western australia,N,2.4 m [8'] whaler shark,oceania,1975,unknown,jul,3
Unprovoked,usa,florida,N,,north america,1975,unknown,jul,3
Unprovoked,usa,south carolina,N,4' shark,north america,1975,afternoon,jun,2
Unprovoked,usa,south carolina,N,,north america,1975,afternoon,jun,2
Unprovoked,usa,alabama,N,,north america,1975,unknown,jun,2
Unprovoked,usa,florida,N,,north america,1975,unknown,jun,2
Provoked,usa,florida,N,,north america,1975,unknown,jun,2
Unprovoked,usa,florida,N,,north america,1975,morning,may,2
Unprovoked,usa,florida,N,,north america,1975,unknown,may,2
Invalid,italy,genoa province,,Invalid,europe,1975,unknown,apr,2
Invalid,south africa,kwazulu-natal,,Shark involvement prior to death was not confirmed,africa,1975,unknown,apr,2
Unprovoked,south africa,western cape province,N,"White shark, 600-kg [1323-lb]",africa,1975,afternoon,apr,2
Invalid,south africa,kwazulu-natal,,Shark involvement prior to death was not confirmed,africa,1975,unknown,mar,1
Unprovoked,australia,queensland,N,,oceania,1975,unknown,mar,1
Unprovoked,usa,florida,N,10' shark,north america,1975,unknown,mar,1
Provoked,australia,queensland,N,"Bronze whaler shark, 6'",oceania,1975,unknown,mar,1
Provoked,south africa,western cape province,N,1.5 m [5']  shark,africa,1975,unknown,mar,1
Unprovoked,south africa,kwazulu-natal,N,1.5 m [5'] shark,africa,1975,morning,feb,1
Watercraft,south africa,western cape province,N,"Mako shark, 3 m [10'] ",africa,1975,unknown,feb,1
Unprovoked,australia,south australia,Y,"White shark, 3 m [10'] ",oceania,1975,evening,feb,1
Unprovoked,australia,victoria,N,"Carpet shark, 10' ",oceania,1975,unknown,feb,1
Unprovoked,australia,queensland,N,,oceania,1975,unknown,feb,1
Provoked,south africa,western cape province,N,"Copper shark, 50-kg [110-b] ",africa,1975,unknown,feb,1
Unprovoked,australia,south australia,Y,,oceania,1975,unknown,jan,1
Unprovoked,united kingdom,,N,8' blue shark,europe,1975,unknown,,0
Unprovoked,france,,Y,,europe,1975,unknown,,0
Watercraft,australia,south australia,N,White shark,oceania,1974,morning,dec,4
Unprovoked,australia,western australia,N,,oceania,1974,unknown,dec,4
Unprovoked,usa,florida,N,,north america,1974,afternoon,nov,4
Unprovoked,usa,california,N,"White shark, 5.5 m to 6 m [18' to 20'] ",north america,1974,morning,sep,3
Unprovoked,usa,california,N,"White shark, 4 m to 5 m ",north america,1974,afternoon,sep,3
Unprovoked,usa,california,N,"White shark, 5 m to 6 m [16.5 to 20'] ",north america,1974,evening,sep,3
Unprovoked,usa,california,N,"White shark, 5 m to 6 m [16.5 to 20'] ",north america,1974,evening,sep,3
Sea Disaster,australia,queensland,N,,oceania,1974,unknown,sep,3
Unprovoked,usa,oregon,N,"White shark, 4.5 m ",north america,1974,morning,sep,3
Unprovoked,china,mirs bay,N,,asia,1974,unknown,aug,3
Unprovoked,china,mirs bay,Y,,asia,1974,unknown,aug,3
Unprovoked,china,mirs bay,N,,asia,1974,unknown,aug,3
Unprovoked,china,mirs bay,N,,asia,1974,unknown,aug,3
Unprovoked,croatia,split-dalmatia county,Y,"White shark, 5 m [16.5'] ",europe,1974,afternoon,aug,3
Unprovoked,usa,california,N,"White shark, 5 m ",north america,1974,unknown,aug,3
Unprovoked,usa,california,N,"White shark, 5.5 m [18'] ",north america,1974,unknown,jul,3
Unprovoked,usa,georgia,Y,small sharks',north america,1974,unknown,jul,3
Sea Disaster,usa,florida,Y,3.7 m [12'] sharks,north america,1974,unknown,jul,3
Unprovoked,usa,florida,N,,north america,1974,morning,jun,2
Unprovoked,usa,california,N,"White shark, 5 m [16.5']",north america,1974,morning,may,2
Sea Disaster,brazil,,Y,,south america,1974,unknown,apr,2
Unprovoked,south africa,western cape province,N,"Raggedtooth shark, 1.5 m [5'] ",africa,1974,afternoon,apr,2
Unprovoked,south africa,eastern cape province,N,,africa,1974,afternoon,apr,2
Unprovoked,usa,florida,N,,north america,1974,unknown,apr,2
Unprovoked,south africa,kwazulu-natal,N,Juvenile dusky shark,africa,1974,afternoon,apr,2
Unprovoked,south africa,kwazulu-natal,N,1.8 m [6'] shark,africa,1974,afternoon,mar,1
Watercraft,south africa,western cape province,N,White shark,africa,1974,unknown,mar,1
Unprovoked,south africa,kwazulu-natal,N,,africa,1974,evening,feb,1
Unprovoked,south africa,kwazulu-natal,N,,africa,1974,evening,feb,1
Watercraft,south africa,western cape province,N,5 m white shark,africa,1974,unknown,feb,1
Watercraft,south africa,western cape province,N,White shark,africa,1974,night,feb,1
Unprovoked,south africa,kwazulu-natal,N,"Raggedtooth shark, 1 m ",africa,1974,unknown,jan,1
Unprovoked,australia,south australia,Y,White shark,oceania,1974,unknown,jan,1
Unprovoked,south africa,kwazulu-natal,N,2 m to 2.5 m [6.75'  to 8.25'] shark,africa,1974,afternoon,jan,1
Unprovoked,mozambique,gaza,Y,,africa,1974,unknown,jan,1
Unprovoked,mozambique,gaza,Y,,africa,1974,unknown,jan,1
Unprovoked,australia,western australia,N,"Bronze whaler shark, 4' ",oceania,1974,unknown,,0
Unprovoked,croatia,primorje-gorski kotar county,Y,,europe,1974,unknown,,0
Unprovoked,mozambique,gaza,N,,africa,1973,morning,dec,4
Unprovoked,mozambique,gaza,Y,,africa,1973,afternoon,dec,4
Unprovoked,philippines,luzon,Y,,asia,1973,unknown,dec,4
Unprovoked,usa,hawaii,N,,north america,1973,unknown,dec,4
Unprovoked,mexico,guerrero,Y,,north america,1973,afternoon,dec,4
Unprovoked,australia,western australia,N,,oceania,1973,unknown,nov,4
Unprovoked,usa,florida,N,,north america,1973,afternoon,nov,4
Unprovoked,australia,queensland,N,,oceania,1973,unknown,nov,4
Sea Disaster,south africa,kwazulu-natal,Y,,africa,1973,unknown,sep,3
Unprovoked,bahamas,grand bahama island,N,7' to 8' bull shark,north america,1973,afternoon,sep,3
Unprovoked,china,mirs bay,Y,,asia,1973,unknown,sep,3
Unprovoked,mexico,baja california,Y,White shark,north america,1973,afternoon,sep,3
Unprovoked,egypt,red sea,N,Tiger shark,africa,1973,unknown,sep,3
Unprovoked,australia,queensland,UNKNOWN,,oceania,1973,unknown,aug,3
Unprovoked,australia,queensland,N,12' shark,oceania,1973,unknown,aug,3
Unprovoked,usa,virginia,N,1.5 m to 1.8 m [5' to 6']  blacktip shark,north america,1973,unknown,aug,3
Unprovoked,china,,N,,asia,1973,unknown,jun,2
Unprovoked,mexico,guerrero,Y,,north america,1973,evening,apr,2
Unprovoked,australia,queensland,N,,oceania,1973,unknown,mar,1
Unprovoked,mozambique,gaza,Y,,africa,1973,morning,mar,1
Unprovoked,south africa,kwazulu-natal,N,"2 m shark, possibly a dusky or blacktip shark",africa,1973,morning,mar,1
Unprovoked,mexico,guerrero,Y,,north america,1973,unknown,feb,1
Provoked,south africa,kwazulu-natal,N,1 m shark,africa,1973,unknown,jan,1
Unprovoked,usa,hawaii,N,1.2 m to 1.8 m [4' to 6'] shark observed in area,north america,1973,unknown,jan,1
Unprovoked,south africa,eastern cape province,N,,africa,1973,morning,,0
Unprovoked,south africa,western cape province,N,,africa,1972,afternoon,dec,4
Unprovoked,mozambique,gaza,N,2 m to 3 m shark,africa,1972,afternoon,dec,4
Unprovoked,mexico,guerrero,Y,,north america,1972,afternoon,dec,4
Unprovoked,south africa,western cape province,N,"White shark, > 3 m [10']",africa,1972,morning,dec,4
Unprovoked,australia,queensland,N,,oceania,1972,unknown,dec,4
Provoked,australia,new south wales,N,,oceania,1972,unknown,dec,4
Unprovoked,france,saint-philippe,Y,,europe,1972,unknown,dec,4
Unprovoked,australia,queensland,N,,oceania,1972,unknown,oct,4
Unprovoked,australia,new south wales,N,"Bronze whaler shark, 10' ",oceania,1972,unknown,oct,4
Unprovoked,usa,us virgin islands,Y,Oceanic whitetip shark x 2,north america,1972,unknown,oct,4
Unprovoked,usa,florida,N,,north america,1972,unknown,oct,4
Unprovoked,new zealand,north island,N,,oceania,1972,unknown,oct,4
Unprovoked,usa,california,N,"White shark, 6 m [20'] ",north america,1972,morning,sep,3
Invalid,mozambique,maputo province,,Questionable incident,africa,1972,unknown,sep,3
Unprovoked,usa,florida,N,,north america,1972,evening,aug,3
Unprovoked,usa,hawaii,N,2.4 m [8'] shark,north america,1972,unknown,aug,3
Unprovoked,australia,tasmania,N,"White shark, 10'",oceania,1972,unknown,aug,3
Invalid,usa,california,,Questionable incident,north america,1972,unknown,jul,3
Unprovoked,australia,queensland,Y,,oceania,1972,unknown,jun,2
Unprovoked,australia,queensland,Y,,oceania,1972,unknown,jun,2
Unprovoked,usa,florida,N,4.5' shark,north america,1972,morning,jun,2
Unprovoked,usa,california,N,"White shark, 4.4 m to 5 m [14.5' to 16.5'] ",north america,1972,afternoon,may,2
Unprovoked,france,tuamotus,N,1.5 m grey reef shark,europe,1972,unknown,may,2
Unprovoked,australia,queensland,N,,oceania,1972,unknown,apr,2
Unprovoked,mozambique,gaza,Y,,africa,1972,evening,apr,2
Provoked,pacific ocean,,N,,pacific ocean,1972,unknown,mar,1
Unprovoked,usa,hawaii,N,,north america,1972,unknown,mar,1
Unprovoked,australia,victoria,N,7' shark,oceania,1972,morning,feb,1
Unprovoked,australia,tasmania,N,,oceania,1972,unknown,feb,1
Unprovoked,south africa,eastern cape province,Y,,africa,1972,unknown,jan,1
Unprovoked,south africa,kwazulu-natal,N,Zambesi shark,africa,1972,evening,jan,1
Unprovoked,mozambique,gaza,N,"White shark, 2.5 m [8.25'] ",africa,1972,afternoon,jan,1
Unprovoked,mozambique,maputo province,N,,africa,1972,unknown,jan,1
Unprovoked,france,antibes,N,White shark,europe,1972,unknown,,0
Unprovoked,australia,new south wales,N,,oceania,1971,unknown,dec,4
Unprovoked,south africa,western cape province,N,"White shark, 3 m [10']rk",africa,1971,afternoon,dec,4
Unprovoked,australia,queensland,Y,,oceania,1971,unknown,dec,4
Unprovoked,china,mirs bay,N,,asia,1971,unknown,nov,4
Provoked,australia,new south wales,N,,oceania,1971,unknown,oct,4
Unprovoked,usa,florida,N,5' to 6' shark,north america,1971,afternoon,oct,4
Unprovoked,south africa,kwazulu-natal,N,1.5 m to 2 m shark,africa,1971,evening,oct,4
Unprovoked,usa,california,N,"White shark, 5 m to 6 m [16.5' to 20']  ",north america,1971,afternoon,oct,4
Unprovoked,usa,north carolina,N,,north america,1971,unknown,sep,3
Unprovoked,croatia,istria county,Y,White shark,europe,1971,morning,sep,3
Unprovoked,australia,south australia,Y,,oceania,1971,unknown,sep,3
Provoked,australia,new south wales,N,"Grey nurse shark, 11'",oceania,1971,afternoon,aug,3
Unprovoked,usa,florida,N,,north america,1971,afternoon,jul,3
Unprovoked,usa,california,N,"White shark, 5.5 m to 6 m [18' to 20'] ",north america,1971,unknown,jul,3
Unprovoked,south africa,western cape province,N,"White shark, 3 m [10'], species identity confirmed by witnesses & tooth pattern in leg & board ",africa,1971,afternoon,jun,2
Unprovoked,united kingdom,south devon,N,3.6 m  porbeagle shark,europe,1971,unknown,jun,2
Unprovoked,south africa,western cape province,Y,White shark according to tooth pattern and witnesses,africa,1971,morning,apr,2
Unprovoked,mexico,guerrero,Y,,north america,1971,morning,apr,2
Sea Disaster,mozambique,between beira & maputo,Y,,africa,1971,unknown,apr,2
Unprovoked,new zealand,south island,N,"White shark, 4.6 m [15'] ",oceania,1971,morning,mar,1
Unprovoked,australia,tasmania,N,,oceania,1971,afternoon,jan,1
Unprovoked,usa,california,N,White shark,north america,1971,unknown,,0
Unprovoked,australia,south australia,N,White shark,oceania,1971,unknown,,0
Unprovoked,croatia,istria,,White shark,europe,1971,unknown,,0
Unprovoked,iran,khuzestan province,N,,asia,1971,unknown,,0
Unprovoked,iran,khuzestan province,N,,asia,1971,unknown,,0
Unprovoked,mozambique,inhambe province,Y,,africa,1970,afternoon,dec,4
Unprovoked,mozambique,inhambe province,Y,,africa,1970,unknown,dec,4
Sea Disaster,usa,hawaii,N,,north america,1970,unknown,dec,4
Unprovoked,usa,hawaii,N,,north america,1970,unknown,oct,4
Unprovoked,usa,florida,N,,north america,1970,unknown,oct,4
Unprovoked,usa,florida,N,,north america,1970,morning,sep,3
Provoked,australia,new south wales,N,,oceania,1970,unknown,sep,3
Unprovoked,usa,south carolina,N,"""Dog shark""",north america,1970,unknown,sep,3
Unprovoked,usa,florida,N,,north america,1970,unknown,sep,3
Provoked,usa,florida,N,7.5' shark,north america,1970,unknown,jun,2
Provoked,south africa,kwazulu-natal,N,"Raggedtooth shark, 2 m [6'9""], 5-year-old, captive female ",africa,1970,afternoon,jun,2
Sea Disaster,philippines,200 nm southeast of manila,Y,,asia,1970,unknown,jun,2
Unprovoked,solomon islands,,UNKNOWN,Wobbegong shark,oceania,1970,unknown,apr,2
Invalid,usa,hawaii,,Shark involvement prior to death was not confirmed,north america,1970,unknown,mar,1
Unprovoked,usa,florida,N,,north america,1970,afternoon,mar,1
Unprovoked,mozambique,limpopo river,N,,africa,1970,unknown,jan,1
Unprovoked,mozambique,limpopo river,N,Zambesi shark,africa,1970,unknown,jan,1
Unprovoked,mozambique,limpopo river,N,Zambesi shark,africa,1970,unknown,jan,1
Unprovoked,mozambique,limpopo river,N,Zambesi shark,africa,1970,unknown,jan,1
Sea Disaster,egypt,red sea,Y,,africa,1970,unknown,jan,1
Unprovoked,mexico,guerrero,N,,north america,1970,unknown,jan,1
Unprovoked,united kingdom,devon,N,8' blue shark,europe,1970,unknown,jan,1
Unprovoked,papua new guinea,new ireland province,N,,oceania,1970,unknown,jan,1
Unprovoked,spain,canary islands,N,Blue shark,europe,1970,unknown,,0
Watercraft,italy,sardinia,N,White shark,europe,1970,unknown,,0
Unprovoked,croatia,zadar county,UNKNOWN,White shark,europe,1970,unknown,,0
Unprovoked,australia,western australia,N,,oceania,1969,afternoon,nov,4
Unprovoked,usa,hawaii,N,>2.4 m [8'] shark,north america,1969,unknown,nov,4
Provoked,australia,new south wales,N,,oceania,1969,unknown,nov,4
Unprovoked,usa,hawaii,N,Oceanic whitetip shark,north america,1969,morning,oct,4
Unprovoked,usa,california,N,"White shark, 4.3 m 4.9 m [14' to 16'] ",north america,1969,morning,sep,3
Unprovoked,usa,florida,N,,north america,1969,afternoon,aug,3
Provoked,usa,massachusetts,N,,north america,1969,unknown,aug,3
Unprovoked,usa,florida,N,,north america,1969,morning,aug,3
Unprovoked,usa,florida,N,4' shark,north america,1969,afternoon,aug,3
Provoked,united kingdom,,N,,europe,1969,unknown,jul,3
Provoked,usa,florida,N,Nurse shark,north america,1969,afternoon,jul,3
Unprovoked,usa,california,N,"White shark, 5 m [16.5'] ",north america,1969,afternoon,jul,3
Unprovoked,usa,florida,UNKNOWN,,north america,1969,afternoon,jun,2
Unprovoked,jamaica,clarendon,N,,north america,1969,morning,jun,2
Unprovoked,usa,florida,N,,north america,1969,evening,jun,2
Provoked,usa,texas,N,2' to 3' shark,north america,1969,evening,may,2
Provoked,usa,florida,N,Nurse shark,north america,1969,morning,may,2
Unprovoked,australia,queensland,N,,oceania,1969,unknown,may,2
Invalid,australia,new south wales,,"Considered a ""Doubtful"" incident",oceania,1969,unknown,apr,2
Provoked,usa,florida,N,"Lemon shark, 9' ",north america,1969,unknown,aug,3
Provoked,australia,new south wales,N,Mako shark,oceania,1969,unknown,mar,1
Unprovoked,usa,hawaii,N,"White shark, identified by tooth fragments in surfboard",north america,1969,evening,mar,1
Provoked,australia,tasmania,N,7-gill shark,oceania,1969,unknown,feb,1
Invalid,australia,queensland,,Questionable incident,oceania,1969,unknown,feb,1
Unprovoked,australia,new south wales,N,,oceania,1969,morning,jan,1
Unprovoked,australia,victoria,N,Carpet shark,oceania,1969,unknown,jan,1
Provoked,bahamas,eleuthera,N,10' shark,north america,1969,unknown,,0
Invalid,south africa,kwazulu-natal,,Questionable incident,africa,1968,unknown,dec,4
Provoked,australia,new south wales,N,"Grey nurse shark, 10' ",oceania,1968,morning,dec,4
Unprovoked,new zealand,south island,N,White shark,oceania,1968,evening,dec,4
Unprovoked,australia,south australia,N,White shark,oceania,1968,unknown,dec,4
Unprovoked,south africa,kwazulu-natal,N,"2 scalloped hammerhead sharks, 1.5 m & 1.8 m [5' & 6']",africa,1968,unknown,dec,4
Invalid,south africa,kwazulu-natal,,Questionable incident,africa,1968,unknown,dec,4
Watercraft,south africa,kwazulu-natal,N,"90-kg ""blackfin"" shark",africa,1968,unknown,nov,4
Sea Disaster,papua new guinea,madang province,,Shark involvement prior to death was not confirmed,oceania,1968,unknown,nov,4
Provoked,australia,western australia,N,,oceania,1968,afternoon,nov,4
Provoked,bahamas,,N,,north america,1968,night,oct,4
Unprovoked,usa,florida,N,3 m [10'] bull shark,north america,1968,unknown,oct,4
Sea Disaster,philippines,moro gulf,N,,asia,1968,unknown,oct,4
Invalid,usa,florida,,Shark involvement not confirmed,north america,1968,afternoon,sep,3
Unprovoked,new zealand,south island,Y,"White shark, 4.3 m [14'], (tooth fragment recovered)",oceania,1968,morning,sep,3
Unprovoked,usa,florida,N,a small hammerhead shark,north america,1968,afternoon,aug,3
Unprovoked,usa,florida,N,,north america,1968,evening,aug,3
Unprovoked,france,society islands,N,,europe,1968,unknown,aug,3
Unprovoked,usa,california,N,"White shark, 4 m [13'] ",north america,1968,morning,jul,3
Unprovoked,usa,florida,N,,north america,1968,afternoon,jul,3
Unprovoked,usa,south carolina,N,4m [13'] shark,north america,1968,afternoon,jul,3
Unprovoked,bahamas,great exuma island,Y,,north america,1968,unknown,jul,3
Invalid,mexico,baja california,,Not authenticated,north america,1968,afternoon,jul,3
Unprovoked,bahamas,eleuthera,N,1.5 m to 2 m [5' to 6.75'] Caribbean reef shark ,north america,1968,unknown,jun,2
Unprovoked,usa,florida,N,,north america,1968,morning,jun,2
Unprovoked,united kingdom,,N,Blue shark,europe,1968,unknown,jun,2
Unprovoked,papua new guinea,new ireland province,N,,oceania,1968,unknown,may,2
Invalid,usa,florida,,Shark involvement not confirmed,north america,1968,afternoon,apr,2
Unprovoked,usa,florida,N,2.7 m [9'] silky shark,north america,1968,afternoon,apr,2
Unprovoked,australia,new south wales,N,"Bronze whaler shark, 1.8 m [6'] ",oceania,1968,unknown,apr,2
Unprovoked,papua new guinea,gulf province,Y,,oceania,1968,unknown,apr,2
Provoked,australia,new south wales,N,"""Blue whaler"" (Galeolamna)",oceania,1968,morning,apr,2
Unprovoked,south africa,kwazulu-natal,N,1.5 m to 1.8m [5' to 6'] shark,africa,1968,afternoon,mar,1
Unprovoked,usa,florida,N,,north america,1968,afternoon,mar,1
Invalid,usa,florida,,Invalid,north america,1968,night,mar,1
Unprovoked,usa,florida,N,,north america,1968,afternoon,feb,1
Unprovoked,australia,western australia,N,,oceania,1968,afternoon,feb,1
Provoked,new zealand,north island,N,3' shark,oceania,1968,unknown,feb,1
Unprovoked,australia,south australia,N,"Bronze whaler shark, 3 m [10'] ",oceania,1968,evening,feb,1
Unprovoked,australia,new south wales,N,,oceania,1968,unknown,feb,1
Unprovoked,mozambique,,N,,africa,1968,unknown,feb,1
Unprovoked,papua new guinea,morobe province,Y,,oceania,1968,evening,jan,1
Invalid,usa,florida,,Questionable incident,north america,1968,afternoon,,0
Invalid,usa,florida,,Questionable incident,north america,1968,evening,,0
Unprovoked,south africa,western cape province,N,1.5 m to 1.8 m [5' to 6'] shark,africa,1967,afternoon,dec,4
Invalid,papua new guinea,central province,,Questionable incident,oceania,1967,unknown,dec,4
Unprovoked,fiji,,N,,oceania,1967,morning,dec,4
Unprovoked,australia,victoria,Y,,oceania,1967,unknown,dec,4
Provoked,usa,,N,,north america,1967,unknown,dec,4
Provoked,australia,new south wales,N,Grey nurse shark,oceania,1967,unknown,nov,4
Unprovoked,australia,queensland,N,Grey nurse shark,oceania,1967,unknown,nov,4
Provoked,fiji,,N,,oceania,1967,morning,nov,4
Sea Disaster,philippines,rombion province,Y,,asia,1967,unknown,nov,4
Invalid,south africa,kwazulu-natal,,Shark involvement prior to death was not confirmed,africa,1967,unknown,nov,4
Unprovoked,mexico,veracruz,Y,,north america,1967,unknown,oct,4
Unprovoked,usa,florida,N,small blacktip shark,north america,1967,afternoon,oct,4
Invalid,usa,hawaii,,Shark involvement prior to death was not confirmed,north america,1967,unknown,sep,3
Provoked,italy,brindisi province,,2 m shark,europe,1967,unknown,sep,3
Provoked,papua new guinea,new ireland province,UNKNOWN,,oceania,1967,unknown,sep,3
Unprovoked,usa,florida,N,,north america,1967,afternoon,sep,3
Unprovoked,papua new guinea,new ireland province,Y,,oceania,1967,unknown,sep,3
Unprovoked,papua new guinea,new ireland province,Y,3.7 m [12'] shark,oceania,1967,unknown,sep,3
Provoked,usa,california,N,5' blue shark,north america,1967,afternoon,aug,3
Unprovoked,japan,kagawa prefecture,Y,,asia,1967,afternoon,aug,3
Unprovoked,italy,liguria,N,,europe,1967,unknown,aug,3
Unprovoked,australia,western australia,Y,White shark,oceania,1967,morning,aug,3
Unprovoked,united kingdom,hamilton,N,,europe,1967,afternoon,aug,3
Invalid,australia,new south wales,,Shark involvement prior to death was not confirmed,oceania,1967,night,aug,3
Unprovoked,usa,florida,N,"Nurse shark, 106 cm, 28-lb, male ",north america,1967,afternoon,aug,3
Unprovoked,bahamas,out islands,N,1.5 m to 1.8 m [5' to 6'] sandbar shark,north america,1967,afternoon,aug,3
Unprovoked,usa,florida,N,,north america,1967,afternoon,jul,3
Invalid,usa,south carolina,,Questionable incident,north america,1967,afternoon,jul,3
Provoked,usa,florida,N,"Nurse shark, 1 m ",north america,1967,evening,jun,2
Provoked,italy,sicily,N,"White shark, 4 to 5 m [13' to 16.5'] ",europe,1967,unknown,jun,2
Provoked,australia,south australia,N,Bronze whaler shark,oceania,1967,morning,may,2
Provoked,australia,,N,Grey nurse shark,oceania,1967,afternoon,may,2
Provoked,united kingdom,gibraltar,N,,europe,1967,unknown,apr,2
Provoked,new zealand,north island,N,,oceania,1967,afternoon,mar,1
Unprovoked,south africa,kwazulu-natal,N,"White shark, 3 m [10'] ",africa,1967,morning,mar,1
Provoked,australia,victoria,N,Grey nurse shark,oceania,1967,afternoon,mar,1
Invalid,australia,new south wales,,Shark involvement prior to death was not confirmed,oceania,1967,unknown,mar,1
Unprovoked,new zealand,south island,Y,Thought to involve a white shark,oceania,1967,evening,mar,1
Unprovoked,papua new guinea,new britain,N,3.7 m [12'] shark,oceania,1967,unknown,mar,1
Sea Disaster,mexico,veracruz,Y,,north america,1967,afternoon,feb,1
Watercraft,south africa,western cape province,N,White shark or thresher shark,africa,1967,unknown,jan,1
Provoked,south africa,western cape province,N,2.1 m [7'] sandtiger shark,africa,1967,unknown,jan,1
Unprovoked,mozambique,bay of maputo,N,,africa,1967,unknown,jan,1
Provoked,australia,victoria,N,"""sand shark""",oceania,1967,unknown,jan,1
Unprovoked,australia,tasmania,N,2.1 m [7'] shark,oceania,1966,unknown,dec,4
Provoked,australia,new south wales,N,"Grey nurse shark, 1.5 m [5'] ",oceania,1966,unknown,dec,4
Unprovoked,australia,new south wales,N,"Grey nurse shark, 1.5 m [5']",oceania,1966,unknown,dec,4
Unprovoked,australia,new south wales,N,1.8 m [6'] shark,oceania,1966,unknown,dec,4
Unprovoked,papua new guinea,new ireland province,Y,3.7 m [12'] shark,oceania,1966,unknown,nov,4
Unprovoked,papua new guinea,new ireland province,Y,3.7 m [12'] shark,oceania,1966,morning,oct,4
Unprovoked,papua new guinea,new ireland province,Y,3.7 m [12'] shark,oceania,1966,morning,oct,4
Unprovoked,australia,queensland,N,"Bronze whaler shark, 2.1 m [7'], a tooth was embedded in the speargun ",oceania,1966,afternoon,sep,3
Provoked,usa,hawaii,N,,north america,1966,unknown,sep,3
Invalid,australia,western australia,,Invalid,oceania,1966,unknown,sep,3
Provoked,australia,western australia,UNKNOWN,,oceania,1966,afternoon,sep,3
Unprovoked,australia,western australia,N,"Mako shark, 1.9 m [6.5'] ",oceania,1966,afternoon,sep,3
Provoked,usa,florida,N,"Nurse shark, 2.5' ",north america,1966,unknown,sep,3
Invalid,bahamas,bimini islands,,Invalid,north america,1966,unknown,sep,3
Watercraft,australia,northern territory,N,,oceania,1966,unknown,aug,3
Invalid,south africa,kwazulu-natal,,Invalid,africa,1966,unknown,aug,3
Unprovoked,bahamas,bimini islands,N,,north america,1966,evening,aug,3
Unprovoked,papua new guinea,duke of york islands,Y,A pack of 6 sharks,oceania,1966,afternoon,aug,3
Unprovoked,papua new guinea,duke of york islands,Y,A pack of 6 sharks,oceania,1966,afternoon,aug,3
Unprovoked,croatia,primorje-gorski kotar county,Y,White shark,europe,1966,unknown,aug,3
Unprovoked,italy,taranto province,N,"""small shark""",europe,1966,unknown,aug,3
Invalid,usa,delaware,,Invalid,north america,1966,evening,aug,3
Unprovoked,usa,florida,N,Spinner or blacktip sharks,north america,1966,afternoon,aug,3
Unprovoked,usa,texas,N,Lemon shark or sandtiger shark,north america,1966,unknown,jul,3
Provoked,usa,south carolina,N,4' shark,north america,1966,evening,jul,3
Unprovoked,usa,texas,N,,north america,1966,afternoon,jul,3
Unprovoked,papua new guinea,"admiralty islands, manus province",Y,,oceania,1966,unknown,jul,3
Invalid,usa,florida,,Invalid,north america,1966,morning,jul,3
Provoked,usa,new jersey,N,"Local authorities speculated that the water was too cold for sharks, but a 2.1 m [7'], 200-lb pregnant sandbar shark was caught next day",north america,1966,afternoon,jun,2
Provoked,usa,florida,N,1.2 m [4'] hammerhead shark,north america,1966,morning,jun,2
Unprovoked,usa,texas,N,a small shark,north america,1966,evening,jun,2
Provoked,france,society islands,N,,europe,1966,afternoon,jun,2
Sea Disaster,australia,new south wales,Y,,oceania,1966,night,may,2
Unprovoked,australia,new south wales,N,1.8 m [6'] shark,oceania,1966,night,may,2
Sea Disaster,australia,,Y,Believed white shark and other smaller species of sharks involved.,oceania,1966,unknown,may,2
Invalid,usa,florida,,Invalid,north america,1966,afternoon,may,2
Sea Disaster,philippines,,Y,,asia,1966,unknown,may,2
Unprovoked,usa,puerto rico,N,,north america,1966,afternoon,apr,2
Sea Disaster,australia,new south wales,N,,oceania,1966,unknown,apr,2
Provoked,australia,new south wales,N,"Alleged to involve a White shark, 7.6 m [25'] ",oceania,1966,unknown,mar,1
Unprovoked,australia,new south wales,N,"White shark, 2.5 m [8.25'], an immature female, previously injured",oceania,1966,afternoon,feb,1
Provoked,south africa,western cape province,N,Copper shark,africa,1966,afternoon,jan,1
Sea Disaster,indonesia,north sumatra,Y,,asia,1966,unknown,jan,1
Unprovoked,usa,california,N,"White shark, 3 m [10'] ",north america,1966,morning,jan,1
Unprovoked,australia,new south wales,N,"Wobbegong shark, 5' ",oceania,1966,unknown,jan,1
Unprovoked,south africa,eastern cape province,N,1.5 m to 1.8 m [5' to 6'] Zambesi shark,africa,1966,morning,jan,1
Unprovoked,australia,western australia,N,76 cm [2.5'] carpet shark,oceania,1966,unknown,jan,1
Unprovoked,south africa,kwazulu-natal,N,"1.8 m to 2 m [6' to 6'9""] shark",africa,1966,afternoon,jan,1
Unprovoked,new zealand,north island,Y,,oceania,1966,afternoon,jan,1
Unprovoked,usa,florida,N,Hammerhead shark,north america,1966,afternoon,jan,1
Invalid,usa,california,,Shark involvement not confirmed,north america,1996,unknown,,0
Unprovoked,australia,western australia,N,1.8 m [6'] carpet shark,oceania,1965,unknown,dec,4
Watercraft,australia,south australia,N,15' shark,oceania,1965,morning,dec,4
Provoked,australia,queensland,Y,4.6 m [15'] shark,oceania,1965,unknown,nov,4
Unprovoked,pacific ocean,"250 miles southwest of o'ahu, hawaii",N,,pacific ocean,1965,night,nov,4
Invalid,panama,caribbean sea,,Shark involvement not confirmed,north america,1965,morning,nov,4
Unprovoked,australia,queensland,N,"Grey nurse shark, 2.4 m [8'] ",oceania,1965,afternoon,nov,4
Unprovoked,bahamas,new providence island,N,"1.8 m [6'], 180-lb shark",north america,1965,unknown,oct,4
Unprovoked,bahamas,new providence island,Y,"1.8 m [6'], 180-lb shark",north america,1965,unknown,oct,4
Unprovoked,papua new guinea,west coast,Y,2 sharks involved,oceania,1965,unknown,oct,4
Unprovoked,papua new guinea,new britain,N,,oceania,1965,unknown,oct,4
Provoked,papua new guinea,madang province,N,"""small shark""",oceania,1965,unknown,sep,3
Provoked,papua new guinea,east sepik,N,0.9 m [3'] shark,oceania,1965,afternoon,sep,3
Unprovoked,mexico,veracruz,N,300-kg [662-lb] shark,north america,1965,evening,sep,3
Invalid,philippines,,,Shark involvement not confirmed,asia,1965,unknown,aug,3
Unprovoked,usa,new jersey,N,,north america,1965,evening,aug,3
Provoked,bahamas,bimini islands,N,"Lemon shark, 0.5 m",north america,1964,unknown,jul,3
Unprovoked,mexico,veracruz,Y,,north america,1965,evening,jul,3
Watercraft,united kingdom,hamilton,N,,europe,1965,unknown,jul,3
Invalid,usa,florida,,Questionable incident,north america,1965,unknown,jun,2
Invalid,usa,florida,,Invalid,north america,1965,unknown,jun,2
Unprovoked,mexico,veracruz,N,,north america,1965,afternoon,jun,2
Unprovoked,papua new guinea,near bougainville (north solomons),N,,oceania,1965,unknown,jun,2
Unprovoked,mexico,veracruz,Y,,north america,1965,afternoon,may,2
Unprovoked,mexico,veracruz,Y,,north america,1965,unknown,may,2
Unprovoked,egypt,,N,,africa,1965,unknown,may,2
Unprovoked,jamaica,,N,,north america,1965,unknown,may,2
Unprovoked,mexico,veracruz,N,,north america,1965,unknown,may,2
Unprovoked,usa,florida,N,Bull shark,north america,1965,afternoon,apr,2
Invalid,usa,california,,Invalid,north america,1965,afternoon,apr,2
Unprovoked,usa,florida,N,"White shark, 10' to 12' ",north america,1965,morning,apr,2
Unprovoked,usa,florida,N,Blacktip or spinner shark,north america,1965,morning,apr,2
Invalid,usa,puerto rico,,Shark involvement prior to death was not confirmed,north america,1965,morning,mar,1
Unprovoked,usa,florida,N,Mako shark,north america,1965,afternoon,mar,1
Unprovoked,south africa,kwazulu-natal,N,"1.8 m [6'], 136-kg [300-lb] shark ",africa,1965,afternoon,feb,1
Unprovoked,usa,massachusetts,N,1.2 m [4'] shark,north america,1965,afternoon,feb,1
Invalid,usa,california,,Shark involvement prior to death was not confirmed,north america,1965,unknown,jan,1
Unprovoked,south africa,kwazulu-natal,N,"White shark, 3.7 m [12'] ",africa,1965,afternoon,jan,1
Unprovoked,south africa,kwazulu-natal,N,,africa,1965,afternoon,jan,1
Unprovoked,australia,victoria,N,1.5 m [5'] shark,oceania,1965,unknown,jan,1
Unprovoked,papua new guinea,central province,Y,4.9 m [16'] whaler,oceania,1965,unknown,jan,1
Unprovoked,usa,texas,N,,north america,1965,unknown,,0
Provoked,usa,california,N,,north america,1965,unknown,,0
Provoked,usa,florida,N,"Nurse shark, 0.94 m to 1.2 m [3' to 4'] ",north america,1965,unknown,,0
Unprovoked,egypt,,N,"1.5 m to 2.1 m [5' to 7'] shark, possibly a mako shark",africa,1965,unknown,may,2
Invalid,south africa,eastern cape province,,Questionable incident,africa,1965,unknown,,0
Unprovoked,south africa,eastern cape province,N,Raggedtooth shark ,africa,1964,evening,dec,4
Unprovoked,papua new guinea,bougainville (north solomons),N,,oceania,1964,unknown,dec,4
Watercraft,australia,new south wales,N,4.6 m [15'] shark,oceania,1964,morning,dec,4
Unprovoked,papua new guinea,bougainville (north solomons),N,2.1 m [7'] shark,oceania,1964,afternoon,dec,4
Unprovoked,australia,victoria,N,"White shark, 2.4 m [8'] ",oceania,1964,afternoon,nov,4
Unprovoked,australia,queensland,Y,,oceania,1964,afternoon,nov,4
Provoked,australia,new south wales,N,"White shark, 2.7 m [9'1""], 750-lb ",oceania,1964,unknown,nov,4
Watercraft,usa,puerto rico,N,Mako shark,north america,1964,evening,nov,4
Provoked,south africa,kwazulu-natal,N,,africa,1964,unknown,oct,4
Invalid,usa,florida,,Invalid,north america,1964,night,oct,4
Unprovoked,australia,western australia,N,"Grey nurse shark, 1.8 m [6']",oceania,1964,morning,oct,4
Unprovoked,usa,florida,N,,north america,1964,afternoon,aug,3
Unprovoked,mexico,guerrero,N,1.8 to 2.4 m [6' to 8'] shark,north america,1964,afternoon,aug,3
Invalid,usa,florida,,Invalid,north america,1964,morning,aug,3
Unprovoked,usa,florida,N,3' shark,north america,1964,morning,aug,3
Unprovoked,usa,florida,N,Hammerhead shark,north america,1964,afternoon,aug,3
Unprovoked,japan,okayama prefecture,N,,asia,1964,unknown,aug,3
Unprovoked,panama,san blas,N,Less than 1.2 m [4'],north america,1964,unknown,aug,3
Provoked,usa,puerto rico,N,Nurse shark,north america,1964,morning,jul,3
Unprovoked,south africa,kwazulu-natal,N,Zambesi shark,africa,1964,unknown,jul,3
Invalid,usa,connecticut,,Invalid,north america,1964,unknown,jul,3
Invalid,south africa,kwazulu-natal,Y,,africa,1964,unknown,jul,3
Provoked,usa,florida,N,white shark,north america,1964,unknown,jul,3
Unprovoked,papua new guinea,new ireland province,Y,,oceania,1964,unknown,jul,3
Watercraft,papua new guinea,new ireland province,N,,oceania,1964,unknown,jul,3
Sea Disaster,united kingdom,hamilton,Y,,europe,1964,unknown,jun,2
Invalid,usa,new york,,Shark involvement prior to death was not confirmed,north america,1964,night,jun,2
Watercraft,usa,california,N,2.1 m [7'] shark,north america,1964,unknown,jun,2
Watercraft,papua new guinea,new britain,N,2.4 m [8'] shark,oceania,1964,unknown,jun,2
Unprovoked,fiji,lau group,N,,oceania,1964,unknown,jun,2
Invalid,south africa,kwazulu-natal,,Shark involvement prior to death was not confirmed,africa,1964,evening,jun,2
Unprovoked,panama,caribbean coast,N,Lemon shark ,north america,1964,unknown,may,2
Unprovoked,fiji,vita levu,Y,Tiger shark,oceania,1964,morning,may,2
Unprovoked,panama,san blas islands,Y,1.8 m [6'] shark,north america,1964,unknown,may,2
Unprovoked,papua new guinea,madang province,Y,,oceania,1964,unknown,apr,2
Unprovoked,australia,south australia,N,1.8 m [6'] shark,oceania,1964,unknown,mar,1
Sea Disaster,papua new guinea,central province,Y,,oceania,1964,night,mar,1
Unprovoked,usa,florida,N,1.7 m [5.5'] shark,north america,1964,afternoon,mar,1
Provoked,fiji,,N,"Tiger shark, 3.5 m, 250-lb female",oceania,1964,unknown,feb,1
Unprovoked,new caledonia,,Y,,new caledonia,1964,unknown,feb,1
Unprovoked,fiji,vanua levu,Y,,oceania,1964,morning,feb,1
Unprovoked,new zealand,north island,N,,oceania,1964,afternoon,feb,1
Unprovoked,new zealand,north island,N,"White shark, 3 m [10'] ",oceania,1964,evening,feb,1
Unprovoked,south africa,western cape province,N,"White shark, 1.5 m [5'] k",africa,1954,morning,feb,1
Unprovoked,new zealand,north island,N,"""sand shark""",oceania,1964,unknown,feb,1
Unprovoked,new zealand,south island,Y,"White shark, 3 m to 3.7 m [10' to 12'] ",oceania,1964,morning,feb,1
Invalid,australia,queensland,,Shark involvement prior to death was not confirmed,oceania,1964,morning,feb,1
Watercraft,new zealand,south island,N,1.8 m [6'] shark,oceania,1964,afternoon,feb,1
Unprovoked,usa,florida,N,Hammerhead shark,north america,1964,unknown,feb,1
Unprovoked,fiji,,Y,,oceania,1964,unknown,jan,1
Unprovoked,south africa,eastern cape province,N,,africa,1964,afternoon,jan,1
Unprovoked,south africa,eastern cape province,N,,africa,1964,morning,jan,1
Watercraft,south africa,western cape province,N,"White shark, 3.6 m [11'9""] ",africa,1964,morning,jan,1
Unprovoked,australia,western australia,N,Wobbegong,oceania,1964,unknown,jan,1
Unprovoked,usa,california,N,White shark (tooth fragment recovered),north america,1964,afternoon,jan,1
Unprovoked,papua new guinea,new britain,Y,Tiger shark,oceania,1964,unknown,jan,1
Unprovoked,fiji,"lomaloma, lau",N,,oceania,1964,afternoon,jan,1
Unprovoked,australia,western australia,UNKNOWN,,oceania,1964,unknown,jan,1
Unprovoked,south africa,western cape province,N,2.1 m to 2.4 m  [7' to 8'] shark,africa,1964,evening,jan,1
Invalid,new zealand,north island,,Invalid,oceania,1964,morning,jan,1
Unprovoked,south africa,kwazulu-natal,N,"Zambesi shark, 1.8 m [6'] ",africa,1963,afternoon,dec,4
Unprovoked,south africa,kwazulu-natal,N,1.8 m [6']  shark,africa,1963,afternoon,dec,4
Unprovoked,australia,queensland,N,"4.3 m [14'], 1000-lb shark",oceania,1963,unknown,dec,4
Unprovoked,south africa,eastern cape province,Y,,africa,1963,afternoon,dec,4
Invalid,atlantic ocean,between southampton & canary islands,,Invalid,atlantic ocean,1963,unknown,dec,4
Provoked,south africa,kwazulu-natal,N,"Dusky shark, 1 m ",africa,1963,evening,dec,4
Provoked,australia,new south wales,N,"Wobbegong shark, 3' ",oceania,1963,unknown,dec,4
Unprovoked,south africa,western cape province,N,"White shark, 1.7 m [5.5']",africa,1963,afternoon,dec,4
Unprovoked,south africa,kwazulu-natal,Y,300- to 400-lb Zambesi shark,africa,1963,afternoon,dec,4
Unprovoked,australia,south australia,N,White shark,oceania,1963,afternoon,dec,4
Unprovoked,papua new guinea,"south coast, east new britain",Y,Tiger shark,oceania,1963,unknown,dec,4
Unprovoked,new zealand,south island,N,Possibly a broadnose 7-gill shark,oceania,1963,afternoon,nov,4
Provoked,papua new guinea,gulf province,N,Tiger shark,oceania,1963,afternoon,nov,4
Unprovoked,fiji,lau province,N,>1.2 m [4'] tiger shark,oceania,1963,morning,nov,4
Unprovoked,fiji,vita levu,N,,oceania,1963,afternoon,nov,4
Unprovoked,italy,sicily,N,,europe,1963,unknown,nov,4
Provoked,australia,queensland,N,"White shark, 15'2"" ",oceania,1963,unknown,nov,4
Provoked,usa,florida,N,"Silky shark, 1.9 m [6.5']",north america,1963,morning,nov,4
Unprovoked,papua new guinea,new britain,N,6' shark,oceania,1963,unknown,nov,4
Unprovoked,usa,florida,N,500-lb shark,north america,1963,evening,oct,4
Invalid,usa,florida,,Invalid,north america,1963,unknown,sep,3
Unprovoked,solomon islands,ysabel island,Y,5.5 m [18'] shark,oceania,1963,afternoon,sep,3
Provoked,australia,new south wales,N,1.5 m [5'] shark,oceania,1963,morning,sep,3
Provoked,usa,florida,N,"Nurse shark, 1.2 m [4'] ",north america,1963,afternoon,sep,3
Unprovoked,usa,florida,N,,north america,1963,afternoon,jul,3
Provoked,usa,mississippi,N,1.2 m [4'] shark,north america,1963,unknown,jul,3
Sea Disaster,jamaica,,Y,,north america,1963,unknown,jul,3
Unprovoked,panama,san blas coast,Y,,north america,1963,unknown,jul,3
Unprovoked,greece,thessaly,Y,"White shark, 3 m ",europe,1963,afternoon,jun,2
Provoked,papua new guinea,central province,N,1.8 m [6'] shark,oceania,1963,morning,jun,2
Invalid,usa,california,,Shark involvement not confirmed,north america,1963,unknown,may,2
Sea Disaster,philippines,luzon island,Y,,asia,1963,unknown,may,2
Provoked,australia,new south wales,N,Grey nurse shark,oceania,1963,unknown,apr,2
Unprovoked,usa,us virgin islands,Y,"Hand found in gut of 2.9 m to 3.3 m [9'7"" to 10'11""] Galapagos shark, C. galapagensis",north america,1963,afternoon,apr,2
Unprovoked,south africa,kwazulu-natal,N,,africa,1963,afternoon,apr,2
Unprovoked,australia,western australia,N,1.8 m to 2.4 m  [6' to 8'] shark,oceania,1963,unknown,apr,2
Unprovoked,usa,hawaii,N,3.7 to 4.5 m [12' to 15'] shark seen in vicinity,north america,1963,afternoon,apr,2
Invalid,usa,hawaii,,Shark involvement prior to death was not confirmed,north america,1963,unknown,apr,2
Sea Disaster,solomon islands,bougainville (north solomons),Y,,oceania,1963,night,mar,1
Unprovoked,papua new guinea,new ireland province,N,,oceania,1963,morning,feb,1
Unprovoked,australia,new south wales,N,"Bronze whaler shark, 3 m [10'] ",oceania,1963,afternoon,feb,1
Unprovoked,fiji,lomaiviti  island group,N,"White shark, 2.1 m [7'] ",oceania,1963,morning,feb,1
Invalid,usa,florida,,Shark involvement prior to death was not confirmed,north america,1963,unknown,feb,1
Unprovoked,fiji,,N,,oceania,1963,unknown,jan,1
Unprovoked,australia,new south wales,Y,"Tooth fragments of “whaler” shark were recovered, a bull shark, according to Edwards",oceania,1963,afternoon,jan,1
Invalid,australia,new south wales,,Shark involvement prior to death was not confirmed,oceania,1963,afternoon,jan,1
Watercraft,south africa,western cape province,N,193-lb shark,africa,1963,unknown,jan,1
Provoked,new zealand,north island,N,"Grey nurse shark, 1.8 m [6'] ",oceania,1963,afternoon,jan,1
Provoked,south africa,eastern cape province,N,<1.5 m shark,africa,1963,unknown,jan,1
Unprovoked,south africa,kwazulu-natal,N,1 m shark,africa,1963,afternoon,jan,1
Unprovoked,south africa,kwazulu-natal,N,"Zambesi shark, 2 m [6'9""] ",africa,1963,afternoon,jan,1
Provoked,australia,south australia,N,"White shark, 16', 2,312-lb ",oceania,1963,unknown,jan,1
Watercraft,mozambique,,N,Zambesi shark,africa,1963,unknown,jan,1
Unprovoked,fiji,vita levu,UNKNOWN,,oceania,1963,unknown,,0
Provoked,south africa,kwazulu-natal,N,"Dusky shark, 1 m ",africa,1962,morning,dec,4
Unprovoked,australia,south australia,Y,"White shark, 4.3 m [14'] (or bronze whaler)",oceania,1962,afternoon,dec,4
Watercraft,south africa,western cape province,N,"2 m [6'9""], 87.5-kg [193-lb]  shark",africa,1962,unknown,dec,4
Unprovoked,australia,new south wales,N,3 m [10'] shark,oceania,1962,unknown,nov,4
Invalid,australia,queensland,,Shark involvement prior to death was not confirmed,oceania,1962,unknown,nov,4
Unprovoked,usa,california,N,"White shark, 4.3 m to 4.9m [14' to 16']",north america,1962,afternoon,nov,4
Watercraft,australia,new south wales,N,3 m [10'] blue whaler,oceania,1962,unknown,nov,4
Sea Disaster,atlantic ocean,,N,,atlantic ocean,1962,morning,nov,4
Unprovoked,south africa,kwazulu-natal,N,,africa,1962,afternoon,oct,4
Unprovoked,mexico,veracruz,Y,2.7 m [9'] shark,north america,1962,morning,oct,4
Unprovoked,papua new guinea,manus island,N,,oceania,1962,unknown,oct,4
Watercraft,australia,south australia,N,Grey nurse shark,oceania,1962,unknown,oct,4
Invalid,usa,california,,Shark involvement prior to death was not confirmed,north america,1962,unknown,oct,4
Unprovoked,panama,pinas bay,Y,,north america,1962,unknown,oct,4
Unprovoked,mexico,veracruz,N,,north america,1962,afternoon,sep,3
Unprovoked,italy,tyrrhenian sea,Y,White shark,europe,1962,morning,sep,3
Provoked,papua new guinea,northern district,N,"""A long thin brown-colored shark""",oceania,1962,afternoon,aug,3
Provoked,usa,california,N,"Horn shar,k Heterodontus francisci, 1.2 m [4'] ",north america,1962,morning,aug,3
Watercraft,usa,florida,N,,north america,1962,unknown,aug,3
Watercraft,south africa,western cape province,N,4.3 m [14'] shark,africa,1962,afternoon,aug,3
Unprovoked,usa,texas,Y,Unknown,north america,1962,afternoon,aug,3
Unprovoked,usa,new jersey,N,1.8 m [6'] shark,north america,1962,afternoon,aug,3
Unprovoked,papua new guinea,"new ireland province, bismarck archipelago",Y,,oceania,1962,evening,aug,3
Unprovoked,italy,tyrrhenian sea,N,White shark,europe,1962,unknown,aug,3
Unprovoked,usa,south carolina,N,1.8 m to 2.4 m [6' to 8'] shark,north america,1962,unknown,jul,3
Provoked,usa,california,N,Blue shark,north america,1962,afternoon,jul,3
Unprovoked,usa,georgia,N,,north america,1962,evening,jul,3
Unprovoked,usa,georgia,N,,north america,1962,afternoon,jul,3
Invalid,greece,cyclades,,Questionable incident,europe,1962,unknown,jul,3
Invalid,usa,florida,,Shark involvement not confirmed,north america,1962,unknown,jun,2
Watercraft,south africa,western cape province,N,2.7 m to 3 m [9' to 10'] sharks,africa,1962,night,jun,2
Unprovoked,usa,florida,N,1.8 m [6'] shark,north america,1962,morning,jun,2
Unprovoked,usa,california,N,,north america,1962,night,jun,2
Unprovoked,usa,california,Y,,north america,1962,night,jun,2
Unprovoked,usa,california,Y,,north america,1962,night,jun,2
Unprovoked,papua new guinea,madang province,Y,Possibly a bronze whaler shark,oceania,1962,afternoon,jun,2
Unprovoked,usa,south carolina,N,,north america,1962,afternoon,jun,2
Watercraft,australia,western australia,N,,oceania,1962,morning,jun,2
Provoked,usa,california,N," Sevengill  shark, 1.2 m [4'] ",north america,1962,afternoon,jun,2
Unprovoked,usa,florida,N,,north america,1962,afternoon,jun,2
Unprovoked,usa,florida,N,,north america,1962,unknown,may,2
Sea Disaster,usa,california,Y,,north america,1962,night,may,2
Watercraft,fiji,viti levu,N,,oceania,1962,unknown,may,2
Provoked,australia,queensland,N,"Bronze whaler shark, 3.7 m [12'] ",oceania,1962,unknown,apr,2
Unprovoked,mozambique,gaza,N,,africa,1962,morning,apr,2
Unprovoked,south africa,kwazulu-natal,N,"Zambesi shark, 1.2 m [4'] ",africa,1962,morning,apr,2
Provoked,south africa,eastern cape province,N,4.9 m [16']shark,africa,1962,unknown,apr,2
Provoked,new zealand,"off the coromandel peninsula, north island",N,1.8 m [6'] shark ,oceania,1962,unknown,mar,1
Watercraft,australia,new south wales,N,"Bronze whaler shark, 4.6 m [15'] ",oceania,1962,unknown,mar,1
Unprovoked,papua new guinea,madang,Y,Possibly a bronze whaler shark,oceania,1962,afternoon,mar,1
Unprovoked,papua new guinea,central province,N,1.2 m  [4'] shark,oceania,1962,unknown,feb,1
Provoked,new zealand,southland,N,1.8 m [6'] shark,oceania,1962,unknown,feb,1
Unprovoked,australia,queensland,N,3.7 m [12'] shark,oceania,1962,unknown,feb,1
Unprovoked,south africa,kwazulu-natal,Y,,africa,1962,morning,feb,1
Unprovoked,south africa,kwazulu-natal,Y,"White shark, 3 m ",africa,1962,afternoon,feb,1
Unprovoked,australia,queensland,N,60 cm  shark ,oceania,1962,afternoon,feb,1
Watercraft,new zealand,north island,UNKNOWN,,oceania,1962,unknown,feb,1
Unprovoked,solomon islands,guadalcanal province,Y,,oceania,1962,unknown,feb,1
Unprovoked,new zealand,south island,N,1.5 m [5'] shark,oceania,1962,afternoon,jan,1
Unprovoked,mozambique,gaza,UNKNOWN,,africa,1962,unknown,jan,1
Provoked,australia,new south wales,N,"Bronze whaler shark,  3m [10'] ",oceania,1962,unknown,jan,1
Invalid,south africa,kwazulu-natal,,Shark involvement prior to death was not confirmed,africa,1962,afternoon,jan,1
Provoked,new zealand,south island,N,"Said to involve a 4.9 m [16'] ""red shark""",oceania,1962,unknown,jan,1
Unprovoked,new zealand,north island,N,,oceania,1962,afternoon,jan,1
Unprovoked,usa,california,N,"White shark, 4 m [13'] ",north america,1962,morning,jan,1
Provoked,australia,new south wales,N," Grey nurse shark,  3 m [10'] ",oceania,1962,unknown,jan,1
Unprovoked,australia,new south wales,N,"Bronze whaler shark, 2.1 m [7'] shark",oceania,1962,afternoon,jan,1
Watercraft,australia,south australia,N,Said to involve a Grey nurse shark 3.7 m [12'] ,oceania,1962,unknown,jan,1
Unprovoked,papua new guinea,"10ºs, 142ºe",N,White shark,oceania,1962,afternoon,jan,1
Unprovoked,new zealand,south island,N,"36""  shark",oceania,1962,evening,jan,1
Watercraft,australia,south australia,N,White shark,oceania,1962,unknown,jan,1
Invalid,australia,new south wales,,Shark involvement prior to death was not confirmed,oceania,1962,unknown,jan,1
Provoked,australia,queensland,N,,oceania,1962,unknown,jan,1
Unprovoked,australia,new south wales,N,,oceania,1962,unknown,jan,1
Watercraft,south africa,western cape province,N,,africa,1962,unknown,jan,1
Provoked,australia,new south wales,N,2.7 m [9'] shark,oceania,1962,unknown,jan,1
Unprovoked,spain,catalonia,N,,europe,1962,unknown,,0
Unprovoked,indonesia,east flores,Y,,asia,1962,unknown,jan,1
Unprovoked,australia,south australia,N,,oceania,1962,unknown,,0
Unprovoked,australia,queensland,Y,3 m [10'] shark,oceania,1961,afternoon,dec,4
Unprovoked,australia,queensland,N,3 m [10'] shark,oceania,1961,afternoon,dec,4
Unprovoked,south africa,kwazulu-natal,N,Zambesi shark,africa,1961,afternoon,dec,4
Provoked,australia,western australia,N,"Grey nurse shark, 2.4 m [8'] ",oceania,1961,morning,dec,4
Watercraft,australia,south australia,N,2.7 m [9'] shark,oceania,1961,unknown,dec,4
Unprovoked,mozambique,gaza,N,,africa,1961,afternoon,dec,4
Unprovoked,australia,queensland,Y,Next morning a 3 m [10'] shark was caught that had Andrews' leg in its gut,oceania,1961,morning,dec,4
Unprovoked,australia,torres strait,N,1.8 m [6'] shark,oceania,1961,afternoon,dec,4
Invalid,mexico,guerrrero,,Shark involvement prior to death was not confirmed,north america,1961,unknown,nov,4
Unprovoked,philippines,western luzon island,N,,asia,1961,unknown,oct,4
Invalid,usa,florida,,Shark involvement prior to death was not confirmed,north america,1961,unknown,oct,4
Unprovoked,usa,florida,Y,,north america,1961,unknown,oct,4
Provoked,usa,florida,N,,north america,1961,afternoon,sep,3
Unprovoked,croatia,primorje-gorski kotar county,Y,White shark,europe,1961,afternoon,sep,3
Unprovoked,atlantic ocean,165  miles from bermuda,N,"Oceanic whitetip shar,; identified by Dr. W.C. Schoeder on photograph & Dr. L.P. L. Schultz on sketch by observer",atlantic ocean,1961,morning,sep,3
Provoked,italy,venice province,N,1 m shark,europe,1961,unknown,sep,3
Invalid,australia,western australia,,Shark involvement prior to death was not confirmed,oceania,1961,unknown,sep,3
Unprovoked,usa,california,N,"White shark, 4 m [13'] ",north america,1961,morning,aug,3
Unprovoked,usa,south carolina,N,White shark,north america,1961,morning,aug,3
Unprovoked,united kingdom,,N,"Blacktip shark, 1.8 m to 2.1 m [6' to 7'] ",europe,1961,morning,aug,3
Unprovoked,usa,hawaii,N,2.4 m [8'] shark,north america,1961,evening,aug,3
Provoked,papua new guinea,sandaun province,N,,oceania,1961,unknown,aug,3
Provoked,usa,new york,N,"43"" shark",north america,1961,afternoon,jul,3
Provoked,australia,queensland,N,"White shark, 5.2 m [17'], 2500-lb ",oceania,1961,unknown,jul,3
Unprovoked,italy,adriatic sea,N,"White shark, 4.5 m ",europe,1961,afternoon,jul,3
Provoked,panama,,Y,,north america,1961,unknown,jul,3
Unprovoked,usa,florida,Y,,north america,1961,morning,jun,2
Unprovoked,usa,florida,N,,north america,1961,afternoon,jun,2
Watercraft,usa,florida,N,Hammerhead shark,north america,1961,unknown,jun,2
Unprovoked,papua new guinea,east new britain province,N,,oceania,1961,unknown,jun,2
Provoked,papua new guinea,"admiralty islands, manus province",N,2.7 m [9']shark,oceania,1961,unknown,jun,2
Unprovoked,usa,california,N,White shark,north america,1961,morning,may,2
Unprovoked,papua new guinea,east new britain province,N,,oceania,1961,unknown,may,2
Unprovoked,usa,florida,N,"Hammerhead shark, 500-llb ",north america,1961,morning,may,2
Provoked,australia,western australia,N,,oceania,1961,unknown,may,2
Invalid,usa,florida,,Shark involvement not confirmed,north america,1961,afternoon,apr,2
Provoked,australia,new south wales,N,"Wobbegong shark, 1.4 m [4'6""] ",oceania,1961,afternoon,apr,2
Unprovoked,mozambique,gaza,N,Zambesi shark,africa,1961,morning,apr,2
Provoked,south africa,eastern cape province,N,"2 m  ""yellow belly"" captive shark. Shark destroyed by aquarium staff next day",africa,1961,unknown,apr,2
Unprovoked,usa,florida,N,"Tiger shark, 3 m [10']",north america,1961,unknown,apr,2
Provoked,australia,new south wales,N,"Wobbegong shark, O. barbatus,  1.8 m [6'], identified by G.P. Whitley",oceania,1961,unknown,apr,2
Unprovoked,australia,new south wales,N," ""gummy"" shark (Rhizoprionodon or Loxodon) 1.2 m [4']",oceania,1961,night,apr,2
Unprovoked,mozambique,gaza,Y,Zambesi shark,africa,1961,morning,apr,2
Unprovoked,australia,victoria,N,"Grey nurse shark, 2,7 m [9'], 200-lb ",oceania,1961,unknown,apr,2
Provoked,australia,western australia,N,"Wobbegong shark, 1.4 m [4.6'] ",oceania,1961,unknown,apr,2
Unprovoked,australia,south australia,N,"Bronze whaler shark, 2.4 m [8'] Identified by Clyde Buttery",oceania,1961,unknown,mar,1
Unprovoked,australia,victoria,N,3 m [10'] shark,oceania,1961,afternoon,mar,1
Provoked,australia,western australia,N,,oceania,1961,unknown,mar,1
Unprovoked,australia,south australia,N,"White shark, 3.7 m [12'] ",oceania,1961,afternoon,mar,1
Provoked,south africa,kwazulu-natal,N,"Zambesi shark, 4'9""",africa,1961,unknown,mar,1
Unprovoked,fiji,"19s, 178?e",N,,oceania,1961,morning,mar,1
Provoked,usa,pennsylvania,N,,north america,1961,unknown,feb,1
Unprovoked,australia,victoria,N,"2' ""banjo shark""",oceania,1961,evening,feb,1
Unprovoked,jamaica,,Y,,north america,1961,unknown,feb,1
Unprovoked,south africa,western cape province,N,1.5 m [5'] shark,africa,1961,afternoon,feb,1
Unprovoked,south africa,eastern cape province,Y,"2.1 m [7'], 90-kg mako shark",africa,1961,afternoon,feb,1
Unprovoked,australia,western australia,N,"Grey nurse shark, 2.7 m [9'] ",oceania,1961,unknown,feb,1
Invalid,usa,california,,Questionable incident,north america,1961,unknown,feb,1
Watercraft,south africa,western cape province,N,4.6 m [15'] shark,africa,1961,unknown,jan,1
Unprovoked,south africa,kwazulu-natal,N,White shark,africa,1961,afternoon,jan,1
Provoked,australia,new south wales,N,"Wobbegong shark, 1.5 m [5'] ",oceania,1961,morning,jan,1
Unprovoked,south africa,kwazulu-natal,N,"White shark, based on bite pattern",africa,1961,evening,jan,1
Sea Disaster,atlantic ocean,9.35n 79.35w,Y,,atlantic ocean,1961,unknown,jan,1
Provoked,australia,northern territory,N,"Hammerhead shark, 1.8 m [6'] ",oceania,1961,unknown,jan,1
Unprovoked,mozambique,limpopo river,N,Six Zambesi sharks seen to 1.5 m [5'] in length,africa,1961,afternoon,jan,1
Unprovoked,south africa,western cape province,N,,africa,1961,afternoon,jan,1
Invalid,south africa,kwazulu-natal,,Shark involvement prior to death was not confirmed,africa,1961,unknown,jan,1
Watercraft,australia,tasmania,N,,oceania,1961,unknown,jan,1
Watercraft,australia,new south wales,N,,oceania,1961,unknown,,0
Unprovoked,new caledonia,,N,,new caledonia,1961,unknown,,0
Sea Disaster,usa,hawaii,Y,,north america,1961,unknown,,0
Unprovoked,usa,hawaii,Y,,north america,1960,unknown,dec,4
Unprovoked,australia,new south wales, N,3 m [10'] shark,oceania,1960,unknown,dec,4
Unprovoked,south africa,kwazulu-natal,Y,"White shark, 3 m [10'], tooth fragment from wounds identified as that of a white shark",africa,1960,afternoon,dec,4
Unprovoked,australia,queensland, N,"Grey nurse shark, 1m ",oceania,1960,morning,dec,4
Unprovoked,australia,queensland,N,"Bull shark, 1m ",oceania,1960,unknown,dec,4
Unprovoked,australia,queensland, N,3' shark,oceania,1960,afternoon,nov,4
Invalid,usa,florida,,Shark involvement prior to death was not confirmed,north america,1960,unknown,nov,4
Provoked,australia,queensland, N,,oceania,1960,afternoon,nov,4
Unprovoked,australia,western australia, N,"Wobbegong shark, 1.8 m [6'] ",oceania,1960,unknown,nov,4
Watercraft,south africa,western cape province,N,White shark (tooth fragments recovered from hull of boat),africa,1960,unknown,nov,4
Provoked,papua new guinea,western district, N,"1.4 m [4'6""] blacktip shark",oceania,1960,unknown,nov,4
Unprovoked,papua new guinea,central province,Y,,oceania,1960,unknown,nov,4
Sea Disaster,usa,california,N,,north america,1960,afternoon,oct,4
Watercraft,south africa,western cape province,N,"White shark, 3.7 m to 4.6 m [12' to 15'] ",africa,1960,unknown,oct,4
Invalid,australia,new south wales,,Shark involvement not confirmed,oceania,1960,unknown,oct,4
Unprovoked,papua new guinea,new britain, N,,oceania,1960,unknown,oct,4
Invalid,usa,florida,,Questionable incident,north america,1960,unknown,oct,4
Watercraft,south africa,western cape province,N,"White shark, 18 mm tooth fragment  recovered from the hull",africa,1960,unknown,oct,4
Provoked,usa,south carolina,N,"2.4 m [8'], 600-lb shark",north america,1960,unknown,sep,3
Sea Disaster,pacific ocean,180 miles southeast of okinawa,N,,pacific ocean,1960,unknown,sep,3
Watercraft,australia,western australia,N,3.7 m [12'] shark,oceania,1960,unknown,sep,3
Unprovoked,usa,new jersey,N,,north america,1960,evening,aug,3
Invalid,usa,texas,,Shark involvement prior to death was not confirmed,north america,1960,unknown,aug,3
Unprovoked,usa,connecticut,N,,north america,1960,afternoon,aug,3
Unprovoked,papua new guinea,milne bay province,N,,oceania,1960,unknown,aug,3
Unprovoked,usa,new jersey,N,,north america,1960,unknown,aug,3
Unprovoked,usa,new jersey,N,,north america,1960,afternoon,aug,3
Invalid,mozambique,delagoa bay,,Shark involvement not confirmed,africa,1960,unknown,aug,3
Provoked,usa,florida,N,"Lemon shark, 1164 mm, immature male, identified by  V.G. Springer",north america,1960,evening,aug,3
Provoked,united kingdom,in the english channel,N,80-lb hooked shark,europe,1960,unknown,aug,3
Unprovoked,usa,delaware,N,2.4 m [8'] shark,north america,1960,unknown,aug,3
Unprovoked,usa,south carolina,Y,,north america,1960,unknown,aug,3
Unprovoked,papua new guinea,milne bay province,N,,oceania,1960,unknown,jul,3
Unprovoked,usa,mississippi,N,,north america,1960,unknown,jul,3
Provoked,usa,virginia,N,"""sand shark""",north america,1960,afternoon,jul,3
Unprovoked,papua new guinea,madang,N,,oceania,1960,unknown,jul,3
Provoked,usa,south carolina,N,7' shark,north america,1960,afternoon,jun,2
Provoked,new zealand,cook strait,N,"White shark, 15'2"" ",oceania,1960,unknown,jun,2
Unprovoked,usa,florida,N,"Mako shark, 1.8 m to 2.1 m [6' to 7']  with hook & wire leader caught in mouth",north america,1960,morning,jun,2
Invalid,usa,california,,Shark involvement prior to death was not confirmed,north america,1960,unknown,jun,2
Unprovoked,philippines,corregidor island,Y,,asia,1960,morning,jun,2
Unprovoked,usa,georgia,N,,north america,1960,afternoon,jun,2
Unprovoked,panama,san blas islands,N,,north america,1960,morning,may,2
Unprovoked,united kingdom,paget,N,"Dusky shark, 2.7 m [9'] dusky shark C. obscurus identified by S. Springer on tooth recovered",europe,1960,afternoon,may,2
Unprovoked,usa,california,N,"White shark, 4 m to 5 m [13' to 16.5'] ",north america,1960,afternoon,may,2
Provoked,usa,florida,N,"Lemon shark, 1.8 m [6'] male, N. breviostris, identified by W.A. Stark II, later the same day a 6'8"" pregnant female lemon shark bit the bow of the boat",north america,1960,unknown,may,2
Unprovoked,papua new guinea,madang,Y,,oceania,1960,unknown,may,2
Unprovoked,south africa,kwazulu-natal,N,"White shark, 2.1 m [7']  based on tooth pattern",africa,1960,afternoon,apr,2
Unprovoked,usa,california,N,"White shark, 4.9 m [16'] ",north america,1960,afternoon,apr,2
Provoked,australia,western australia,N,"Bronze whaler shark, 3 m [10'], 200-lb",oceania,1960,unknown,apr,2
Provoked,south africa,eastern cape province,N,"Raggedtooth shark, 100-lb ",africa,1960,unknown,apr,2
Invalid,united kingdom,"33n, 68w",,Questionable incident,europe,1960,morning,apr,2
Unprovoked,australia,new south wales,N,"White shark, 3.7 m [12'] ",oceania,1960,afternoon,apr,2
Provoked,australia,western australia,N,"Sandtiger shark, 2.1 m [7'] ",oceania,1960,unknown,apr,2
Unprovoked,australia,victoria,N,1.5 m [5'] shark,oceania,1960,unknown,apr,2
Unprovoked,australia,new south wales,N,"Bronze whaler shark, 3.7 m [12'] identified by G.P. Whitley based on description",oceania,1960,afternoon,apr,2
Provoked,australia,south australia,N,White shark,oceania,1960,unknown,apr,2
Unprovoked,fiji,vanua levu,Y,,oceania,1960,unknown,apr,2
Provoked,philippines,luzon island,Y,,asia,1960,unknown,apr,2
Watercraft,south africa,western cape province,N,White shark (tooth fragments recovered),africa,1960,unknown,apr,2
Unprovoked,usa,florida,N,"1.2 m [4'], possibly  larger shark",north america,1960,afternoon,mar,1
Unprovoked,usa,,N,1.2 m [4'] shark,north america,1960,afternoon,mar,1
Unprovoked,australia,tasmania,N,Two 2.1 m [7'] sharks,oceania,1960,night,feb,1
Unprovoked,new zealand,north island,N,"Bronze whaler shark,4 m [13'] ",oceania,1960,unknown,feb,1
Invalid,usa,hawaii,,"According to Benjamin, the injury was inflicted by a barracuda, not a shark",north america,1960,morning,feb,1
Unprovoked,papua new guinea,central province,Y,"Tiger shark, 3.4 m [11'] captured",oceania,1960,unknown,feb,1
Provoked,australia,new south wales,N,"Tiger shark, 14' ",oceania,1960,unknown,feb,1
Provoked,australia,new south wales,N,"Grey nurse shark, 2.9 m [9'6""] ",oceania,1960,unknown,feb,1
Invalid,usa,hawaii,,Shark involvement prior to deaths was not confirmed,north america,1960,night,feb,1
Unprovoked,papua new guinea,madang (wo),N,"3.5 m [11'6""] shark captured",oceania,1960,unknown,jan,1
Watercraft,australia,south australia,N,Blue pointer,oceania,1960,unknown,jan,1
Unprovoked,australia,new south wales,Y,Bull shark,oceania,1960,afternoon,jan,1
Provoked,australia,western australia,N,Wobbegong shark,oceania,1960,unknown,jan,1
Watercraft,australia,tasmania,N,4.9 m [16'] shark,oceania,1960,morning,jan,1
Provoked,south africa,western cape province,N,,africa,1960,unknown,jan,1
Unprovoked,fiji,northwest of viti levu,N,,oceania,1960,unknown,,0
Unprovoked,papua new guinea,madang,Y,,oceania,1960,unknown,,0
Unprovoked,papua new guinea,west new britain province,N,,oceania,1960,unknown,,0
Unprovoked,mozambique,gaza,Y,,africa,1960,unknown,,0
Unprovoked,south africa,eastern cape province,N,2.1 m [7'] shark,africa,1960,morning,,0
Watercraft,australia,queensland,N,3.7 m [12'] tiger shark,oceania,1959,afternoon,dec,4
Watercraft,australia,new south wales,N,2.4 m  [8'] shark,oceania,1959,night,dec,4
Unprovoked,papua new guinea,rigo subdistrict,Y,,oceania,1959,unknown,dec,4
Unprovoked,australia,queensland,Y,,oceania,1959,morning,dec,4
Sea Disaster,philippines,masbate,Y,,asia,1959,afternoon,dec,4
Provoked,australia,victoria,N,2.7 m [9']  shark,oceania,1959,unknown,dec,4
Invalid,australia,south australia,,Invalid,oceania,1959,unknown,dec,4
Watercraft,new zealand,north island,N,"Mako shark, 4.3 m [14']",oceania,1959,afternoon,dec,4
Unprovoked,australia,victoria,N,3.5 m [11.5'] shark,oceania,1959,afternoon,nov,4
Unprovoked,australia,queensland,N,"""a small shark""",oceania,1959,morning,nov,4
Unprovoked,australia,queensland,N,3 m to 4.3 m [10' to 14'] shark,oceania,1959,morning,nov,4
Invalid,usa,louisiana,,Invalid,north america,1959,night,nov,4
Watercraft,south africa,western cape province,N,"Thresher shark, 3.7 m [12'] ",africa,1959,unknown,nov,4
Provoked,australia,south australia,N,6 m [20'] shark,oceania,1959,unknown,nov,4
Unprovoked,usa,california,N,"Blue shark, 1.5 m [5'] ",north america,1959,morning,nov,4
Provoked,australia,western australia,N,"Carpet shark, 1.5 m [5']",oceania,1959,unknown,nov,4
Provoked,papua new guinea,new britain,N,,oceania,1959,unknown,nov,4
Unprovoked,mozambique,maputo province,Y,,africa,1959,unknown,oct,4
Unprovoked,papua new guinea,madang,N,,oceania,1959,unknown,oct,4
Unprovoked,usa,california,N,"White shark, 5 m [16.5'], identified by Dr. W. I. Follett on tooth marks",north america,1959,afternoon,oct,4
Unprovoked,fiji,lomaiviti province,Y,4.3 m [14'] shark,oceania,1959,unknown,oct,4
Unprovoked,fiji,kadavu,N,"Tiger shark, 1.8 m [6']",oceania,1959,afternoon,oct,4
Unprovoked,philippines,leyte island,N,,asia,1959,unknown,sep,3
Invalid,united kingdom,hamilton,,Shark involvement prior to death was not confirmed,europe,1959,unknown,sep,3
Sea Disaster,usa,florida,N,"A hammerhead shark, then 8 to 10 other sharks were said to be  involved",north america,1959,evening,sep,3
Watercraft,usa,south carolina,UNKNOWN,"Said to involve white shark, but species identify questionable",north america,1959,night,sep,3
Watercraft,usa,california,N,"White shark, 3.5 m [11.5'], identified by W. I.  Follett on tooth fragments",north america,1959,afternoon,sep,3
Unprovoked,india,orissa,Y,6' shark,asia,1959,unknown,sep,3
Invalid,usa,new york,,Questionable incident,north america,1959,unknown,sep,3
Unprovoked,mexico,guerrrero,Y,,north america,1959,unknown,sep,3
Invalid,australia,tasmania,,Invalid,oceania,1959,unknown,aug,3
Invalid,japan,hokkaido prefecture,,Questionable incident,asia,1959,unknown,aug,3
Invalid,philippines,north palawan,,Shark involvement prior to death was not confirmed,asia,1959,night,aug,3
Invalid,usa,florida,,Invalid,north america,1959,unknown,aug,3
Unprovoked,usa,florida,Y,3.7 m [12'] shark,north america,1959,unknown,aug,3
Provoked,usa,south carolina,N,5.5' shark,north america,1959,unknown,aug,3
Sea Disaster,philippines,queaon,Y,,asia,1959,afternoon,aug,3
Provoked,usa,california,N,"Hammerhead shark, 9' ",north america,1959,unknown,aug,3
Provoked,croatia,istria,N,20 kg shark,europe,1959,unknown,aug,3
Unprovoked,japan,wakayama prefecture,Y,"Blue shark, 3 m [10']",asia,1959,afternoon,aug,3
Unprovoked,usa,georgia,N,,north america,1959,evening,aug,3
Invalid,usa,california,,Invalid,north america,1959,unknown,aug,3
Invalid,italy,tuscany,,Shark involvement prior to death was not confirmed,europe,2176,unknown,,0
Provoked,usa,california,N,"White shark, 3 m to 5 m [10' to 15'] ",north america,1959,afternoon,jul,3
Unprovoked,usa,california,N,"Hammerhead shark, 1.8 m [6'] S. zygena identified by C. Limbaugh on description",north america,1959,evening,jul,3
Unprovoked,japan,okayama prefecture,Y,Blue shark?,asia,1959,afternoon,jul,3
Watercraft,usa,california,N,"Hammerhead shark, 2.4 m [8'] ",north america,1959,unknown,jul,3
Watercraft,usa,california,N,"Hammerhead shark, 3 m [10'] ",north america,1959,unknown,jul,3
Provoked,usa,california,N,"Blue shark, 1.8 m [6'] ",north america,1959,unknown,jul,3
Provoked,usa,florida,N,"Nurse shark, 60 cm [24""], identified by Dr. L.P. L. Schultz on photograph",north america,1959,unknown,jul,3
Unprovoked,mexico,quintana roo,Y,,north america,1959,unknown,jul,3
Unprovoked,mexico,guyamas,Y,,north america,1959,unknown,jun,2
Unprovoked,usa,california,Y,"Reported to involve a White shark, 6 m to 7m [20' to 23'] ",north america,1959,evening,jun,2
Invalid,usa,california,,Shark involvement prior to death was not confirmed,north america,1959,unknown,jun,2
Provoked,south africa,eastern cape province,N,"White shark, 2.7 m [9'], 280-lb ",africa,1959,unknown,may,2
Unprovoked,usa,florida,N,1.2 m [4'] shark,north america,1959,unknown,may,2
Unprovoked,usa,california,Y,"White shark, 3 m [10']; identifed by Dr. W.I. Follett on tooth marks",north america,1959,evening,may,2
Unprovoked,usa,florida,N,"Tiger shark, 3.7 m [12']",north america,1959,morning,may,2
Unprovoked,atlantic ocean,between england & south africa,N,,atlantic ocean,1959,unknown,may,2
Invalid,australia,new south wales,,Questionable incident,oceania,1959,unknown,apr,2
Unprovoked,australia,torres strait,N,"Tiger shark, 1.8 m [6'] ",oceania,1959,unknown,apr,2
Unprovoked,usa,hawaii,N,,north america,1959,unknown,apr,2
Unprovoked,south africa,eastern cape province,N,,africa,1959,unknown,apr,2
Unprovoked,australia,new south wales,N,,oceania,1959,unknown,apr,2
Unprovoked,usa,florida,N,,north america,1959,afternoon,mar,1
Unprovoked,philippines,mindanao,Y,,asia,1959,unknown,mar,1
Watercraft,usa,florida,N,Tiger shark 4.3 m [14'] ,north america,1959,unknown,mar,1
Watercraft,australia,victoria,N,"Mako shark, 2.4 m [8'], <300-lb, identified by Dr. L.P. L. Schultz on photograph",oceania,1959,unknown,feb,1
Provoked,papua new guinea,kikori river mouth,N,3.7 m [12'] shark,oceania,1959,unknown,feb,1
Unprovoked,solomon islands,guadalcanal province,Y,,oceania,1959,evening,feb,1
Unprovoked,south africa,kwazulu-natal,N,1.8 to 2.1 m [6' to 7'] shark,africa,1959,afternoon,feb,1
Unprovoked,australia,western australia,N,"Grey nurse shark, 1.8 m [6']",oceania,1959,night,jan,1
Unprovoked,australia,tasmania,N,,oceania,1959,unknown,jan,1
Unprovoked,australia,tasmania,Y,Said to involve 2 sharks: 5.2 m & 6 m [17' & 20'] ,oceania,1959,afternoon,jan,1
Unprovoked,australia,queensland,N,1.8 m [6'] shark,oceania,1959,morning,jan,1
Unprovoked,south africa,western cape province,N,"White shark, 1.8 m to 2.1 m [6' to 7']  according to Shreuder and a witness",africa,1959,afternoon,jan,1
Unprovoked,papua new guinea,milne bay province,N,1.4 m [4.5'] shark,oceania,1959,unknown,jan,1
Unprovoked,mozambique,maputo province,Y,,africa,1959,morning,jan,1
Unprovoked,australia,tasmania,N,1.5 m [5'] shark,oceania,1959,unknown,jan,1
Unprovoked,india,orissa,Y,1.5 m to 1.8 m [5' to 6'] sharks,asia,1959,unknown,jul,3
Provoked,atlantic ocean,,N,"Tiger shark, 12' ?",atlantic ocean,1959,unknown,,0
Unprovoked,papua new guinea,west new britain province,N,,oceania,1959,unknown,,0
Unprovoked,papua new guinea,west new britain province,N,,oceania,1959,unknown,,0
Unprovoked,papua new guinea,"new ireland province, bismarck archipelago",Y,,oceania,1959,unknown,,0
Provoked,papua new guinea,morobe province,N,,oceania,1959,unknown,,0
Unprovoked,papua new guinea,madang province,N,,oceania,1958,unknown,dec,4
Unprovoked,south africa,western cape province,Y,,africa,1958,unknown,dec,4
Unprovoked,usa,hawaii,Y,"Tiger shark, 4.6 m to 7.6 m [15' to 25'] ",north america,1958,afternoon,dec,4
Unprovoked,usa,tutuila island,Y,Tiger shark,north america,1958,morning,dec,4
Unprovoked,australia,queensland,Y,12' shark,oceania,1958,afternoon,nov,4
Invalid,south africa,western cape province,,Questionable incident,africa,1958,unknown,nov,4
Unprovoked,papua new guinea,"admiralty islands, manus province",Y,,oceania,1958,unknown,nov,4
Boat,usa,california,N,White shark,north america,1958,unknown,nov,4
Unprovoked,usa,california,N,,north america,1958,unknown,oct,4
Unprovoked,usa,florida,N,,north america,1958,unknown,oct,4
Provoked,mexico,guerrrero,N,,north america,1958,unknown,oct,4
Unprovoked,papua new guinea,west new britain province,N,,oceania,1958,unknown,oct,4
Unprovoked,india,,Y,Blue shark,asia,1958,afternoon,sep,3
Unprovoked,bahamas,cat cay,N,200-lb shark,north america,1958,morning,sep,3
Provoked,usa,new york,N,,north america,1958,unknown,sep,3
Boat,mexico,baja california,N,"Hammerhead shark, 5.2 m [17'] ",north america,1958,morning,aug,3
Unprovoked,croatia,primorje-gorski kotar county,N,3 m shark,europe,1958,evening,aug,3
Unprovoked,mexico,guerrero,Y,,north america,1958,unknown,jul,3
Unprovoked,usa,florida,N,"Tiger shark, 1.5 m to 1.8 m [5' to 6'] ",north america,1958,afternoon,jul,3
Unprovoked,usa,florida,N,"Tiger shark, 1.5 m to 1.8 m [5' to 6'] ",north america,1958,afternoon,jul,3
Unprovoked,usa,florida,Y,,north america,1958,unknown,jul,3
Sea Disaster,pacific ocean,between hawaii & wake island,Y,Sharks averaged 1.8 m [6'] in length,pacific ocean,1958,morning,jul,3
Sea Disaster,pacific ocean,between hawaii & wake island,N,Sharks averaged 1.8 m [6'] in length,pacific ocean,1958,morning,jul,3
Provoked,usa,florida,N,"Nurse shark, 1.5 m [5']  identified by Dr. E. Clark on description of shark",north america,1958,afternoon,jul,3
Unprovoked,papua new guinea,"new ireland province, bismarck archipelago",Y,,oceania,1958,unknown,jul,3
Unprovoked,bahamas,abaco islands,N,"Tiger shark, <2 m TL",north america,1958,afternoon,jul,3
Unprovoked,usa,florida,N,,north america,1958,unknown,jul,3
Provoked,usa,florida,N,"Nurse shark, 2.1 m [7']  identified by Dr. E. Clark on color & tooth impressions",north america,1958,evening,jun,2
Unprovoked,usa,florida,N,Tiger shark?,north america,1958,evening,jun,2
Provoked,usa,florida,N,"Nurse shark, 1.1 m [3.5'] ",north america,1958,unknown,jun,2
Invalid,australia,queensland,,Invalid,oceania,1958,unknown,jun,2
Invalid,south africa,kwazulu-natal,,Invalid,africa,1958,unknown,jun,2
Provoked,usa,florida,N,"Nurse shark, 1.5 m [5'] ",north america,1958,unknown,apr,2
Unprovoked,south africa,kwazulu-natal,Y,3 m [10'] shark,africa,1958,morning,apr,2
Unprovoked,south africa,kwazulu-natal,Y,3 m [10'] shark,africa,1958,afternoon,apr,2
Unprovoked,papua new guinea,morobe province,N,,oceania,1958,unknown,apr,2
Invalid,australia,new south wales,,Shark involvement prior to death was not confirmed,oceania,1958,afternoon,feb,1
Provoked,usa,us virgin islands,N,"Nurse shark, 1.5 m [5'] ",north america,1958,unknown,feb,1
Unprovoked,australia,new south wales,N,,oceania,1958,unknown,jan,1
Unprovoked,australia,new south wales,N,6' shark,oceania,1958,afternoon,jan,1
Invalid,japan,ibaraki prefecture,,Shark involvement prior to death was not confirmed,asia,1958,unknown,jan,1
Unprovoked,south africa,kwazulu-natal,Y,White shark,africa,1958,morning,jan,1
Provoked,panama,canal zone,N,"18"" to 24"" shark",north america,1958,unknown,,0
Unprovoked,papua new guinea,louisiade archipelago,Y,,oceania,1958,unknown,,0
Unprovoked,papua new guinea,west new britain province,Y,,oceania,1958,unknown,,0
Unprovoked,papua new guinea,west new britain province,Y,Several sharks involved,oceania,1958,unknown,,0
Unprovoked,papua new guinea,morobe province,N,,oceania,1958,unknown,,0
Boat,south africa,western cape province,N,White shark,africa,1958,unknown,,0
Unprovoked,south africa,kwazulu-natal,Y,,africa,1958,unknown,,0
Unprovoked,australia,south australia,N,,oceania,1957,unknown,dec,4
Unprovoked,south africa,kwazulu-natal,N,1.8 m [6'] shark,africa,1957,afternoon,dec,4
Unprovoked,south africa,kwazulu-natal,N,,africa,1957,morning,dec,4
Unprovoked,south africa,kwazulu-natal,Y,>3 m [10'] shark,africa,1957,afternoon,dec,4
Unprovoked,south africa,kwazulu-natal,Y,,africa,1957,afternoon,dec,4
Unprovoked,south africa,kwazulu-natal,N,,africa,1957,evening,dec,4
Sea Disaster,pacific ocean,"1,000 miles east of hawaii",N,,pacific ocean,1957,unknown,nov,4
Boat,australia,new south wales,N,,oceania,1957,unknown,nov,4
Unprovoked,solomon islands,honiara,Y,,oceania,1957,evening,oct,4
Unprovoked,solomon islands,honiara,Y,,oceania,1957,evening,oct,4
Provoked,usa,florida,N,"2.7 m [9'] bull shark, identified by Capt. W. Gray",north america,1957,unknown,aug,3
Provoked,usa,california,N,"Said to involve a 1 m  white shark, but thought  that it was more likely a blue shark",north america,1957,unknown,jul,3
Unprovoked,usa,north carolina,Y,White shark,north america,1957,afternoon,jul,3
Unprovoked,australia,torres strait,N,9' shark,oceania,1957,unknown,jul,3
Invalid,cuba,yucatan channel,,Invalid,north america,1957,unknown,jun,2
Unprovoked,australia,new south wales,N,4.6 m [15'] shark,oceania,1957,afternoon,may,2
Unprovoked,solomon islands,,N,,oceania,1957,unknown,may,2
Unprovoked,usa,florida,N,,north america,1957,unknown,may,2
Unprovoked,usa,california,Y,White shark,north america,1957,afternoon,apr,2
Unprovoked,australia,new south wales,N,Wobbegong shark?,oceania,1957,unknown,apr,2
Provoked,usa,florida,N,4 m [13'] shark,north america,1957,morning,apr,2
Unprovoked,australia,torres strait,N,Shark seen feeding on turtle scraps thrown overboard prior to incident.,oceania,1957,afternoon,apr,2
Unprovoked,papua new guinea,bougainville (north solomons),N,,oceania,1957,unknown,apr,2
Unprovoked,solomon islands,bougainville (north solomons),N,,oceania,1957,unknown,apr,2
Unprovoked,fiji,viti levu,N,,oceania,1957,unknown,feb,1
Unprovoked,usa,florida,N,1.2 m  [4'] shark,north america,1957,afternoon,feb,1
Unprovoked,australia,western australia,UNKNOWN,,oceania,1957,unknown,feb,1
Unprovoked,usa,florida,N,Said to involve a large mako shark,north america,1957,unknown,feb,1
Unprovoked,south africa,kwazulu-natal,Y,,africa,1957,unknown,jan,1
Unprovoked,usa,florida,N,1.5 m [5'] shark,north america,1957,unknown,,0
Invalid,cuba,havana province,,3.7 m [12'] shark,north america,1957,unknown,,0
Boat,cuba,havana province,N,3.7 m [12'] shark ,north america,1957,unknown,,0
Unprovoked,cuba,havana province,Y,,north america,1957,unknown,,0
Unprovoked,usa,florida,N,Bull shark,north america,1957,unknown,,0
Unprovoked,fiji,kadavu,N,,oceania,1957,unknown,,0
Unprovoked,iran,karun river,N,Bull shark,asia,1957,unknown,,0
Unprovoked,papua new guinea,"abau subdistrict,central province",Y,,oceania,1957,unknown,,0
Unprovoked,iran,karun river,N,Bull shark,asia,1957,unknown,,0
Unprovoked,papua new guinea,"new britain, bismarck archipelago",Y,,oceania,1957,unknown,,0
Unprovoked,papua new guinea,milne bay province,Y,2.4 m [8'] tiger shark caught 40 hours later with shorts of the boy in its gut,oceania,1956,afternoon,dec,4
Unprovoked,papua new guinea,milne bay province,Y,,oceania,1956,afternoon,dec,4
Provoked,new zealand,north island,N,"Mako shark, 125-lb ",oceania,1956,unknown,dec,4
Unprovoked,south africa,western cape province,N,"White shark, according to witnesses",africa,1956,unknown,oct,4
Unprovoked,papua new guinea,central province,N,3.7 m [12'] shark,oceania,1956,unknown,oct,4
Unprovoked,papua new guinea,,Y,,oceania,1956,unknown,oct,4
Unprovoked,usa,florida,N,a sand shark,north america,1956,unknown,sep,3
Unprovoked,france,mozambique channel,Y,Tiger shark,europe,1956,unknown,sep,3
Unprovoked,italy,tyrrenian sea,N,"White shark, 13'10"", 1320-lb female ",europe,1956,unknown,sep,3
Unprovoked,papua new guinea,central province,Y,4.3 m [14'] shark,oceania,1956,unknown,aug,3
Unprovoked,papua new guinea,central province,N,,oceania,1956,unknown,aug,3
Unprovoked,usa,puerto rico,Y,,north america,1956,unknown,aug,3
Provoked,australia,queensland,N,"Wobbegong shark, 4' ",oceania,1956,unknown,aug,3
Unprovoked,usa,california,N,"White shark, 2.7 m [9'] ",north america,1956,afternoon,aug,3
Unprovoked,south africa,kwazulu-natal,N,,africa,1956,afternoon,aug,3
Provoked,united kingdom,cornwall,Y,,europe,1956,unknown,aug,3
Provoked,united kingdom,cornwall,Y,,europe,1956,unknown,aug,3
Unprovoked,papua new guinea,central province,N,,oceania,1956,unknown,aug,3
Unprovoked,papua new guinea,central province,N,2.3 m [7'] shark,oceania,1956,unknown,aug,3
Provoked,usa,puerto rico,Y,,north america,1956,morning,jul,3
Provoked,usa,california,N,8-lb shark,north america,1956,unknown,jul,3
Unprovoked,usa,florida,N,,north america,1956,evening,jul,3
Unprovoked,usa,south carolina,N,,north america,1956,afternoon,jul,3
Unprovoked,australia,torres strait,N,2.3 m [7'] shark,oceania,1956,unknown,jun,2
Sea Disaster,atlantic ocean,,Y,,atlantic ocean,1956,unknown,jun,2
Watercraft,south africa,western cape province,N,White shark,africa,1956,unknown,may,2
Unprovoked,cuba,,Y,,north america,1956,unknown,may,2
Unprovoked,australia,torres strait,N,,oceania,1956,unknown,may,2
Watercraft,italy,ligurian sea,UNKNOWN,Said to involve a 7 m [23'] white shark,europe,1956,unknown,mar,1
Unprovoked,australia,new south wales,N,,oceania,1956,unknown,mar,1
Unprovoked,australia,victoria,Y,3.7 m [12'] shark & may have been another shark nearby,oceania,1956,afternoon,mar,1
Unprovoked,australia,western australia,N,,oceania,1956,unknown,mar,1
Unprovoked,australia,queensland,Y,1.8 m [6'] shark,oceania,1956,morning,feb,1
Unprovoked,australia,victoria,N,,oceania,1956,unknown,feb,1
Unprovoked,australia,torres strait,N,,oceania,1956,unknown,jan,1
Unprovoked,australia,new south wales,N,5' to 6' shark,oceania,1956,unknown,jan,1
Unprovoked,papua new guinea,madang province,N,,oceania,1956,unknown,,0
Unprovoked,greece,corfu island,Y,White shark,europe,1956,unknown,,0
Provoked,usa,virginia,N,40-lb sand shark,north america,1956,unknown,,0
Unprovoked,usa,virginia,UNKNOWN,,north america,1956,unknown,,0
Unprovoked,papua new guinea,milne bay province,N,,oceania,1956,unknown,,0
Unprovoked,papua new guinea,"admiralty islands, manus province",N,,oceania,1956,unknown,,0
Unprovoked,papua new guinea,new ireland province,Y,,oceania,1956,unknown,,0
Watercraft,australia,tasmania,N,,oceania,1955,unknown,dec,4
Watercraft,usa,florida,N,,north america,1955,unknown,dec,4
Unprovoked,papua new guinea,central province,N,Wobbegong shark,oceania,1955,evening,nov,4
Unprovoked,papua new guinea,"admiralty islands, manus province",N,,oceania,1955,unknown,nov,4
Provoked,australia,queensland,N,6' shark,oceania,1955,unknown,oct,4
Unprovoked,usa,hawaii,N,,north america,1955,morning,sep,3
Unprovoked,usa,california,N,,north america,1955,unknown,sep,3
Unprovoked,usa,california,N,,north america,1955,unknown,sep,3
Unprovoked,japan,izo islands,Y,,asia,1955,unknown,aug,3
Provoked,usa,california,N,5' thresher or blue shark. The shark  was killed following the incident,north america,1955,unknown,aug,3
Unprovoked,croatia,primorje-gorski kotar county,Y,White shark,europe,1955,unknown,aug,3
Unprovoked,usa,tutuila island,Y,Blue shark,north america,1955,unknown,aug,3
Provoked,usa,south carolina,N,"""a small shark""",north america,1955,unknown,aug,3
Watercraft,australia,south australia,N,Tooth fragments recovered from hull,oceania,1955,unknown,aug,3
Unprovoked,japan,okayama prefecture,Y,Blue shark,asia,1955,afternoon,jul,3
Unprovoked,usa,rhode island,N,0.7 m [2.5'] sand shark,north america,1955,unknown,jun,2
Provoked,usa,california,N,2 m [6.75'] shark,north america,1955,unknown,may,2
Unprovoked,papua new guinea,"admiralty islands, manus province",N,,oceania,1955,afternoon,may,2
Unprovoked,papua new guinea,central province,N,6' shark,oceania,1955,unknown,apr,2
Unprovoked,papua new guinea,,N,6' shark,oceania,1955,unknown,apr,2
Unprovoked,usa,hawaii,N,,north america,1955,unknown,apr,2
Unprovoked,australia,new south wales,Y,,oceania,1955,evening,mar,1
Unprovoked,papua new guinea,"new ireland, bismarck archipelago",N,"""small brown-colored shark""",oceania,1955,unknown,mar,1
Provoked,australia,western australia,N,,oceania,1955,morning,mar,1
Unprovoked,usa,california,N,"Leopard shark, 3' Triakis semifasciata, identified by J.W. DeWitt (1955)",north america,1955,unknown,feb,1
Unprovoked,usa,california,N,"White shark, 5 m to 6 m [16.5' to 20] ",north america,1955,afternoon,feb,1
Unprovoked,australia,new south wales,Y,3.6 m  white shark  (or bronze whaler),oceania,1955,afternoon,feb,1
Unprovoked,india,tamil nadu,N,,asia,1955,unknown,feb,1
Watercraft,australia,new south wales,N,,oceania,1955,unknown,feb,1
Watercraft,australia,new south wales,N,4 m [13'] shark x 6,oceania,1955,unknown,feb,1
Unprovoked,australia,new south wales,Y,"Bronze whaler shark,3.7 m [12'] ",oceania,1955,afternoon,jan,1
Unprovoked,south africa,kwazulu-natal,Y,,africa,1955,afternoon,jan,1
Unprovoked,usa,florida,UNKNOWN,,north america,1955,unknown,,0
Provoked,cuba,havana province,N,"""a little shark""",north america,1955,unknown,,0
Invalid,usa,illinois,,Questionable incident,north america,1955,unknown,,0
Unprovoked,papua new guinea,new ireland,N,,oceania,1955,unknown,,0
Unprovoked,usa,tutuila island,Y,,north america,1954,unknown,dec,4
Unprovoked,australia,victoria,Y,,oceania,1954,morning,dec,4
Unprovoked,papua new guinea,central province,Y,,oceania,1954,afternoon,dec,4
Unprovoked,south africa,kwazulu-natal,N,Reported as  a shark bite but toothmarks appear to be those of a dolphin ,africa,1954,morning,dec,4
Unprovoked,usa,wake island,N,"Blacktip reef shark, 1.5 m [5'] ",north america,1954,afternoon,nov,4
Sea Disaster,usa,virginia,Y,,north america,1954,unknown,oct,4
Provoked,united kingdom,isle of man,N,20' shark,europe,1954,unknown,oct,4
Watercraft,croatia,zadar county,UNKNOWN,"White shark, 5.5 m [18']",europe,1954,unknown,oct,4
Invalid,japan,nagasaki prefecture,,Shark involvement prior to death was not confirmed,asia,1954,unknown,oct,4
Unprovoked,usa,california,N,1.5 m [5'] shark,north america,1954,unknown,sep,3
Unprovoked,china,,Y,,asia,1954,unknown,sep,3
Unprovoked,australia,torres strait,Y,9' shark,oceania,1954,unknown,sep,3
Unprovoked,italy,liguaria,N,,europe,1995,unknown,,0
Provoked,usa,new jersey,N,"""sand shark""",north america,1954,unknown,aug,3
Provoked,cuba,guantanamo province,N,"Nurse shark, 58"", 34-lb ",north america,1954,unknown,aug,3
Provoked,cuba,guantanamo province,N,"Nurse shark, 58"", 34-lb ",north america,1954,unknown,aug,3
Unprovoked,usa,louisiana,N,,north america,1954,night,aug,3
Watercraft,italy,venice province,,5m shark,europe,1954,night,jul,3
Unprovoked,croatia,slovenia,Y,,europe,1954,night,jul,3
Unprovoked,usa,louisiana,N,2' shark,north america,1954,morning,jul,3
Unprovoked,usa,florida,N,"Nurse shark, 2.5' ",north america,1954,unknown,jul,3
Unprovoked,united kingdom,south shore,N,"2.4 m [8'] shark, possibly a dusky shark",europe,1954,unknown,jul,3
Unprovoked,greece,,Y,,europe,1954,unknown,jul,3
Invalid,croatia,,,Shark involvement prior to death was not confirmed,europe,1954,unknown,jul,3
Provoked,usa,california,N,,north america,1954,unknown,jun,2
Unprovoked,australia,queensland,N,2.4 m [8']  shark,oceania,1954,afternoon,jun,2
Unprovoked,china,,Y,,asia,1954,unknown,jun,2
Unprovoked,papua new guinea,east sepik,Y,,oceania,1954,unknown,may,2
Unprovoked,papua new guinea,madang province,N,,oceania,1954,unknown,may,2
Invalid,usa,hawaii,,Shark involvement prior to death was not confirmed,north america,1954,unknown,apr,2
Unprovoked,australia,new south wales,Y,,oceania,1954,evening,feb,1
Unprovoked,australia,new south wales,N,,oceania,1954,unknown,jan,1
Unprovoked,australia,torres strait,N,,oceania,1954,unknown,jan,1
Unprovoked,papua new guinea,madang province,N,14' shark,oceania,1954,afternoon,jan,1
Unprovoked,iran,karun river,Y,Bull shark suspected due to freshwater habitat,asia,1954,unknown,,0
Unprovoked,france,,N,"Nurse shark, 1.8 m [6'] ",europe,1954,unknown,,0
Unprovoked,mexico,baja california,Y,,north america,1954,unknown,,0
Unprovoked,usa,hawaii,N,a small shark',north america,1954,unknown,,0
Unprovoked,papua new guinea,west new britain province,N,,oceania,1954,unknown,,0
Unprovoked,iran,karun river,Y,Bull shark suspected due to freshwater habitat,asia,1954,unknown,,0
Unprovoked,iran,karun river,N,Bull shark suspected due to freshwater habitat,asia,1954,unknown,,0
Unprovoked,south africa,eastern cape province,N,Said to involve a >4 m [13'] shark,africa,1953,morning,dec,4
Unprovoked,south africa,eastern cape province,N,,africa,1953,unknown,dec,4
Unprovoked,australia,queensland,N,,oceania,1953,afternoon,dec,4
Unprovoked,australia,new south wales,N,3.7 [12'] shark,oceania,1953,unknown,dec,4
Provoked,australia,new south wales,N,,oceania,1953,unknown,oct,4
Unprovoked,philippines,luzon island,Y,,asia,1953,unknown,sep,3
Unprovoked,usa,california,N,,north america,1953,unknown,sep,3
Sea Disaster,usa,georgia,N,,north america,1953,unknown,sep,3
Provoked,usa,new york,N,80-lb sand shark,north america,1953,unknown,sep,3
Unprovoked,usa,hawaii,N,"Hammerhead shark, 1.5 m [5'] ",north america,1953,unknown,sep,3
Invalid,mexico,guerrero,,Invalid,north america,1953,evening,aug,3
Unprovoked,mexico,colima,Y,,north america,1953,unknown,jul,3
Unprovoked,usa,hawaii,Y,3 m [10'] shark seen in vicinity,north america,1953,morning,jul,3
Provoked,usa,california,N,,north america,1953,unknown,jul,3
Unprovoked,usa,florida,N,,north america,1953,unknown,jul,3
Sea Disaster,pacific ocean,330 to 350 miles east of wake island,N,,pacific ocean,1953,unknown,jul,3
Unprovoked,usa,hawaii,N,,north america,1953,morning,jul,3
Unprovoked,panama,gulf of panama,N,,north america,1953,unknown,jul,3
Provoked,australia,queensland,N,"2 m [6'9""] shark ",oceania,1953,unknown,jun,2
Watercraft,australia,new south wales,N,,oceania,1953,unknown,apr,2
Unprovoked,usa,texas,N,,north america,1953,afternoon,apr,2
Unprovoked,iran,karun river,N,"1.5 m [5'] shark, probable bull shark",asia,1953,unknown,apr,2
Unprovoked,iran,karun river,N,"1.5 m [5'] shark, probable bull shark",asia,1953,unknown,apr,2
Unprovoked,australia,new south wales,N,,oceania,1953,unknown,mar,1
Unprovoked,australia,south australia,N,8' shark,oceania,1953,unknown,mar,1
Unprovoked,papua new guinea,milne bay province,Y,Tiger shark,oceania,1953,unknown,mar,1
Provoked,usa,hawaii,N,,north america,1953,unknown,feb,1
Unprovoked,australia,new south wales,N,Wobbegong shark,oceania,1953,evening,feb,1
Unprovoked,australia,,N,Wobbegong shark,oceania,1953,unknown,feb,1
Provoked,australia,south australia,N,,oceania,1953,unknown,jan,1
Watercraft,australia,tasmania,N,10' to 12' shark,oceania,1953,afternoon,jan,1
Unprovoked,australia,,N,Wobbegong shark,oceania,1953,unknown,,0
Unprovoked,papua new guinea,bougainville (north solomons),Y,,oceania,1953,unknown,,0
Unprovoked,usa,florida,N,,north america,1953,unknown,,0
Unprovoked,australia,victoria,N,,oceania,1952,unknown,dec,4
Unprovoked,australia,south australia,N,2.4 m [8'] shark,oceania,1952,unknown,dec,4
Provoked,italy,genoa  province,N,200-lb shark,europe,1952,unknown,aug,3
Unprovoked,usa,hawaii,Y,,north america,1952,unknown,aug,3
Unprovoked,usa,california,Y,"White shark,4.6 m [15'] ",north america,1952,afternoon,dec,4
Unprovoked,usa,hawaii,Y,>6.7 m [22']  shark,north america,1952,unknown,dec,4
Unprovoked,papua new guinea,"abau sub district, central province",N,,oceania,1952,unknown,oct,4
Invalid,south africa,eastern cape province,,Shark involvement prior to death was not confirmed,africa,1952,unknown,aug,3
Provoked,italy,teramo,Y,2m shark,europe,1952,night,aug,3
Watercraft,usa,florida,N,"Hammerhead shark, 5' ",north america,1952,unknown,jul,3
Provoked,usa,south carolina,N,a small shark',north america,1952,unknown,jul,3
Provoked,usa,south carolina,N,a small shark',north america,1952,unknown,jul,3
Sea Disaster,usa,california,Y,,north america,1952,unknown,jul,3
Provoked,usa,california,N,,north america,1952,unknown,jul,3
Unprovoked,usa,puerto rico,N,"Tiger shark, 1.5 m [5'] ",north america,1952,morning,jul,3
Unprovoked,usa,california,N,"White shark, 2 m to 4 m [6'9"" to 13'] ",north america,1952,morning,may,2
Unprovoked,australia,western australia,N,"Carpet shark, 5' ",oceania,1952,unknown,may,2
Unprovoked,india,,N,"""A 2' (0.6 m) brown shark""",asia,1952,unknown,may,2
Watercraft,australia,south australia,N,"White shark, 15'3"", 2,333-lb ",oceania,1952,morning,apr,2
Unprovoked,australia,new south wales,N,8' shark,oceania,1952,unknown,jan,1
Unprovoked,papua new guinea,"admiralty islands, manus province",N,,oceania,1952,unknown,,0
Unprovoked,papua new guinea,"admiralty islands, manus province",Y,"""Attacked by a number of sharks""",oceania,1952,unknown,,0
Unprovoked,papua new guinea,new ireland province,Y,,oceania,1952,unknown,,0
Unprovoked,usa,florida,Y,,north america,1952,unknown,,0
Unprovoked,mozambique,bay of maputu,Y,,africa,1951,unknown,dec,4
Provoked,australia,new south wales,N,"Wobbegong shark, 1.8 m [6'] ",oceania,1951,unknown,dec,4
Invalid,mozambique,sofala province,,Invalid,africa,1951,unknown,,0
Unprovoked,australia,new south wales,Y,2.4 m [8']  shark,oceania,1951,afternoon,dec,4
Unprovoked,south africa,kwazulu-natal,N,"White shark, 1.8 m [6'] ",africa,1951,afternoon,nov,4
Unprovoked,jamaica,kingston parish,N,,north america,1951,unknown,nov,4
Unprovoked,south africa,kwazulu-natal,N,"White shark, 2.4 m [8'] ",africa,1951,evening,nov,4
Unprovoked,philippines,,Y,,asia,1951,unknown,nov,4
Unprovoked,australia,queensland,Y,,oceania,1951,evening,oct,4
Unprovoked,italy,salerno,Y,,europe,1951,unknown,sep,3
Unprovoked,italy,salerno province,N,,europe,1951,night,sep,3
Unprovoked,australia,queensland,Y,,oceania,1951,unknown,sep,3
Unprovoked,greece,corfu island,N,White shark,europe,1951,unknown,aug,3
Unprovoked,greece,corfu island,Y,White shark,europe,1951,unknown,aug,3
Unprovoked,italy,taranto,N,,europe,1951,unknown,aug,3
Unprovoked,usa,california,N,,north america,1951,unknown,jul,3
Unprovoked,pacific ocean,,N,2.1 m [7'] shark,pacific ocean,1951,afternoon,jul,3
Unprovoked,usa,hawaii,Y,,north america,1951,unknown,jun,2
Unprovoked,france,tuamotus,N,,europe,1951,morning,jun,2
Unprovoked,mexico,,N,,north america,1951,afternoon,may,2
Provoked,italy,naples province,N,,europe,1951,unknown,may,2
Provoked,australia,new south wales,N,"Wobbegong shark, 4'",oceania,1951,afternoon,mar,1
Unprovoked,australia,new south wales,N,5.5 m [18'] shark,oceania,1951,unknown,mar,1
Unprovoked,south africa,kwazulu-natal,N,,africa,1951,afternoon,mar,1
Unprovoked,south africa,eastern cape province,N,136-kg [300-lb] shark,africa,1951,afternoon,feb,1
Unprovoked,australia,new south wales,N,,oceania,1951,unknown,feb,1
Unprovoked,australia,new south wales,N,1.2 m [4'] shark,oceania,1951,unknown,feb,1
Unprovoked,south africa,kwazulu-natal,Y,,africa,1951,afternoon,jan,1
Invalid,australia,new south wales,,Shark involvement prior to death was not confirmed,oceania,1951,unknown,jan,1
Unprovoked,papua new guinea,madang province,Y,,oceania,1951,unknown,,0
Unprovoked,australia,queensland,N,"Nurse shark, 10' ",oceania,1950,unknown,dec,4
Unprovoked,australia,new south wales,N,"Wobbegong shark, 6'",oceania,1950,unknown,dec,4
Unprovoked,australia,queensland,Y,,oceania,1950,afternoon,dec,4
Provoked,australia,northern territory,N,2' shark,oceania,1950,unknown,nov,4
Unprovoked,australia,queensland,N,"White shark, 3m, seen in area and hooked 3 days later",oceania,1950,evening,nov,4
Watercraft,australia,queensland,N,10' shark,oceania,1950,unknown,nov,4
Unprovoked,usa,california,N,White shark,north america,1950,afternoon,oct,4
Unprovoked,australia,queensland,N,4' shark,oceania,1950,night,oct,4
Watercraft,australia,south australia,N,17' white shark,oceania,1950,unknown,jul,3
Unprovoked,japan,sago prefecture,Y,,asia,1950,unknown,jul,3
Provoked,italy,savona,N,,europe,1950,unknown,,0
Unprovoked,cuba,caribbean sea,N,,north america,1950,evening,jul,3
Unprovoked,usa,texas,N,Hammerhead shark,north america,1950,unknown,jul,3
Invalid,usa,texas,,Shark involvement prior to death was not confirmed,north america,1950,unknown,jul,3
Unprovoked,usa,florida,N,0.7 m [2.5'] shark,north america,1950,unknown,jul,3
Unprovoked,usa,new york,N,"""sand shark""",north america,1950,unknown,jun,2
Sea Disaster,usa,florida,Y,,north america,1950,morning,jun,2
Unprovoked,south africa,kwazulu-natal,N,,africa,1950,morning,may,2
Watercraft,italy,tyrrhenian sea,N,"unknown, possibly a white shark",europe,1950,unknown,may,2
Sea Disaster,australia,queensland,Y,,oceania,1950,unknown,apr,2
Unprovoked,south africa,eastern cape province,N,2.13 m shark,africa,1950,unknown,apr,2
Unprovoked,south africa,eastern cape province,N,1.5 m to 1.8 m [5' to 6'] “spear-eye” shark ,africa,1950,afternoon,mar,1
Unprovoked,south africa,kwazulu-natal,Y,,africa,1950,evening,mar,1
Invalid,australia,western australia,,Invalid,oceania,1950,unknown,mar,1
Unprovoked,australia,western australia,N,small carpet shark,oceania,1950,unknown,feb,1
Unprovoked,south africa,kwazulu-natal,Y,"White shark, 3.7 m [12']  according to witnesses",africa,1950,afternoon,feb,1
Invalid,usa,hawaii,,Shark involvement prior to death was not confirmed,north america,1950,night,jan,1
Unprovoked,australia,victoria,N,,oceania,1950,unknown,jan,1
Watercraft,australia,tasmania,N,"White shark, 3.6 m,  420 kg male",oceania,1950,unknown,,0
Unprovoked,indonesia,jakarta harbour,Y,"Tiger shark, 3.7 m to 4.3 m  [12' to 14']",asia,1950,afternoon,,0
Unprovoked,usa,florida,N,,north america,1950,unknown,,0
Invalid,usa,hawaii,,"Alleged to involve a white shark ""with little yellow eyes""",north america,1950,unknown,,0
Unprovoked,panama,canal zone,N,2.7 m [9'] shark with black-tipped pectoral fins,north america,1950,afternoon,,0
Unprovoked,greece,,Y,,europe,1950,unknown,,0
Unprovoked,new caledonia,north province,N,,new caledonia,1950,unknown,,0
Unprovoked,new caledonia,north province,N,,new caledonia,1950,unknown,,0
Unprovoked,fiji,,N,,oceania,1950,unknown,,0
Unprovoked,australia,victoria,N,"Grey nurse shark, 2.6 m [8.5']  ",oceania,1949,unknown,dec,4
Unprovoked,australia,new south wales,N,6' shark,oceania,1949,afternoon,nov,4
Invalid,australia,victoria,,Shark involvement prior to death not confirmed,oceania,1949,unknown,nov,4
Unprovoked,australia,queensland,N,,oceania,1949,afternoon,aug,3
Unprovoked,australia,queensland,Y,,oceania,1949,afternoon,aug,3
Invalid,italy,tuscany,,2 m shark,europe,1949,unknown,aug,3
Unprovoked,australia,tasmania,N,,oceania,1949,afternoon,aug,3
Unprovoked,italy,calabria,N,,europe,1949,unknown,aug,3
Unprovoked,iran,shatt-el-arab river,N,,asia,1949,unknown,jul,3
Unprovoked,iran,shatt-al-arab river,Y,,asia,1949,unknown,jul,3
Unprovoked,usa,south carolina,N,,north america,1949,afternoon,jul,3
Provoked,usa,california,N,"Bonita sharkk, 200-lb",north america,1949,unknown,jul,3
Sea Disaster,china,,Y,,asia,1949,unknown,jun,2
Unprovoked,australia,western australia,N,"Whaler shark, 2.7 m [9'], 350- to 450-lb  identified by G.P. Whitley",oceania,1949,unknown,may,2
Provoked,australia,new south wales,N,,oceania,1949,unknown,may,2
Provoked,australia,queensland,N,3' shark,oceania,1949,unknown,apr,2
Unprovoked,australia,queensland,Y,"3.3 m [10'9""] shark",oceania,1949,afternoon,apr,2
Unprovoked,mexico,tamaulipas,N,,north america,1949,unknown,apr,2
Watercraft,australia,south australia,UNKNOWN,,oceania,1949,unknown,mar,1
Unprovoked,australia,new south wales,Y,"White shark, 3.6 m [11'9""] ",oceania,1949,afternoon,jan,1
Invalid,australia,new south wales,,Invalid,oceania,1949,afternoon,jan,1
Unprovoked,australia,new south wales,N,,oceania,1949,unknown,jan,1
Invalid,australia,western australia,,Shark involvement prior to death not confirmed,oceania,1949,unknown,jan,1
Watercraft,italy,tyrrhenian sea,N,White shark,europe,1949,unknown,,0
Unprovoked,papua new guinea,calvados archipelago,Y,,oceania,1949,unknown,,0
Unprovoked,papua new guinea,new ireland province,N,,oceania,1949,unknown,,0
Unprovoked,papua new guinea,new ireland province,N,,oceania,1949,unknown,,0
Unprovoked,papua new guinea,bougainville (north solomons),Y,,oceania,1949,unknown,,0
Unprovoked,papua new guinea,bougainville (north solomons),N,,oceania,1949,unknown,,0
Unprovoked,papua new guinea,"abau sub district, central province",Y,,oceania,1949,unknown,,0
Unprovoked,australia,western australia,Y,His hand was found in a 2.4 m [8'] tiger shark caught 1/5/1949,oceania,1948,unknown,dec,4
Unprovoked,australia,queensland,Y,,oceania,1948,morning,dec,4
Unprovoked,iran,shat-al-arab river,N,,asia,1948,unknown,dec,4
Unprovoked,cuba,guantanamo province,N,,north america,1948,unknown,dec,4
Unprovoked,australia,queensland,N,,oceania,1948,unknown,dec,4
Unprovoked,australia,torres strait,N,,oceania,1948,unknown,nov,4
Unprovoked,greece,attica,Y,Said to be 6.4 m [21'] shark,europe,1948,afternoon,sep,3
Unprovoked,usa,hawaii,N,,north america,1948,unknown,sep,3
Unprovoked,usa,hawaii,N,,north america,1948,unknown,sep,3
Sea Disaster,atlantic ocean,,Y,,atlantic ocean,1948,unknown,sep,3
Unprovoked,iran,bandar ma’shur sea inlet,Y,,asia,1948,unknown,sep,3
Unprovoked,iran,shatt-al-arab river,Y,,asia,1948,unknown,aug,3
Unprovoked,iran,shatt-al-arab river,N,,asia,1948,unknown,aug,3
Provoked,bahamas,bimini islands,N,"Lemon shark, 4'",north america,1948,unknown,aug,3
Unprovoked,usa,us virgin islands,Y,,north america,1948,unknown,jul,3
Unprovoked,usa,saipan,N,,north america,1948,unknown,jun,2
Provoked,iran,shatt-al-arab river,N,,asia,1948,unknown,may,2
Provoked,south africa,western cape province,N,,africa,1948,unknown,apr,2
Provoked,papua new guinea,"new ireland province, bismarck archipelago",N,"""grey shark""",oceania,1948,unknown,mar,1
Sea Disaster,usa,texas,Y,,north america,1948,unknown,feb,1
Unprovoked,australia,new south wales,Y,3.7 m [12'] shark,oceania,1948,unknown,feb,1
Unprovoked,australia,new south wales,N,6' shark,oceania,1948,unknown,jan,1
Provoked,usa,florida,N,Nurse shark,north america,1948,afternoon,,0
Unprovoked,papua new guinea,morobe province,N,,oceania,1948,unknown,,0
Provoked,papua new guinea,bougainville (north solomons),N,,oceania,1948,unknown,,0
Watercraft,south africa,western cape province,N,,africa,1948,unknown,,0
Unprovoked,australia,new south wales,N,Grey nurse shark,oceania,1947,unknown,dec,4
Invalid,south africa,kwazulu-natal,,Shark involvement prior to death not confirmed,africa,1947,unknown,dec,4
Watercraft,australia,south australia,N,5.5 m [18'] shark,oceania,1947,unknown,nov,4
Unprovoked,australia,new south wales,N,,oceania,1947,evening,nov,4
Unprovoked,australia,new south wales,N,,oceania,1947,evening,nov,4
Unprovoked,australia,new south wales,Y,,oceania,1947,afternoon,nov,4
Unprovoked,australia,new south wales,N,,oceania,1947,afternoon,nov,4
Unprovoked,australia,queensland,Y,,oceania,1947,unknown,nov,4
Unprovoked,australia,northern territory,N,,oceania,1947,unknown,oct,4
Unprovoked,brazil,pernambuco,Y,,south america,1947,unknown,oct,4
Unprovoked,usa,florida,Y,Possibly C. leucas,north america,1947,unknown,aug,3
Provoked,usa,california,N,a small shark,north america,1947,unknown,jul,3
Unprovoked,australia,northern territory,N,"Most likely, a small shark",oceania,1947,unknown,jul,3
Unprovoked,south africa,kwazulu-natal,N,,africa,1947,morning,jul,3
Invalid,greece,carpathian sea,,Questionable,europe,1947,unknown,jul,3
Unprovoked,usa,hawaii,N,,north america,1947,morning,jun,2
Watercraft,australia,new south wales,N,"Tiger shark, 14' ",oceania,1947,unknown,jun,2
Unprovoked,south africa,kwazulu-natal,N,"1.5 m, 45-kg shark",africa,1947,afternoon,apr,2
Unprovoked,south africa,kwazulu-natal,N,,africa,1947,evening,apr,2
Unprovoked,australia,new south wales,N,,oceania,1947,unknown,apr,2
Provoked,pacific ocean,,N,,pacific ocean,1947,morning,apr,2
Unprovoked,south africa,kwazulu-natal,N,,africa,1947,afternoon,mar,1
Unprovoked,south africa,kwazulu-natal,N,"Blacktip shark, 2 m [6.75'] ",africa,1947,afternoon,mar,1
Watercraft,australia,queensland,N,,oceania,1947,unknown,feb,1
Provoked,bahamas,new providence island,N,5' shark,north america,1947,unknown,feb,1
Unprovoked,brazil,rio de janeiro,Y,,south america,1947,unknown,feb,1
Watercraft,australia,new south wales,N,"4.5  m [14'9""] shark",oceania,1947,unknown,jan,1
Unprovoked,south africa,kwazulu-natal,N,>1.6 m shark,africa,1947,afternoon,jan,1
Unprovoked,australia,south australia,N,,oceania,1946,unknown,dec,4
Watercraft,australia,queensland,N,7' shark,oceania,1946,unknown,dec,4
Unprovoked,australia,torres strait,Y,,oceania,1946,unknown,nov,4
Unprovoked,australia,new south wales,N,,oceania,1946,unknown,oct,4
Unprovoked,australia,queensland,Y,4.3 m [14'] shark,oceania,1946,afternoon,aug,3
Unprovoked,iran,khuzestan province,N,,asia,1946,unknown,jul,3
Unprovoked,iran,khuzestan province,N,Possibly C. leucas,asia,1946,unknown,jul,3
Unprovoked,india,,N,,asia,1946,unknown,jun,2
Unprovoked,australia,queensland,Y,,oceania,1946,afternoon,apr,2
Watercraft,australia,south australia,N,6 m [20']  shark,oceania,1946,unknown,apr,2
Watercraft,australia,south australia,N,,oceania,1946,evening,mar,1
Unprovoked,south africa,kwazulu-natal,N,,africa,1946,afternoon,feb,1
Unprovoked,australia,western australia,N,"White shark, 4.2 m [13'9""] ",oceania,1946,afternoon,feb,1
Unprovoked,south africa,kwazulu-natal,N,,africa,1946,morning,feb,1
Unprovoked,south africa,kwazulu-natal,N,,africa,1946,evening,jan,1
Unprovoked,south africa,kwazulu-natal,N,,africa,1946,afternoon,jan,1
Unprovoked,australia,queensland,N,small shark,oceania,1946,unknown,jan,1
Unprovoked,south africa,western cape province,N,1.5 m [5'] shark,africa,1946,afternoon,jan,1
Unprovoked,australia,new south wales,Y,,oceania,1946,unknown,jan,1
Unprovoked,south africa,eastern cape province,N,,africa,1946,unknown,jan,1
Watercraft,south africa,western cape province,N,,africa,1946,unknown,,0
Watercraft,south africa,western cape province,N,,africa,1946,unknown,,0
Unprovoked,china,,Y,,asia,1945,evening,sep,3
Sea Disaster,japan,,N,,asia,1945,unknown,sep,3
Sea Disaster,japan,ryukyu,Y,,asia,1945,unknown,sep,3
Unprovoked,iran,shatt-al-arab river,N,,asia,1945,unknown,sep,3
Unprovoked,usa,north carolina,Y,,north america,1945,unknown,aug,3
Sea Disaster,philippines,in transit between tinian and leyte,Y,,asia,1945,unknown,jul,3
Sea Disaster,indonesia,northern java,Y,,asia,1945,evening,jul,3
Unprovoked,australia,queensland,Y,,oceania,1945,afternoon,jun,2
Unprovoked,usa,north carolina,Y,,north america,1945,unknown,may,2
Unprovoked,south africa,kwazulu-natal,N,Thought to involve a Zambesi shark,africa,1945,afternoon,mar,1
Unprovoked,jamaica,,N,,north america,1945,unknown,,0
Unprovoked,cuba,havana province,Y,,north america,1945,unknown,,0
Unprovoked,panama,colon province,N,,north america,1945,unknown,,0
Sea Disaster,philippines,300 miles east of luzon,N,9' shark,asia,1944,unknown,dec,4
Provoked,usa,florida,N,"Tiger shark, 4.5 to 5.5 m [14'9"" to 18'], 2000-lb  ",north america,1944,unknown,dec,4
Invalid,australia,queensland,,,oceania,1944,unknown,nov,4
Sea Disaster,philippines,,Y,,asia,1944,unknown,oct,4
Sea Disaster,philippines,bernardino strait near gulf of leyte,Y,,asia,1944,unknown,oct,4
Sea Disaster,philippines,off samar island in the gulf of leyte,Y,,asia,1944,unknown,oct,4
Unprovoked,philippines,,N,,asia,1944,unknown,oct,4
Watercraft,australia,queensland,N,,oceania,1944,unknown,oct,4
Unprovoked,usa,maryland,N,,north america,1944,unknown,sep,3
Unprovoked,south africa,kwazulu-natal,Y,,africa,1944,afternoon,aug,3
Unprovoked,south africa,western cape province,Y,"White shark, according to witnesses",africa,1944,afternoon,jul,3
Unprovoked,usa,florida,N,1.8 m [6'] blacktip shark or spinner shark,north america,1944,unknown,may,2
Unprovoked,panama,caribbean sea,Y,"White shark, 2.4 m [8'] ",north america,1944,unknown,may,2
Unprovoked,south africa,kwazulu-natal,N,,africa,1944,evening,mar,1
Unprovoked,south africa,kwazulu-natal,Y,,africa,1944,morning,mar,1
Unprovoked,south africa,kwazulu-natal,N,,africa,1944,evening,mar,1
Unprovoked,south africa,western cape province,N,2.1 m [7'] shark,africa,1944,afternoon,feb,1
Unprovoked,india,,Y,,asia,1944,unknown,feb,1
Unprovoked,south africa,kwazulu-natal,Y,,africa,1944,afternoon,jan,1
Watercraft,australia,western australia,N,14' shark,oceania,1944,unknown,jan,1
Unprovoked,australia,new south wales,N,,oceania,1944,evening,jan,1
Unprovoked,south africa,kwazulu-natal,Y,,africa,1944,evening,jan,1
Sea Disaster,italy,adriatic sea,Y,,europe,1944,unknown,,0
Unprovoked,papua new guinea,pacific ocean,Y,,oceania,1944,unknown,,0
Unprovoked,south africa,kwazulu-natal,Y,,africa,1943,morning,dec,4
Sea Disaster,usa,south carolina,Y,,north america,1943,unknown,dec,4
Unprovoked,south africa,eastern cape province,N,,africa,1943,unknown,nov,4
Sea Disaster,pacific ocean,near the fiji islands,Y,,pacific ocean,1943,unknown,nov,4
Invalid,usa,florida,,Shark involvement prior to death unconfirmed,north america,1943,unknown,oct,4
Unprovoked,panama,gulf of panama,Y,"White shark, 2 m [6'9""]  (Tooth fragment recovered from victim's shoulder & identified by J.T. Nicholls)",north america,1943,afternoon,sep,3
Sea Disaster,italy,40 miles south of naples,N,,europe,1943,unknown,aug,3
Sea Disaster,usa,florida,Y,,north america,1943,unknown,jul,3
Invalid,mexico,veracruz,,Invalid,north america,1943,morning,jul,3
Watercraft,australia,tasmania,N,"White shark, 3.9 m, 550 kg, male",oceania,1943,unknown,jun,2
Invalid,pacific ocean,,,Invalid,pacific ocean,1943,unknown,may,2
Sea Disaster,pacific ocean,,N,,pacific ocean,1943,unknown,may,2
Sea Disaster,pacific ocean,,Y,,pacific ocean,1943,unknown,may,2
Sea Disaster,australia,queensland,Y,,oceania,1943,night,may,2
Invalid,usa,hawaii,,Shark involvement prior to death unconfirmed,north america,1943,unknown,apr,2
Unprovoked,south africa,kwazulu-natal,Y,,africa,1943,afternoon,mar,1
Sea Disaster,brazil,,Y,,south america,1943,evening,mar,1
Sea Disaster,papua new guinea,morobe province,Y,,oceania,1943,unknown,mar,1
Sea Disaster,pacific ocean,northwest of papua new guinea,Y,,pacific ocean,1943,unknown,jan,1
Unprovoked,mexico,veracruz,Y,,north america,1943,unknown,,0
Unprovoked,solomon islands,,N,,oceania,1943,unknown,,0
Unprovoked,usa,hawaii,N,"""small sharks""",north america,1943,unknown,,0
Unprovoked,usa,hawaii,N,"""small sharks""",north america,1943,unknown,,0
Unprovoked,usa,hawaii,UNKNOWN,,north america,1943,unknown,,0
Unprovoked,australia,new south wales,Y,Bull shark,oceania,1942,morning,dec,4
Sea Disaster,south africa,kwazulu-natal,Y,"1.8 m to 2.4 m [6' to 8'] sharks, most were oceanic whitetip sharks",africa,1942,morning,nov,4
Unprovoked,south africa,kwazulu-natal,N,,africa,1942,unknown,nov,4
Sea Disaster,solomon islands,,N,,oceania,1942,unknown,nov,4
Sea Disaster,solomon islands,,N,,oceania,1942,unknown,nov,4
Sea Disaster,solomon islands,,Y,,oceania,1942,morning,nov,4
Sea Disaster,solomon islands,,Y,,oceania,1942,unknown,nov,4
Unprovoked,south africa,western cape province,Y,"White shark, 4.5 m  to 6 m [14'9"" to 20'] according to witnesses",africa,1942,afternoon,nov,4
Provoked,pacific ocean,between hawaii and u.s.a.,N,,pacific ocean,1942,unknown,nov,4
Sea Disaster,solomon islands,makora-ulawa province,N,,oceania,1942,unknown,oct,4
Sea Disaster,atlantic ocean,04.05n-13.23w,N,,atlantic ocean,1942,unknown,sep,3
Sea Disaster,atlantic ocean,,N,,atlantic ocean,1942,unknown,sep,3
Unprovoked,australia,queensland,N,"Tiger shark, 2.4 m to 3 m [8' to 10'] ",oceania,1942,afternoon,sep,3
Sea Disaster,solomon islands,,N,,oceania,1942,unknown,aug,3
Sea Disaster,atlantic ocean,,Y,,atlantic ocean,1942,unknown,jul,3
Provoked,italy,liguria,N,Porbeagle shark,europe,1942,unknown,jul,3
Invalid,brazil,,,Shark involvement prior to death unconfirmed,south america,1942,unknown,jun,2
Unprovoked,usa,midway atoll,N,,north america,1942,unknown,jun,2
Unprovoked,australia,queensland,N,,oceania,1942,unknown,may,2
Sea Disaster,cuba,guantanamo province,Y,,north america,1942,night,mar,1
Invalid,australia,new south wales,,Invalid,oceania,1942,unknown,mar,1
Watercraft,australia,new south wales,N,,oceania,1942,unknown,jan,1
Unprovoked,australia,new south wales,Y,"Bull shark, 4 m [13'] ",oceania,1942,afternoon,jan,1
Provoked,australia,new south wales,N,3 m [10'] shark,oceania,1942,unknown,jan,1
Sea Disaster,indonesia,east java,Y,,asia,1942,unknown,,0
Watercraft,australia,tasmania,N,,oceania,1942,unknown,,0
Unprovoked,philippines,camiguin island,Y,,asia,1942,unknown,,0
Watercraft,south africa,western cape province,N,,africa,1942,unknown,,0
Watercraft,south africa,western cape province,N,Said to involve a 6.5 m [21.5'] shark,africa,1942,unknown,,0
Unprovoked,bahamas,cay sal bank,N,1.2 m to 1.5 m [4' to 5'] shark,north america,1942,afternoon,,0
Sea Disaster,pacific ocean,(southwestern pacific),N,,pacific ocean,1942,unknown,,0
Unprovoked,panama,panama city,Y,,north america,1942,unknown,,0
Unprovoked,australia,western australia,N,,oceania,1941,night,dec,4
Sea Disaster,australia,western australia,N,,oceania,1941,unknown,nov,4
Provoked,usa,new york,N,,north america,1941,unknown,aug,3
Invalid,australia,new south wales,,Shark involvement prior to death unconfirmed,oceania,1941,unknown,aug,3
Unprovoked,usa,south carolina,N,,north america,1941,unknown,aug,3
Watercraft,usa,new jersey,N,Mako shark,north america,1941,afternoon,jul,3
Provoked,usa,hawaii,N,100-lb shark,north america,1941,unknown,jul,3
Provoked,usa,new york,N,2.1 m [7'] shark,north america,1941,afternoon,jun,2
Sea Disaster,pacific ocean,off coast of ecuador,Y,,pacific ocean,1941,evening,jun,2
Provoked,usa,california,N,Mako shark (aka bonito shark) 1.2 m [4'] ,north america,1941,night,mar,1
Provoked,australia,new south wales,N,,oceania,1941,unknown,feb,1
Provoked,jamaica,trelawney province,N,,north america,1941,morning,feb,1
Sea Disaster,atlantic ocean,,Y,,atlantic ocean,1941,unknown,jan,1
Unprovoked,solomon islands,new georgia,N,,oceania,1941,unknown,,0
Unprovoked,iran,khuzestan province,Y,,asia,1941,morning,,0
Unprovoked,iran,khuzestan province,Y,,asia,1941,unknown,,0
Unprovoked,iran,khuzestan province,N,,asia,1941,unknown,,0
Unprovoked,iran,khuzestan province,Y,,asia,1941,unknown,,0
Unprovoked,iran,khuzestan province,Y,,asia,1941,unknown,,0
Unprovoked,papua new guinea,,N,,oceania,1941,unknown,,0
Unprovoked,australia,new south wales,Y,,oceania,1940,morning,dec,4
Unprovoked,south africa,kwazulu-natal,Y,,africa,1940,morning,dec,4
Unprovoked,australia,queensland,N,,oceania,1940,unknown,dec,4
Provoked,australia,northern territory,N,,oceania,1940,unknown,dec,4
Unprovoked,panama,panama bay (pacific ocean),Y,5.5 m [18'] shark,north america,1940,unknown,sep,3
Unprovoked,usa,south carolina,N,,north america,1940,unknown,jul,3
Unprovoked,usa,south carolina,N,,north america,1940,unknown,jul,3
Unprovoked,usa,north carolina,N,3 m [10'] shark,north america,1940,unknown,jun,2
Unprovoked,south africa,kwazulu-natal,Y,"White shark, species identity confirmed by tooth pattern",africa,1940,morning,mar,1
Unprovoked,australia,new south wales,N,Wobbegong shark,oceania,1940,unknown,mar,1
Unprovoked,south africa,kwazulu-natal,Y,"White shark, 160-kg [353-lb], identity confirmed by tooth pattern",africa,1940,afternoon,feb,1
Watercraft,australia,new south wales,N,,oceania,1940,afternoon,feb,1
Unprovoked,australia,new south wales,Y,,oceania,1940,afternoon,feb,1
Unprovoked,australia,queensland,N,"""a small shark""",oceania,1940,unknown,jan,1
Unprovoked,australia,new south wales,Y,3 m [10'] shark,oceania,1940,morning,jan,1
Unprovoked,australia,queensland,N,,oceania,1940,afternoon,jan,1
Unprovoked,south africa,kwazulu-natal,Y,2.4 m [8'] shark,africa,1940,afternoon,jan,1
Unprovoked,australia,queensland,N,,oceania,1940,unknown,jan,1
Unprovoked,papua new guinea,bwagaoia,Y,,oceania,1940,unknown,,0
Unprovoked,papua new guinea,western papuan gulf,N,,oceania,1940,unknown,,0
Invalid,south africa,eastern cape province,,Questionable incident,africa,1940,unknown,,0
Invalid,south africa,kwazulu-natal,,Questionable incident,africa,1940,unknown,,0
Invalid,south africa,eastern cape province,,Questionable incident,africa,1940,unknown,,0
Invalid,australia,new south wales,,"Questionable incident, said to involve a 6' shark",oceania,1939,unknown,dec,4
Unprovoked,australia,queensland,Y,2.6 m [8.5'] shark landed 2 hours later,oceania,1939,afternoon,dec,4
Watercraft,australia,new south wales,N,"Blue pointer, 16'",oceania,1939,unknown,nov,4
Provoked,australia,new south wales,N,whaler shark,oceania,1939,unknown,nov,4
Watercraft,australia,new south wales,UNKNOWN,,oceania,1939,unknown,nov,4
Watercraft,australia,new south wales,UNKNOWN,,oceania,1939,unknown,nov,4
Unprovoked,australia,queensland,N,"Tiger shark, 4.3 m [14'], 3 tooth fragments retrieved from his wounds",oceania,1939,unknown,oct,4
Unprovoked,usa,hawaii,N,1.5 m [5'] shark,north america,1939,unknown,oct,4
Unprovoked,australia,torres strait,N,Tiger shark,oceania,1939,unknown,sep,3
Provoked,usa,california,N,,north america,1939,unknown,aug,3
Sea Disaster,pacific ocean,,Y,,pacific ocean,1939,unknown,jul,3
Provoked,bahamas,andros islands,N,"Nurse shark, 2.1 m [7']",north america,1939,afternoon,jul,3
Provoked,usa,texas,N,18' shark,north america,1939,morning,jul,3
Unprovoked,usa,virginia,Y,,north america,1939,unknown,may,2
Unprovoked,papua new guinea,morobe province,Y,,oceania,1939,unknown,apr,2
Unprovoked,papua new guinea,central province,Y,"""a large shark""",oceania,1939,unknown,mar,1
Unprovoked,india,tamil nadu,Y,,asia,1939,unknown,feb,1
Provoked,new zealand,north island,N,7' shark,oceania,1939,unknown,feb,1
Unprovoked,australia,new south wales,N,7' shark,oceania,1939,unknown,jan,1
Watercraft,bahamas,andros islands,N,Tiger shark,north america,1939,unknown,,0
Unprovoked,papua new guinea,"abau sub district, central province",Y,,oceania,1939,unknown,,0
Unprovoked,australia,new south wales,Y,,oceania,1938,unknown,dec,4
Provoked,australia,queensland,N,"Tiger shark, 6'",oceania,1938,afternoon,oct,4
Unprovoked,china,north china,Y,,asia,1938,unknown,aug,3
Provoked,usa,california,N,,north america,1938,unknown,aug,3
Unprovoked,usa,south carolina,N,,north america,1938,unknown,jul,3
Provoked,usa,california,N,,north america,1938,unknown,jul,3
Unprovoked,australia,torres strait,Y,,oceania,1938,unknown,jul,3
Unprovoked,australia,new south wales,N,6' shark,oceania,1938,unknown,jun,2
Unprovoked,india,west bengal,Y,,asia,1938,unknown,may,2
Unprovoked,fiji,viti levu,N,,oceania,1938,unknown,mar,1
Unprovoked,australia,northern territory,N,,oceania,1938,unknown,mar,1
Provoked,australia,new south wales,N," Tiger shark, 3'",oceania,1938,unknown,jan,1
Provoked,south africa,kwazulu-natal,N,,africa,1938,unknown,jan,1
Invalid,australia,new south wales,,Questionable incident,oceania,1938,afternoon,jan,1
Unprovoked,australia,new south wales,N,,oceania,1938,unknown,jan,1
Unprovoked,egypt,,Y,,africa,1938,unknown,,0
Provoked,usa,north carolina,N,,north america,1938,unknown,,0
Unprovoked,australia,torres strait,N,,oceania,1938,unknown,,0
Unprovoked,south africa,kwazulu-natal,N,,africa,1938,unknown,,0
Sea Disaster,usa,north carolina,Y,,north america,1937,unknown,nov,4
Unprovoked,australia,torres strait,Y,12' shark,oceania,1937,unknown,nov,4
Sea Disaster,solomon islands,,Y,,oceania,1937,unknown,nov,4
Unprovoked,australia,queensland,Y,Tiger shark,oceania,1937,evening,oct,4
Unprovoked,australia,queensland,Y,"Tiger shark,  3.6 m [11'9""], 850-kg [1874-lb] female, contained Girvan's remains ",oceania,1937,evening,oct,4
Unprovoked,australia,new south wales,N,2.4 m [8'] shark,oceania,1937,unknown,oct,4
Unprovoked,australia,new south wales,N,2.6 m [8.5'] shark,oceania,1937,unknown,oct,4
Provoked,croatia,split-dalmatia county,N,,europe,1937,unknown,sep,3
Watercraft,united kingdom,argyllshire,N,Basking shark,europe,1937,unknown,sep,3
Watercraft,united kingdom,arran,N,Basking shark,europe,1937,unknown,sep,3
Unprovoked,united kingdom,argyll,N,Basking shark,europe,1937,unknown,sep,3
Unprovoked,australia,torres strait,N,"Tiger shark, 9' to 10' ",oceania,1937,morning,aug,3
Unprovoked,panama,colon province,Y,,north america,1937,unknown,aug,3
Unprovoked,australia,northern territory,Y,,oceania,1937,unknown,jul,3
Invalid,italy,liguria,,Invalid,europe,1937,unknown,jul,3
Unprovoked,greece,,Y,,europe,1937,unknown,jun,2
Provoked,australia,new south wales,N,"Whaler shark, 4 m [13'] ",oceania,1937,unknown,jun,2
Unprovoked,usa,texas,Y,,north america,1937,night,jun,2
Provoked,usa,texas,N,4' shark,north america,1937,unknown,may,2
Unprovoked,australia,queensland,Y,2 days later a 600-lb shark was caught 100 yards from the site,oceania,1937,night,may,2
Invalid,australia,new south wales,,Shark involvement prior to death was not confirmed,oceania,1937,unknown,mar,1
Invalid,australia,victoria,,Shark involvement prior to death was not confirmed,oceania,1937,unknown,mar,1
Unprovoked,australia,new south wales,Y,White shark,oceania,1937,afternoon,feb,1
Unprovoked,australia,new south wales,N,,oceania,1937,unknown,feb,1
Watercraft,australia,new south wales,N,,oceania,1937,night,feb,1
Provoked,australia,queensland,N,"3' ""blue nosed"" shark",oceania,1937,unknown,feb,1
Invalid,australia,south australia,,Shark involvement prior to death was not confirmed,oceania,1937,night,,0
Provoked,australia,new south wales,N,"Grey nurse shark, 8'",oceania,1937,unknown,jan,1
Unprovoked,australia,torres strait,N,,oceania,1937,unknown,,0
Unprovoked,usa,hawaii,N,6 m [20']  shark,north america,1936,unknown,dec,4
Watercraft,australia,queensland,N,3 m [10'] shark,oceania,1936,unknown,dec,4
Provoked,australia,new south wales,N,,oceania,1936,unknown,dec,4
Unprovoked,australia,new south wales,Y,,oceania,1936,morning,dec,4
Watercraft,australia,victoria,Y,Thought to involve a 12' white shark,oceania,1936,unknown,dec,4
Provoked,australia,torres strait,N,0.9 m [3']  shark,oceania,1936,unknown,nov,4
Unprovoked,usa,hawaii,N,,north america,1936,unknown,sep,3
Unprovoked,australia,torres strait,N,Large tiger shark seen in the vicinity the following morning,oceania,1936,unknown,aug,3
Unprovoked,australia,torres strait,N,,oceania,1936,unknown,aug,3
Watercraft,usa,north carolina,N,,north america,1936,unknown,aug,3
Unprovoked,usa,massachusetts,Y,White shark (identified by Dr. Hugh Smith) ,north america,1936,afternoon,jul,3
Watercraft,usa,new jersey,N,"Blue shark, 8' [2.4 m], 500-lb ",north america,1936,afternoon,jul,3
Unprovoked,australia,torres strait,N,,oceania,1936,unknown,jul,3
Watercraft,south africa,western cape province,N,,africa,1936,unknown,jul,3
Unprovoked,australia,torres strait,Y,"Tiger shark, 2.4 m [8']",oceania,1936,unknown,jun,2
Unprovoked,usa,florida,Y,,north america,1936,unknown,jun,2
Unprovoked,australia,queensland,N,"Tiger shark, 4.6 m [15'] ",oceania,1936,morning,apr,2
Unprovoked,australia,queensland,N,,oceania,1936,unknown,,0
Provoked,usa,florida,N,650-lb shark,north america,1936,unknown,mar,1
Unprovoked,australia,torres strait,N,,oceania,1936,unknown,mar,1
Unprovoked,australia,queensland,N,,oceania,1936,unknown,mar,1
Watercraft,australia,northern territory,N,,oceania,1936,unknown,mar,1
Provoked,australia,new south wales,N,,oceania,1936,unknown,feb,1
Unprovoked,australia,queensland,N,10' shark,oceania,1936,unknown,feb,1
Unprovoked,australia,new south wales,Y,White shark,oceania,1936,afternoon,feb,1
Unprovoked,australia,south australia,Y,White shark,oceania,1936,evening,jan,1
Invalid,australia,queensland,,Shark involvement prior to death was not confirmed,oceania,1936,unknown,jan,1
Provoked,australia,new south wales,N,2.3 m [7'] shark,oceania,1936,unknown,jan,1
Unprovoked,australia,victoria,Y,,oceania,1936,unknown,,0
Provoked,australia,victoria,N,4.3 m [14'] shark,oceania,1935,unknown,dec,4
Unprovoked,australia,torres strait,N,,oceania,1935,unknown,nov,4
Unprovoked,usa,north carolina,Y,,north america,1935,evening,sep,3
Unprovoked,papua new guinea,central province,Y,,oceania,1935,unknown,sep,3
Unprovoked,australia,queensland,Y,3.7 m [12'] shark,oceania,1935,night,aug,3
Invalid,united kingdom,isle of wight,,Invalid,europe,1935,unknown,aug,3
Unprovoked,australia,torres strait,Y,,oceania,1935,unknown,aug,3
Invalid,usa,california,,Invalid,north america,1935,unknown,jul,3
Invalid,usa,california,,Invalid,north america,1935,unknown,jul,3
Unprovoked,panama,,Y,,north america,1935,unknown,jul,3
Unprovoked,croatia,adriatic sea,Y,,europe,1935,afternoon,jul,3
Unprovoked,usa,new jersey,N,4.6 m [15'] shark,north america,1935,unknown,jun,2
Unprovoked,solomon islands,makira-uluwa province,Y,,oceania,1935,unknown,jun,2
Watercraft,australia,south australia,N,,oceania,1935,unknown,jun,2
Unprovoked,papua new guinea,northern (oro) province,N,,oceania,1935,unknown,jun,2
Provoked,south africa,kwazulu-natal,N,"White shark, 246-kg ",africa,1935,unknown,may,2
Unprovoked,australia,torres strait,N,1.8 m [6'] shark,oceania,1935,unknown,may,2
Invalid,australia,new south wales,,Invalid,oceania,1935,unknown,apr,2
Unprovoked,usa,california,N,,north america,1935,unknown,apr,2
Unprovoked,australia,queensland,N,,oceania,1935,afternoon,mar,1
Provoked,south africa,kwazulu-natal,N,,africa,1935,unknown,mar,1
Unprovoked,australia,torres strait,N,Tiger shark 3 m  [10'] ,oceania,1935,unknown,mar,1
Provoked,australia,queensland,N,"""Blue nose shark""",oceania,1935,unknown,mar,1
Unprovoked,australia,new south wales,N,,oceania,1935,unknown,mar,1
Unprovoked,australia,new south wales,Y,"White shark, 4 m [13'] ",oceania,1935,afternoon,mar,1
Unprovoked,australia,new south wales,Y,"White shark, 3.5 m to 4 m [11.5' to 13'] ",oceania,1935,evening,mar,1
Unprovoked,australia,new south wales,N,,oceania,1935,evening,feb,1
Unprovoked,australia,new south wales,N,"Tiger shark, 12' ",oceania,1935,unknown,jan,1
Watercraft,australia,queensland,N,2 sharks,oceania,1935,unknown,jan,1
Invalid,australia,queensland,,Invalid,oceania,1935,unknown,jan,1
Unprovoked,australia,new south wales,N,"Tiger shark, 1.5 m [5'] ",oceania,1934,evening,dec,4
Unprovoked,australia,new south wales,Y,,oceania,1934,afternoon,dec,4
Unprovoked,australia,new south wales,Y,,oceania,1934,afternoon,dec,4
Unprovoked,australia,new south wales,N,,oceania,1934,afternoon,oct,4
Unprovoked,australia,northern territory,Y,,oceania,1934,unknown,oct,4
Provoked,united kingdom,hamilton,N,,europe,1934,night,oct,4
Unprovoked,australia,torres strait,Y,,oceania,1934,unknown,oct,4
Provoked,united kingdom,hamilton,N,1.5 m [5'] shark,europe,1934,unknown,sep,3
Watercraft,italy,sicily,N,"White shark, 4 m [13'] ",europe,1934,unknown,aug,3
Unprovoked,australia,queensland,Y,,oceania,1934,unknown,aug,3
Unprovoked,croatia,adriatic sea,Y,White shark,europe,1934,unknown,aug,3
Unprovoked,usa,georgia,N,,north america,1934,unknown,aug,3
Watercraft,australia,new south wales,N,"Blue pointer, 11' ",oceania,1934,unknown,jul,3
Provoked,australia,new south wales,N,"A 6.5' ""blue-nosed shark""",oceania,1934,night,jun,2
Unprovoked,usa,florida,Y,,north america,1934,unknown,jun,2
Unprovoked,australia,queensland,N,,oceania,1934,morning,apr,2
Unprovoked,south africa,kwazulu-natal,Y,,africa,1934,afternoon,apr,2
Unprovoked,south africa,kwazulu-natal,N,,africa,1934,afternoon,apr,2
Unprovoked,australia,new south wales,Y,4.3 m [14'] shark seen in vicinity,oceania,1934,afternoon,apr,2
Unprovoked,australia,new south wales,Y,4 m [13'] shark seen in vicinity,oceania,1934,afternoon,mar,1
Provoked,australia,new south wales,N,"Mako shark, 3.7 m [12'] identified by tooth fragments by G.P. Whitley",oceania,1934,unknown,mar,1
Unprovoked,australia,torres strait,N,3.4 m [11']  tiger shark & a 5' shark,oceania,1934,afternoon,feb,1
Unprovoked,australia,new south wales,N,,oceania,1934,unknown,jan,1
Unprovoked,australia,new south wales,N,4.3 m [14'] shark seen in area previous week,oceania,1934,afternoon,jan,1
Unprovoked,philippines,,N,,asia,1934,unknown,,0
Unprovoked,australia,torres strait,Y,"Tiger shark, 3.4 m [11'] ",oceania,1933,unknown,nov,4
Unprovoked,australia,queensland,N,Tiger shark,oceania,1933,unknown,nov,4
Unprovoked,australia,queensland,N,,oceania,1933,unknown,oct,4
Provoked,usa,california,N,"Blue shark, 4.5 m [14'9""]",north america,1933,unknown,aug,3
Unprovoked,usa,south carolina,N,,north america,1933,unknown,aug,3
Unprovoked,usa,connecticut,N,,north america,1933,unknown,aug,3
Unprovoked,usa,california,N,Tiger shark,north america,1933,unknown,jul,3
Unprovoked,australia,western australia,N,,oceania,1933,unknown,jul,3
Unprovoked,usa,south carolina,N,Thought to involve a 2.4 m [8'] lemon shark; two 2.4 m lemon sharks caught within 100 yds of the site a week prior to & a week after this incident,north america,1933,unknown,jun,2
Unprovoked,usa,south carolina,N,,north america,1933,unknown,jun,2
Invalid,australia,northern territory,,Invalid,oceania,1933,unknown,jun,2
Provoked,australia,queensland,N,7' to 8' shark,oceania,1933,unknown,may,2
Unprovoked,australia,queensland,N,,oceania,1933,unknown,jun,2
Sea Disaster,cuba,havana province,Y,,north america,1933,unknown,may,2
Unprovoked,usa,florida,Y,Possibly a bull shark or tiger shark,north america,1933,unknown,apr,2
Unprovoked,australia,new south wales,N,10' shark,oceania,1933,unknown,feb,1
Unprovoked,australia,torres strait,N,4.4 m [14'] shark,oceania,1933,unknown,feb,1
Watercraft,australia,south australia,N,,oceania,1933,unknown,feb,1
Provoked,australia,south australia,N,Blue shark,oceania,1933,unknown,feb,1
Unprovoked,australia,queensland,Y,,oceania,1933,evening,jan,1
Unprovoked,australia,northern territory,N,,oceania,1932,unknown,dec,4
Provoked,new zealand,north island,N,,oceania,1932,unknown,dec,4
Sea Disaster,cuba,,UNKNOWN,,north america,1932,unknown,nov,4
Unprovoked,australia,new south wales,N,Thought to involve a mako or grey nurse shark,oceania,1932,morning,oct,4
Unprovoked,fiji,viti levu island,N,,oceania,1932,unknown,sep,3
Provoked,australia,new south wales,N,,oceania,1932,unknown,aug,3
Provoked,australia,new south wales,N,,oceania,1932,unknown,aug,3
Provoked,usa,new jersey,N,16' 800-lb shark,north america,1932,unknown,aug,3
Unprovoked,australia,torres strait,N,,oceania,1932,unknown,aug,3
Provoked,bahamas,new providence district,N,,north america,1932,unknown,aug,3
Invalid,usa,texas,,Shark involvement prior to death unconfirmed,north america,1932,unknown,jul,3
Provoked,usa,new jersey,N,"250-lb ""dog shark""",north america,1932,unknown,jun,2
Provoked,usa,new jersey,N,,north america,1932,unknown,jun,2
Unprovoked,fiji,yasawa islands,Y,,oceania,1932,unknown,jun,2
Unprovoked,australia,torres strait,Y,,oceania,1932,unknown,may,2
Unprovoked,australia,torres strait,N,,oceania,1932,unknown,may,2
Unprovoked,philippines,manila,Y,,asia,1932,unknown,apr,2
Unprovoked,philippines,manila,Y,,asia,1932,unknown,apr,2
Unprovoked,usa,hawaii,N,,north america,1932,unknown,feb,1
Unprovoked,australia,queensland,N,,oceania,1932,unknown,feb,1
Unprovoked,philippines,manila,Y,,asia,1932,unknown,feb,1
Unprovoked,australia,queensland,N,A small shark,oceania,1932,afternoon,jan,1
Watercraft,australia,victoria,UNKNOWN,Grey nurse shark,oceania,1932,unknown,jan,1
Provoked,mexico,baja california,Y,,north america,1932,unknown,jan,1
Unprovoked,south africa,eastern cape province,N,"Raggedtooth shark, 1.2 m to 1.5 m [4' to 5'] ",africa,1932,evening,,0
Unprovoked,australia,torres strait,N,4 m [13'] shark,oceania,1931,unknown,nov,4
Unprovoked,jamaica,kingston parish,Y,,north america,1931,afternoon,sep,3
Unprovoked,usa,florida,N,,north america,1931,unknown,sep,3
Unprovoked,usa,florida,N,"Hammerhead shark, 2.4 m [8'], according to lifeguard Sam Barrows",north america,1931,unknown,sep,3
Invalid,usa,hawaii,,Shark involvement prior to death unconfirmed,north america,1931,unknown,sep,3
Unprovoked,cuba,havana province,Y,,north america,1931,unknown,aug,3
Invalid,usa,hawaii,,Shark involvement prior to death unconfirmed,north america,1931,unknown,aug,3
Watercraft,usa,new jersey,N,,north america,1931,unknown,aug,3
Unprovoked,cuba,havana province,Y,,north america,1931,unknown,aug,3
Unprovoked,cuba,havana province,Y,,north america,1931,unknown,aug,3
Unprovoked,usa,texas,N,,north america,1931,unknown,aug,3
Unprovoked,usa,new jersey,N,,north america,1931,unknown,aug,3
Unprovoked,australia,queensland,Y,,oceania,1931,unknown,aug,3
Unprovoked,fiji,viti levu island,N,small sharks,oceania,1931,unknown,jul,3
Unprovoked,usa,new jersey,N,,north america,1931,unknown,jul,3
Unprovoked,usa,hawaii,N,,north america,1931,unknown,jun,2
Provoked,usa,hawaii,N,"Tiger shark, 3 m [10']",north america,1931,unknown,jun,2
Unprovoked,usa,florida,N,6' shark,north america,1931,unknown,jun,2
Watercraft,australia,new south wales,N,"""a school of sharks""",oceania,1931,unknown,may,2
Unprovoked,australia,queensland,Y,,oceania,1931,unknown,mar,1
Provoked,australia,south australia,N,"1.8 m [6'] ""cocktail shark",oceania,1931,unknown,mar,1
Invalid,australia,new south wales,,Shark involvement prior to death unconfirmed,oceania,1931,night,feb,1
Unprovoked,australia,torres strait,N,,oceania,1931,unknown,jan,1
Unprovoked,australia,torres strait,N,,oceania,1931,unknown,jan,1
Unprovoked,australia,queensland,N,1.5 m [5'] shark,oceania,1931,afternoon,jan,1
Unprovoked,papua new guinea,,UNKNOWN,,oceania,1931,unknown,,0
Unprovoked,australia,new south wales,N,,oceania,1930,afternoon,dec,4
Unprovoked,australia,new south wales,Y,,oceania,1930,unknown,dec,4
Watercraft,australia,victoria,N,7 shark's teeth found embedded in the woodwork of the boat,oceania,1930,unknown,dec,4
Unprovoked,australia,new south wales,Y,,oceania,1930,unknown,dec,4
Unprovoked,australia,queensland,N,,oceania,1930,unknown,nov,4
Unprovoked,australia,western australia,N,,oceania,1930,afternoon,aug,3
Unprovoked,spain,canary islands,N,,europe,1930,unknown,aug,3
Unprovoked,usa,florida,N,,north america,1930,morning,aug,3
Unprovoked,cuba,havana province,N,,north america,1930,evening,jul,3
Unprovoked,usa,florida,N,Tiger shark,north america,1930,unknown,jul,3
Unprovoked,australia,torres strait,Y,,oceania,1930,unknown,jun,2
Unprovoked,usa,texas,N,,north america,1930,evening,may,2
Invalid,south africa,eastern cape province,,Shark involvement prior to death unconfirmed,africa,1930,unknown,apr,2
Unprovoked,usa,florida,N,,north america,1930,unknown,mar,1
Unprovoked,australia,torres strait,N,,oceania,1930,unknown,feb,1
Unprovoked,australia,victoria,Y,White shark 4.9 m [16'] ,oceania,1930,afternoon,feb,1
Provoked,australia,western australia,N,,oceania,1930,unknown,feb,1
Watercraft,mexico,veracruz,Y,,north america,1930,unknown,jan,1
Unprovoked,south africa,western cape province,N,"White shark, 4.5 m [14'9""], identity confirmed by witness & tooth pattern",africa,1930,evening,jan,1
Unprovoked,japan,,N,,asia,1930,unknown,,0
Unprovoked,south africa,eastern cape province,Y,,africa,1930,unknown,,0
Unprovoked,australia,new south wales,Y,Tiger shark,oceania,1929,unknown,dec,4
Unprovoked,australia,torres strait,N,,oceania,1929,unknown,dec,4
Unprovoked,australia,new south wales,N,"""a small shark""",oceania,1929,unknown,dec,4
Unprovoked,australia,torres strait,N,,oceania,1929,unknown,dec,4
Unprovoked,australia,queensland,Y,,oceania,1929,unknown,dec,4
Unprovoked,cuba,cienfuegos province,N,,north america,1929,unknown,nov,4
Unprovoked,australia,torres strait,N,,oceania,1929,unknown,oct,4
Unprovoked,spain,valencia,N,,europe,1929,unknown,oct,4
Unprovoked,australia,queensland,Y,,oceania,1929,unknown,sep,3
Unprovoked,usa,south carolina,N,,north america,1929,unknown,aug,3
Unprovoked,mexico,tamaulipas,N,,north america,1929,unknown,jul,3
Provoked,usa,florida,N,9-foot shark,north america,1929,unknown,jun,2
Unprovoked,australia,torres strait,N,,oceania,1929,unknown,may,2
Unprovoked,australia,queensland,N,,oceania,1929,unknown,apr,2
Unprovoked,australia,queensland,N,,oceania,1929,unknown,apr,2
Provoked,australia,queensland,N,"Grey nurse shark, 4' ",oceania,1929,afternoon,apr,2
Unprovoked,australia,torres strait,Y,,oceania,1929,unknown,apr,2
Unprovoked,australia,torres strait,Y,,oceania,1929,unknown,apr,2
Unprovoked,usa,florida,N,,north america,1929,afternoon,mar,1
Unprovoked,australia,torres strait,Y,,oceania,1929,unknown,mar,1
Unprovoked,australia,south australia,N,"""a dog shark""",oceania,1929,unknown,mar,1
Unprovoked,australia,south australia,N,"""a dog shark""",oceania,1929,unknown,mar,1
Unprovoked,australia,new south wales,Y,,oceania,1929,afternoon,feb,1
Watercraft,australia,western australia,N,"Blue pointer, 12'",oceania,1929,unknown,feb,1
Unprovoked,australia,new south wales,Y,,oceania,1929,afternoon,feb,1
Unprovoked,australia,queensland,Y,,oceania,1929,evening,jan,1
Unprovoked,new zealand,north island,N,,oceania,1929,unknown,jan,1
Unprovoked,australia,new south wales,Y,12' shark,oceania,1929,evening,jan,1
Unprovoked,fiji,viti levu island,Y,,oceania,1929,unknown,jan,1
Invalid,australia,new south wales,,Invalid,oceania,1929,unknown,,0
Provoked,australia,south australia,N,"""a dog shark""",oceania,1929,unknown,,0
Provoked,usa,florida,N,9' shark,north america,1929,unknown,,0
Unprovoked,australia,new south wales,N,,oceania,1929,unknown,,0
Unprovoked,usa,florida,N,,north america,1929,unknown,,0
Unprovoked,australia,,N,,oceania,1928,unknown,dec,4
Provoked,usa,new jersey,N,"""Blue nose sharks""",north america,1928,unknown,nov,4
Watercraft,india,,N,,asia,1928,unknown,nov,4
Sea Disaster,usa,virginia,Y,,north america,1928,unknown,nov,4
Unprovoked,panama,gulf of panama,Y,Moreno’s leg  & part of his swim suit found in 9' shark caught two hours after the attack. Identified as carcharhinid shark by L. Schultz & C. Limbaugh on photograph,north america,1928,morning,nov,4
Unprovoked,usa,texas,N,,north america,1928,unknown,sep,3
Invalid,usa,new jersey,,7' shark,north america,1928,unknown,aug,3
Unprovoked,australia,,N,,oceania,1928,unknown,jul,3
Provoked,italy,tuscany,N,"Species unknown, possibly a white shark",europe,1928,unknown,jul,3
Unprovoked,usa,florida,N,,north america,1928,unknown,jun,2
Invalid,india,,,Shark involvement not confirmed,asia,1928,afternoon,may,2
Unprovoked,australia,queensland,N,Tiger shark,oceania,1928,unknown,apr,2
Unprovoked,australia,new south wales,N,,oceania,1928,afternoon,apr,2
Unprovoked,jamaica,kingston parish,Y,,north america,1928,evening,apr,2
Unprovoked,australia,queensland,N,4' shark,oceania,1928,morning,apr,2
Unprovoked,australia,new south wales,Y,,oceania,1928,evening,apr,2
Unprovoked,australia,queensland,N,,oceania,1928,unknown,mar,1
Unprovoked,australia,torres strait,Y,,oceania,1928,unknown,feb,1
Unprovoked,australia,torres strait,Y,,oceania,1928,unknown,jan,1
Invalid,usa,florida,,Shark involvement not confirmed,north america,1928,night,jan,1
Invalid,usa,florida,,Shark involvement not confirmed,north america,1928,night,jan,1
Unprovoked,south africa,eastern cape province,N,,africa,1928,unknown,jan,1
Unprovoked,south africa,eastern cape province,N,1.2 m [4'] shark,africa,1928,morning,jan,1
Unprovoked,south africa,kwazulu-natal,N,,africa,1928,morning,,0
Unprovoked,south africa,western cape province,Y,"White shark, 4.4 m [14.5'] . ",africa,1927,morning,dec,4
Sea Disaster,australia,new south wales,Y,,oceania,1927,unknown,nov,4
Sea Disaster,brazil,porto seguro,Y,,south america,1927,afternoon,oct,4
Unprovoked,australia,new south wales,N,,oceania,1927,unknown,oct,4
Unprovoked,fiji,,N,,oceania,1927,unknown,oct,4
Watercraft,australia,new south wales,N,,oceania,1927,unknown,jul,3
Sea Disaster,philippines,luzon island,Y,,asia,1927,unknown,may,2
Unprovoked,australia,queensland,Y,,oceania,1927,unknown,may,2
Unprovoked,australia,torres strait,N,,oceania,1927,unknown,apr,2
Unprovoked,australia,queensland,N,,oceania,1927,unknown,apr,2
Unprovoked,australia,new south wales,N,Grey nurse shark?,oceania,1927,afternoon,mar,1
Unprovoked,australia,queensland,N,,oceania,1927,unknown,feb,1
Provoked,new zealand,south island,N,Mako shark,oceania,1927,unknown,feb,1
Unprovoked,south africa,eastern cape province,N,"Raggedtooth shark, 1.5 m [5'] ",africa,1927,morning,jan,1
Unprovoked,usa,california,N,,north america,1927,unknown,jan,1
Unprovoked,australia,new south wales,Y,3.7 m [12'] shark,oceania,1927,morning,jan,1
Unprovoked,australia,new south wales,Y,,oceania,1927,unknown,,0
Unprovoked,australia,torres strait,N,,oceania,1927,unknown,,0
Unprovoked,australia,torres strait,Y,,oceania,1926,unknown,dec,4
Unprovoked,australia,torres strait,N,,oceania,1926,unknown,nov,4
Unprovoked,papua new guinea,central province,Y,,oceania,1926,unknown,oct,4
Unprovoked,australia,new south wales,N,"Grey nurse shark, 4'",oceania,1926,afternoon,oct,4
Sea Disaster,united kingdom,,N,,europe,1926,night,oct,4
Unprovoked,papua new guinea,,Y,,oceania,1926,unknown,sep,3
Unprovoked,usa,new jersey,Y,,north america,1926,unknown,aug,3
Unprovoked,italy,golfo di genova in the ligurian sea,Y,Said to involve 6 to 7 m [20' to 23'] white shark,europe,1926,morning,jul,3
Watercraft,usa,new jersey,N,"""whiptail shark"" (thresher shark?)",north america,1926,unknown,jul,3
Unprovoked,usa,california,N,1.5 m [5'] white shark or sevengill shark,north america,1926,unknown,jul,3
Invalid,spain,sants-montjic,,"Questionable, 2m shark suspected",europe,1926,unknown,jul,3
Unprovoked,usa,hawaii,Y,"White shark, 3.8 m [12.5']  ",north america,1926,unknown,may,2
Unprovoked,usa,hawaii,N,"According to Carlsmith, the shark's mouth was 3' wide",north america,1926,evening,apr,2
Unprovoked,australia,south australia,Y,"White shark, 3.7 m [12']  ",oceania,1926,afternoon,mar,1
Unprovoked,south africa,eastern cape province,N,"""a blue shark""",africa,1926,unknown,jan,1
Unprovoked,australia,victoria,N,,oceania,1926,unknown,jan,1
Provoked,new zealand,cook islands,N,,oceania,1926,unknown,,0
Unprovoked,south africa,western cape province,UNKNOWN,,africa,1926,unknown,,0
Unprovoked,australia,western australia,Y,"Tiger shark, 4 m [13'] female",oceania,1925,afternoon,nov,4
Unprovoked,usa,puerto rico,N,,north america,1925,unknown,nov,4
Unprovoked,usa,puerto rico,N,,north america,1925,unknown,nov,4
Provoked,spain,valencia,N,,europe,1925,unknown,sep,3
Unprovoked,united kingdom,isle of wight,N,,europe,1925,morning,sep,3
Unprovoked,usa,south carolina,N,,north america,1925,unknown,aug,3
Invalid,australia,western australia,,Shark involvement prior to death unconfirmed,oceania,1925,unknown,jun,2
Unprovoked,usa,puerto rico,N,,north america,1925,unknown,may,2
Unprovoked,australia,new south wales,N,Said to be a “small shark”,oceania,1925,evening,mar,1
Unprovoked,australia,new south wales,Y,,oceania,1925,afternoon,mar,1
Unprovoked,papua new guinea,central province,Y,,oceania,1925,unknown,mar,1
Unprovoked,usa,florida,N,,north america,1925,unknown,jan,1
Unprovoked,fiji,viti levu island,N,,oceania,1925,unknown,,0
Unprovoked,mexico,tamaulipas,Y,1.8 m shark,north america,1924,unknown,nov,4
Unprovoked,panama,"2 to 3 miles off taboguilla island, pacific ocean",N,,north america,1924,night,nov,4
Unprovoked,usa,puerto rico,Y,,north america,1924,unknown,nov,4
Provoked,france,tuamotus,N,,europe,1924,unknown,oct,4
Unprovoked,australia,victoria,N,10' shark,oceania,1924,unknown,oct,4
Unprovoked,usa,south carolina,N,"Mako shark, 1.9 m [6.5']. Tooth fragment recovered & identified by J.T. Nichols.",north america,1924,unknown,jul,3
Provoked,united kingdom,dorset,N,12' shark,europe,1924,unknown,jul,3
Watercraft,usa,california,N,,north america,1924,unknown,jul,3
Provoked,usa,florida,N,,north america,1924,evening,jun,2
Unprovoked,australia,new south wales,Y,,oceania,1924,afternoon,apr,2
Unprovoked,panama,150 miles offshore,N,,north america,1924,unknown,apr,2
Invalid,australia,western australia,,Questionable,oceania,1924,unknown,apr,2
Unprovoked,solomon islands,central province,N,,oceania,1924,unknown,mar,1
Watercraft,spain,galica,N,3.5 m shark,europe,1924,unknown,mar,1
Unprovoked,australia,new south wales,N,,oceania,1924,evening,feb,1
Invalid,australia,queensland,,Shark involvement prior to death unconfirmed,oceania,1924,afternoon,feb,1
Unprovoked,south africa,kwazulu-natal,Y,,africa,1924,afternoon,jan,1
Unprovoked,south africa,eastern cape province,N,,africa,1924,afternoon,jan,1
Unprovoked,australia,new south wales,Y,3 m [10'] shark,oceania,1924,afternoon,jan,1
Unprovoked,australia,new south wales,N,,oceania,1923,unknown,dec,4
Unprovoked,australia,new south wales,Y,,oceania,1923,unknown,dec,4
Unprovoked,australia,western australia,Y,,oceania,1923,unknown,nov,4
Invalid,australia,new south wales,,Shark involvement suspected but not confirmed,oceania,1923,unknown,nov,4
Invalid,australia,new south wales,,Shark involvement prior to death unconfirmed,oceania,1923,unknown,oct,4
Watercraft,australia,new south wales,N,"""a very large shark""",oceania,1923,unknown,oct,4
Unprovoked,australia,torres strait,N,,oceania,1923,unknown,oct,4
Unprovoked,australia,queensland,N,,oceania,1923,unknown,jul,3
Watercraft,australia,new south wales,Y,,oceania,1923,unknown,jun,2
Watercraft,mexico,vera cruz,N,,north america,1923,unknown,jun,2
Unprovoked,australia,western australia,N,,oceania,1923,unknown,may,2
Unprovoked,australia,queensland,Y,,oceania,1923,afternoon,may,2
Unprovoked,australia,queensland,N,,oceania,1923,unknown,mar,1
Unprovoked,usa,puerto rico,N,,north america,1923,unknown,feb,1
Invalid,australia,western australia,,Shark involvement prior to death was not confirmed,oceania,1923,unknown,jan,1
Unprovoked,australia,western australia,Y,,oceania,1923,unknown,jan,1
Invalid,cuba,caribbean sea,,"Atkins' remains were recovered from a dusky shark, C. obscurus, by Capt. W. F. Young, shark fisherman",north america,1923,unknown,jan,1
Watercraft,usa,new jersey,N,,north america,1923,unknown,,0
Unprovoked,philippines,manila bay,Y,,asia,1923,unknown,,0
Provoked,usa,new jersey,N,,north america,1923,unknown,,0
Provoked,usa,new jersey,N,,north america,1923,unknown,,0
Unprovoked,usa,puerto rico,Y,,north america,1922,unknown,dec,4
Unprovoked,australia,queensland,Y,"2.7 m [9'] ""blue"" shark",oceania,1922,morning,dec,4
Invalid,australia,new south wales,,Shark involvement prior to death unconfirmed,oceania,1922,unknown,oct,4
Unprovoked,usa,hawaii,N,,north america,1922,unknown,sep,3
Unprovoked,united kingdom,east yorkshire,Y,,europe,1922,unknown,sep,3
Watercraft,usa,massachusetts,N,"""A pack of 6 sharks""",north america,1922,unknown,sep,3
Unprovoked,usa,florida,N,,north america,1922,unknown,jul,3
Unprovoked,usa,florida,Y,1.8 m [6'] shark,north america,1922,unknown,jun,2
Unprovoked,jamaica,westmoreland parish,Y,6' shark,north america,1922,morning,may,2
Unprovoked,south africa,western cape province,N,"White shark, 12', identity confirmed by tooth fragment, witness and photograph of captured shark ",africa,1922,unknown,may,2
Unprovoked,australia,new south wales,Y,,oceania,1922,unknown,apr,2
Unprovoked,jamaica,kingston parish,N,,north america,1922,unknown,mar,1
Unprovoked,jamaica,kingston parish,Y,2.7 m [9'] shark later captured by Mitchell-Hedges,north america,1922,unknown,mar,1
Unprovoked,australia,new south wales,Y,"White shark, 2.4 m [8'] ",oceania,1922,morning,mar,1
Invalid,australia,new south wales,,Shark involvement prior to death unconfirmed,oceania,1922,unknown,feb,1
Unprovoked,australia,new south wales,Y,White shark,oceania,1922,afternoon,feb,1
Unprovoked,australia,queensland,Y,,oceania,1922,evening,jan,1
Unprovoked,australia,new south wales,N,Grey nurse shark?,oceania,1922,evening,jan,1
Unprovoked,australia,new south wales,Y,,oceania,1922,evening,jan,1
Unprovoked,australia,queensland,N,,oceania,1921,unknown,dec,4
Unprovoked,australia,queensland,Y,,oceania,1921,morning,nov,4
Unprovoked,australia,queensland,N,,oceania,1921,morning,nov,4
Unprovoked,fiji,viti levu island,Y,,oceania,1921,unknown,nov,4
Unprovoked,australia,queensland,N,,oceania,1921,unknown,oct,4
Unprovoked,australia,queensland,Y,,oceania,1921,afternoon,oct,4
Provoked,united kingdom,dorset,N,"Blue shark, 4' ",europe,1921,unknown,sep,3
Unprovoked,australia,torres strait,N,,oceania,1929,unknown,aug,3
Unprovoked,philippines,luzon island,Y,,asia,1921,afternoon,aug,3
Unprovoked,cuba,,Y,,north america,1921,unknown,jul,3
Invalid,philippines,"cavite province, luzon",,Questionable,asia,1921,unknown,jan,1
Unprovoked,australia,western australia,N,4' to 5' shark,oceania,1920,unknown,nov,4
Unprovoked,australia,western australia,N,"15* to 24"" dog shark",oceania,1920,unknown,nov,4
Sea Disaster,philippines,leyte,Y,,asia,1920,unknown,nov,4
Invalid,usa,new york,,Questionable,north america,1920,unknown,jul,3
Unprovoked,australia,torres strait,N,,oceania,1920,unknown,jul,3
Unprovoked,usa,florida,N,,north america,1920,evening,jun,2
Unprovoked,australia,queensland,N,,oceania,1920,unknown,mar,1
Unprovoked,australia,torres strait,N,,oceania,1920,unknown,jan,1
Unprovoked,south africa,eastern cape province,N,,africa,1920,evening,feb,1
Unprovoked,australia,torres strait,Y,,oceania,1920,unknown,jan,1
Unprovoked,australia,new south wales,Y,,oceania,1920,morning,jan,1
Unprovoked,jamaica,westmoreland parish,Y,,north america,1920,unknown,,0
Unprovoked,new zealand,north island,N,,oceania,1920,unknown,,0
Unprovoked,south africa,kwazulu-natal,N,,africa,1920,unknown,,0
Unprovoked,australia,queensland,N,,oceania,1919,unknown,dec,4
Unprovoked,australia,new south wales,Y,,oceania,1919,morning,dec,4
Unprovoked,australia,northern territory,N,,oceania,1919,unknown,nov,4
Unprovoked,usa,florida,N,,north america,1919,afternoon,aug,3
Unprovoked,usa,south carolina,N,,north america,1919,afternoon,may,2
Unprovoked,usa,florida,Y,"3.7 m [12'], 1200-lb shark. Shark caught & its jaw exhibited at the Carnegie Museum",north america,1919,unknown,apr,2
Invalid,australia,new south wales,UNKNOWN,Shark involvement prior to death unconfirmed,oceania,1919,unknown,mar,1
Unprovoked,australia,new south wales,N,3.7 m to 4.3 m [12' to 14']  shark,oceania,1919,evening,jan,1
Unprovoked,new zealand,south island,N,,oceania,1919,afternoon,jan,1
Unprovoked,australia,new south wales,Y,12' shark,oceania,1919,morning,jan,1
Unprovoked,australia,queensland,Y,,oceania,1919,morning,jan,1
Watercraft,italy,,N,13' shark,europe,1919,unknown,,0
Unprovoked,usa,florida,N,,north america,1919,unknown,,0
Unprovoked,usa,hawaii,Y,,north america,1918,unknown,nov,4
Unprovoked,australia,queensland,Y,,oceania,1918,unknown,sep,3
Unprovoked,australia,new south wales,N,12' shark,oceania,1918,evening,mar,1
Unprovoked,australia,queensland,N,,oceania,1918,unknown,,0
Unprovoked,australia,western australia,N,,oceania,1917,morning,dec,4
Unprovoked,mozambique,maputo province,Y,,africa,1917,night,nov,4
Unprovoked,usa,new jersey,N,,north america,1917,unknown,sep,3
Provoked,usa,hawaii,N,12' shark,north america,1917,unknown,sep,3
Unprovoked,panama,colon,Y,,north america,1917,unknown,sep,3
Unprovoked,usa,mississippi,N,,north america,1917,unknown,aug,3
Unprovoked,usa,florida,Y,,north america,1917,afternoon,jul,3
Unprovoked,usa,south carolina,N,,north america,1917,unknown,jun,2
Unprovoked,philippines,luzon island,Y,,asia,1917,evening,may,2
Unprovoked,australia,queensland,N,,oceania,1916,unknown,dec,4
Unprovoked,australia,new south wales,Y,,oceania,1916,morning,dec,4
Unprovoked,australia,new south wales,N,,oceania,1916,morning,dec,4
Provoked,panama,,N,,north america,1916,unknown,nov,4
Unprovoked,australia,queensland,Y,,oceania,1916,morning,nov,4
Unprovoked,australia,queensland,Y,,oceania,1916,evening,nov,4
Provoked,usa,florida,Y,,north america,1916,unknown,oct,4
Unprovoked,usa,louisiana,N,,north america,1916,afternoon,aug,3
Unprovoked,usa,north carolina,N,,north america,1916,unknown,jul,3
Invalid,usa,new york,,,north america,1916,morning,jul,3
Unprovoked,usa,new york,N,,north america,1916,unknown,jul,3
Unprovoked,usa,new jersey,N,Said to involve a 2.7 m [9'] shark,north america,1916,unknown,jul,3
Unprovoked,usa,new jersey,Y,3 m [10'] shark,north america,1916,unknown,jul,3
Unprovoked,usa,new jersey,Y,,north america,1916,unknown,jul,3
Sea Disaster,bahamas,,Y,,north america,1916,unknown,jul,3
Unprovoked,spain,gran canaria,N,,europe,1916,unknown,jul,3
Unprovoked,philippines,luzon island,N,,asia,1916,unknown,jul,3
Unprovoked,usa,new jersey,Y,Thought to involve a 2.6 m [8.5'] white shark,north america,1916,afternoon,jul,3
Unprovoked,usa,new jersey,Y,Thought to involve a 2.6 m [8.5'] white shark,north america,1916,evening,jul,3
Unprovoked,usa,new jersey,N,,north america,1916,unknown,jun,2
Unprovoked,atlantic ocean,,Y,,atlantic ocean,1916,unknown,jun,2
Provoked,usa,florida,N,,north america,1916,unknown,jun,2
Unprovoked,australia,new south wales,Y,,oceania,1916,unknown,apr,2
Unprovoked,australia,victoria,Y,,oceania,1916,unknown,apr,2
Unprovoked,australia,new south wales,N,,oceania,1916,afternoon,mar,1
Unprovoked,australia,torres strait,N,,oceania,1915,unknown,dec,4
Unprovoked,australia,queensland,N,,oceania,1915,unknown,nov,4
Unprovoked,australia,new south wales,N,,oceania,1914,unknown,nov,4
Unprovoked,usa,florida,N,,north america,1915,unknown,aug,3
Unprovoked,mexico,tamaulipas,Y,,north america,1915,unknown,jul,3
Unprovoked,mexico,,Y,,north america,1915,unknown,jul,3
Invalid,egypt,,,Shark involvement prior to death unconfirmed,africa,1915,unknown,may,2
Unprovoked,australia,torres strait,N,3 m [10'] shark,oceania,1915,unknown,mar,1
Unprovoked,australia,queensland,N,,oceania,1915,unknown,feb,1
Invalid,new zealand,north island,,Shark involvement prior to death unconfirmed,oceania,1915,unknown,jan,1
Unprovoked,australia,new south wales,Y,,oceania,1915,unknown,jan,1
Invalid,usa,florida,,"Reported to involve a 3.7 m [12'] shark, possibly a white shark",north america,1915,unknown,,0
Unprovoked,australia,queensland,N,,oceania,1914,unknown,dec,4
Unprovoked,jamaica,kingston parish,Y,"A 20' shark known as ""Old Tom""",north america,1914,unknown,sep,3
Unprovoked,usa,louisiana,Y,,north america,1914,unknown,sep,3
Unprovoked,croatia,zadar county,N,1.5 m [5'] shark,europe,1914,unknown,jul,3
Provoked,usa,louisiana,N,,north america,1914,unknown,jul,3
Unprovoked,croatia,primorje-gorski kotar county,N,6 m shark,europe,1914,unknown,jul,3
Unprovoked,australia,victoria,Y,,oceania,1914,afternoon,jun,2
Sea Disaster,new caledonia,south province,Y,,new caledonia,1914,unknown,may,2
Provoked,usa,florida,N,3' shark,north america,1914,afternoon,may,2
Invalid,usa,florida,,Shark involvement prior to death unconfirmed,north america,1914,unknown,mar,1
Unprovoked,usa,hawaii,Y,,north america,1914,unknown,mar,1
Unprovoked,australia,south australia,N,said to involve a tiger shark,oceania,1914,unknown,feb,1
Unprovoked,australia,new south wales,N,,oceania,1914,unknown,feb,1
Unprovoked,australia,queensland,N,,oceania,1914,unknown,jan,1
Unprovoked,south africa,kwazulu-natal,UNKNOWN,,africa,1914,unknown,,0
Provoked,usa,florida,N,13' shark,north america,1913,unknown,dec,4
Sea Disaster,cuba,,Y,,north america,1913,unknown,dec,4
Unprovoked,australia,queensland,N,,oceania,1913,unknown,nov,4
Unprovoked,usa,florida,N,Said to involve a 2.4 m [8'] hammerhead shark,north america,1913,unknown,sep,3
Provoked,croatia,istria county,N,2 m shark,europe,1913,unknown,sep,3
Invalid,usa,new jersey,,Shark involvement prior to death unconfirmed,north america,1913,unknown,aug,3
Invalid,usa,new jersey,,Shark involvement prior to death unconfirmed,north america,1913,unknown,aug,3
Invalid,italy,trieste,,Shark involvement prior to death unconfirmed,europe,1913,unknown,aug,3
Unprovoked,usa,south carolina,Y,,north america,1913,unknown,jul,3
Provoked,usa,florida,N,,north america,1913,unknown,may,2
Provoked,australia,new south wales,N,,oceania,1913,unknown,may,2
Unprovoked,australia,torres strait,N,Tiger shark ,oceania,1913,unknown,jan,1
Unprovoked,france,saint-denis,Y,,europe,1913,unknown,,0
Unprovoked,france,5aint-denis,Y,,europe,1913,unknown,,0
Unprovoked,australia,victoria,N,,oceania,1913,unknown,,0
Sea Disaster,philippines,,Y,,asia,1912,unknown,nov,4
Unprovoked,usa,georgia,Y,,north america,1912,unknown,aug,3
Unprovoked,usa,south carolina,N,8' shark,north america,1912,afternoon,jul,3
Unprovoked,solomon islands,central province,Y,,oceania,1912,unknown,jul,3
Invalid,south africa,kwazulu-natal,,Shark involvement prior to death unconfirmed,africa,1912,unknown,may,2
Unprovoked,new zealand,north island,N,,oceania,1912,unknown,mar,1
Provoked,australia,western australia,N,,oceania,1912,unknown,feb,1
Unprovoked,australia,new south wales,N,,oceania,1912,afternoon,feb,1
Unprovoked,new caledonia,south province,N,,new caledonia,1912,unknown,feb,1
Unprovoked,australia,new south wales,Y,"2.8 m [9'3""] whaler shark captured 3 days later with his remains in its gut",oceania,1912,afternoon,jan,1
Unprovoked,fiji,viti levu group,Y,,oceania,1912,unknown,jan,1
Unprovoked,australia,new south wales,N,"C. macrurus captured 48 hours after attack with tissue removed from man in its gut; species identified by G.P. Whitley,  reported as C. obscurus by  R. Steel",oceania,1912,unknown,jan,1
Unprovoked,australia,queensland,Y,,oceania,1912,morning,jan,1
Unprovoked,spain,balearics,Y,White shark,europe,1912,unknown,,0
Invalid,usa,florida,,Shark involvement prior to death unconfirmed,north america,1911,unknown,nov,4
Unprovoked,usa,south carolina,Y,,north america,1911,unknown,oct,4
Unprovoked,australia,queensland,N,,oceania,1911,evening,oct,4
Unprovoked,usa,texas,Y,,north america,1911,morning,sep,3
Unprovoked,usa,florida,Y,,north america,1911,unknown,sep,3
Unprovoked,usa,florida,N,,north america,1911,unknown,sep,3
Unprovoked,spain,málaga,Y,,europe,1911,unknown,jul,3
Provoked,usa,delaware,N,,north america,1911,unknown,jul,3
Unprovoked,south africa,western cape province,Y,,africa,1911,evening,may,2
Provoked,usa,texas,N,5' shark,north america,1911,unknown,may,2
Unprovoked,south africa,western cape province,Y,,africa,1911,unknown,may,2
Watercraft,new zealand,chatham islands,N,,oceania,1911,unknown,apr,2
Unprovoked,australia,torres strait,Y,,oceania,1911,unknown,mar,1
Sea Disaster,australia,western australia,N,,oceania,1911,unknown,jan,1
Unprovoked,usa,texas,N,,north america,1911,unknown,,0
Unprovoked,new zealand,north island,Y,,oceania,1911,unknown,,0
Invalid,croatia,primorje-gorski kotar county,,Questionable,europe,1910,unknown,dec,4
Sea Disaster,australia,western australia,Y,,oceania,1910,unknown,dec,4
Unprovoked,australia,queensland,N,Said to involve  9' blue shark,oceania,1910,unknown,nov,4
Unprovoked,mexico,,N,,north america,1910,unknown,jun,2
Sea Disaster,mozambique,zambesi river,Y,,africa,1910,unknown,jun,2
Invalid,usa,alabama,,Shark involvement prior to death unconfirmed,north america,1910,unknown,may,2
Unprovoked,panama,colón province,Y,,north america,1910,unknown,mar,1
Unprovoked,new zealand,north island,N,6' shark,oceania,1910,evening,mar,1
Invalid,usa,hawaii,,Invalid,north america,1910,unknown,mar,1
Unprovoked,australia,western australia,N,5.5' to 6' shark,oceania,1910,night,feb,1
Unprovoked,australia,new south wales,Y,,oceania,1910,unknown,jan,1
Invalid,usa,hawaii,,Shark involvement prior to death unconfirmed,north america,1910,unknown,,0
Unprovoked,philippines,luzon island,UNKNOWN,6 m [20'] shark,asia,1910,unknown,,0
Unprovoked,usa,florida,N,,north america,1909,unknown,nov,4
Unprovoked,australia,new south wales,Y,,oceania,1909,unknown,dec,4
Provoked,australia,new south wales,N,7' shark,oceania,1909,unknown,dec,4
Sea Disaster,indonesia,30 nm from singapore,Y,,asia,1909,unknown,nov,4
Provoked,usa,delaware,N,5' shark,north america,1909,unknown,sep,3
Unprovoked,usa,florida,Y,,north america,1909,unknown,aug,3
Unprovoked,usa,new york,N,,north america,1909,afternoon,jul,3
Unprovoked,usa,florida,N,,north america,1909,unknown,jul,3
Unprovoked,mexico,guerrero,Y,,north america,1909,unknown,jun,2
Unprovoked,south africa,western cape province,Y,18-foot shark,africa,1909,unknown,jun,2
Sea Disaster,australia,queensland,Y,,oceania,1909,unknown,jun,2
Provoked,spain,andalucia,N,,europe,1909,unknown,apr,2
Invalid,usa,hawaii,,Questionable,north america,1909,unknown,apr,2
Sea Disaster,south africa,south atlantic ocean,Y,,africa,1909,unknown,mar,1
Invalid,italy,sicily,,Shark involvement prior to death was not confirmed,europe,1909,unknown,jan,1
Unprovoked,australia,new south wales,N ,,oceania,1909,unknown,,0
Unprovoked,south africa,western cape province,Y,,africa,1908,unknown,dec,4
Unprovoked,mexico,quintana roo,Y,,north america,1908,unknown,dec,4
Unprovoked,australia,torres strait,Y,Remains recovered from 3 sharks,oceania,1908,unknown,sep,3
Unprovoked,usa,california,N,,north america,1908,unknown,sep,3
Unprovoked,spain,galicia,Y,,europe,1908,unknown,aug,3
Invalid,spain,canary islands,,Questionable,europe,1908,unknown,jul,3
Unprovoked,croatia,adriatic sea,Y,"Species unknown, possible white shark",europe,1908,unknown,jul,3
Unprovoked,egypt,gulf of suez,Y,,africa,1908,unknown,jun,2
Sea Disaster,usa,georgia,Y,,north america,1908,unknown,jun,2
Sea Disaster,papua new guinea,new britain,Y,Allegedly a 33-foot shark,oceania,1908,unknown,jun,2
Sea Disaster,indonesia,java,Y,,asia,1908,unknown,may,2
Invalid,usa,florida,,Questionable,north america,1908,unknown,may,2
Unprovoked,usa,hawaii,Y,,north america,1908,unknown,jan,1
Unprovoked,australia,new south wales,Y,Bull shark,oceania,1907,unknown,dec,4
Unprovoked,australia,torres strait,Y,,oceania,1907,unknown,oct,4
Unprovoked,china,hong kong,N,Shark involvement probable,asia,1907,unknown,oct,4
Unprovoked,china,hong kong,Y,Shark involvement probable,asia,1907,unknown,oct,4
Unprovoked,australia,new south wales,N,,oceania,1907,morning,oct,4
Unprovoked,usa,hawaii,N,,north america,1907,morning,oct,4
Invalid,united kingdom,english channel,,Questionable,europe,1907,unknown,sep,3
Unprovoked,croatia,"split-dalmatia count,",Y,,europe,1907,unknown,sep,3
Unprovoked,croatia,primorje-gorski kotar county,Y,,europe,1907,unknown,aug,3
Unprovoked,croatia,primorje-gorski kotar county,Y,,europe,1907,unknown,aug,3
Unprovoked,usa,new jersey,N,,north america,1907,unknown,aug,3
Unprovoked,croatia,"split-dalmatia count,",Y,,europe,1907,unknown,jul,3
Invalid,australia,queensland,,Questionable,oceania,1907,unknown,jul,3
Unprovoked,usa,south carolina,N,1.5 m [5'] shark,north america,1907,unknown,jul,3
Unprovoked,mexico,oaxaca,N,,north america,1907,unknown,apr,2
Unprovoked,usa,florida,Y,,north america,1907,unknown,mar,1
Unprovoked,philippines,luzon island,N,,asia,1907,unknown,feb,1
Unprovoked,new zealand,south island,Y,,oceania,1907,unknown,feb,1
Unprovoked,australia,queensland,Y,,oceania,1907,morning,feb,1
Unprovoked,usa,hawaii,Y,,north america,1907,unknown,,0
Unprovoked,jamaica,westmoreland parish,N,,north america,1906,unknown,nov,4
Unprovoked,usa,hawaii,N,,north america,1906,unknown,oct,4
Unprovoked,usa,hawaii,Y,,north america,1906,unknown,oct,4
Unprovoked,usa,hawaii,N,,north america,1906,unknown,oct,4
Unprovoked,usa,hawaii,Y,,north america,1906,unknown,oct,4
Unprovoked,indonesia,java,N,,asia,1906,unknown,sep,3
Unprovoked,indonesia,java,Y,,asia,1906,unknown,sep,3
Unprovoked,australia,torres strait,Y,,oceania,1906,unknown,sep,3
Provoked,usa,california,N,"Shortfin mako shark, 175-lb ",north america,1906,unknown,sep,3
Unprovoked,usa,maryland,Y,Remains recovered 5 days later,north america,1906,unknown,aug,3
Unprovoked,usa,mississippi,Y,Fishermen recovered partial remains from shark a week later,north america,1906,unknown,jul,3
Invalid,mozambique,maputo province,,Questionable,africa,1906,unknown,jul,3
Unprovoked,indonesia,maluku province,Y,,asia,1906,unknown,apr,2
Provoked,australia,victoria,N,13' shark,oceania,1906,unknown,apr,2
Unprovoked,australia,queensland,Y,,oceania,1906,unknown,apr,2
Sea Disaster,indonesia,,Y,,asia,1906,unknown,apr,2
Invalid,australia,new south wales,,Questionable,oceania,1906,unknown,apr,2
Invalid,new zealand,north island,,Questionable,oceania,1906,unknown,feb,1
Unprovoked,australia,new south wales,Y,,oceania,1906,afternoon,jan,1
Unprovoked,south africa,kwazulu-natal,Y,1.8 m to 2.7 m [6' to 9'] shark,africa,1906,afternoon,jan,1
Unprovoked,south africa,kwazulu-natal,Y,2.4 m [8'] shark,africa,1905,morning,dec,4
Invalid,australia,western australia,,Shark involvement not confirmed,oceania,1905,unknown,dec,4
Unprovoked,australia,new south wales,Y,,oceania,1905,unknown,sep,3
Provoked,usa,florida,N,,north america,1905,unknown,sep,3
Invalid,egypt,suez canal,,"Tiger shark, 3.9 m",africa,1905,unknown,aug,3
Unprovoked,usa,new jersey,N,,north america,1905,unknown,aug,3
Unprovoked,philippines,luzon island,N,,asia,1905,unknown,aug,3
Unprovoked,usa,north carolina,Y,,north america,1905,afternoon,jul,3
Invalid,italy,,,Shark involvement prior to death was not confirmed,europe,1905,unknown,jul,3
Unprovoked,indonesia,nusa tenggara,Y,,asia,1905,unknown,jul,3
Unprovoked,usa,north carolina,Y,,north america,1905,unknown,jul,3
Unprovoked,usa,florida,N,,north america,1905,unknown,may,2
Unprovoked,south africa,kwazulu-natal,Y,,africa,1905,afternoon,apr,2
Unprovoked,australia,new south wales,N,5' shark,oceania,1905,morning,mar,1
Invalid,australia,tasmania,,Questionable,oceania,1905,unknown,mar,1
Invalid,australia,victoria,,Questionable,oceania,1905,unknown,feb,1
Invalid,australia,victoria,,Invalid,oceania,1905,unknown,jan,1
Watercraft,usa,north carolina,N,20' shark,north america,1905,unknown,,0
Unprovoked,philippines,luzon island,N,,asia,1904,unknown,nov,4
Unprovoked,cuba,havana province,Y,,north america,1904,unknown,sep,3
Unprovoked,cuba,villa clara province,Y,,north america,1904,unknown,aug,3
Unprovoked,usa,new jersey,N,,north america,1904,unknown,jul,3
Unprovoked,usa,texas,Y,,north america,1904,unknown,jul,3
Unprovoked,italy,ancona province,Y,,europe,1904,unknown,jul,3
Unprovoked,australia,queensland,Y,,oceania,1904,unknown,feb,1
Unprovoked,new zealand,north island,Y,,oceania,1904,unknown,feb,1
Unprovoked,new caledonia,south province,Y,,new caledonia,1904,unknown,jan,1
Invalid,usa,,,Questionable,north america,1904,unknown,,0
Unprovoked,philippines,quezon,N,,asia,1904,unknown,,0
Unprovoked,usa,hawaii,Y,,north america,1904,unknown,,0
Unprovoked,cuba,havana province,Y,,north america,1903,unknown,oct,4
Unprovoked,usa,new jersey,N,9' shark,north america,1903,unknown,sep,3
Unprovoked,united kingdom,,N,,europe,1903,unknown,jul,3
Unprovoked,australia,new south wales,Y,,oceania,1903,unknown,jun,2
Unprovoked,mexico,veracruz,Y,,north america,1903,unknown,may,2
Unprovoked,australia,new south wales,Y,,oceania,1903,unknown,mar,1
Unprovoked,australia,queensland,Y,,oceania,1903,unknown,mar,1
Unprovoked,australia,new south wales,Y,Bull shark,oceania,1903,unknown,jan,1
Unprovoked,usa,hawaii,Y,,north america,1903,unknown,,0
Unprovoked,australia,new south wales,Y,,oceania,1902,afternoon,nov,4
Unprovoked,usa,texas,N,,north america,1902,unknown,nov,4
Unprovoked,italy,calabria,Y,,europe,1902,unknown,aug,3
Watercraft,croatia,istria county,N,,europe,1902,unknown,aug,3
Unprovoked,usa,hawaii,Y,,north america,1902,unknown,aug,3
Provoked,italy,liguria,N,,europe,1902,unknown,jul,3
Provoked,usa,new jersey,N,,north america,1902,unknown,jul,3
Unprovoked,philippines,zamboanga del sur province,N,,asia,1902,unknown,jun,2
Unprovoked,egypt,mediterranean sea,N,,africa,1902,unknown,jun,2
Invalid,south africa,eastern cape province,,Questionable,africa,1902,unknown,apr,2
Provoked,new zealand,north island,N,,oceania,1902,unknown,feb,1
Unprovoked,australia,new south wales,Y,,oceania,1902,unknown,jan,1
Invalid,south africa,kwazulu-natal,,Questionable,africa,1902,unknown,jan,1
Unprovoked,australia,queensland,N,,oceania,1902,afternoon,jan,1
Unprovoked,australia,queensland,N,,oceania,1901,unknown,dec,4
Unprovoked,philippines,zamboanga del sur province,N,,asia,1901,unknown,oct,4
Unprovoked,south africa,western cape province,Y,White shark,africa,1901,afternoon,jul,3
Invalid,italy,syracuse,,Questionable,europe,1901,unknown,jul,3
Unprovoked,philippines,western viscayas,N,,asia,1901,afternoon,jun,2
Unprovoked,australia,queensland,Y,,oceania,1901,unknown,jan,1
Unprovoked,usa,florida,N,,north america,1901,unknown,,0
Unprovoked,australia,new south wales,Y,,oceania,1900,unknown,dec,4
Unprovoked,south africa,western cape province,Y,,africa,1900,unknown,nov,4
Invalid,south africa,western cape province,,Questionable,africa,1900,unknown,oct,4
Unprovoked,australia,queensland,N,,oceania,1900,unknown,sep,3
Unprovoked,usa,rhode island,UNKNOWN, ,north america,1900,unknown,sep,3
Unprovoked,usa,hawaii,N,,north america,1900,afternoon,sep,3
Unprovoked,usa,north carolina,N,,north america,1900,afternoon,aug,3
Unprovoked,croatia,primorje-gorski kotar county,Y,,europe,1900,unknown,jul,3
Invalid,usa,hawaii,,Questionable,north america,1900,unknown,jul,3
Provoked,usa,connecticut,N,,north america,1900,unknown,jul,3
Unprovoked,australia,new south wales,N,,oceania,1900,afternoon,jan,1
Unprovoked,usa,hawaii,N,,north america,1900,unknown,,0
Unprovoked,south africa,eastern cape province,N,,africa,1900,morning,,0
Unprovoked,australia,queensland,N,,oceania,1899,afternoon,dec,4
Sea Disaster,philippines,mindoro occidental,Y,,asia,1899,unknown,nov,4
Watercraft,australia,victoria,N,20' shark,oceania,1899,morning,oct,4
Unprovoked,mexico,tamaulipas,Y,,north america,1899,unknown,sep,3
Provoked,usa,california,Y,Basking shark,north america,1899,unknown,aug,3
Unprovoked,usa,florida,Y,3 m [10'] shark,north america,1899,unknown,aug,3
Unprovoked,egypt,mediterranean sea,N,,africa,1899,morning,aug,3
Unprovoked,egypt,mediterranean sea,N,,africa,1899,morning,aug,3
Unprovoked,egypt,mediterranean sea,N,,africa,1899,morning,aug,3
Unprovoked,bahamas,,Y,,north america,1899,unknown,jul,3
Provoked,italy,calabria,N,70 kg shark,europe,1899,unknown,jun,2
Invalid,new zealand,north island,,Shark involvement not confirmed,oceania,1899,unknown,jun,2
Invalid,philippines,negros,,Shark involvement not confirmed,asia,1899,unknown,may,2
Unprovoked,italy,imperia province,Y,,europe,1899,unknown,may,2
Invalid,australia,new south wales,,Questionable,oceania,1899,unknown,jan,1
Unprovoked,south africa,kwazulu-natal,N,,africa,1899,unknown,,0
Watercraft,usa,florida,N,,north america,1899,unknown,,0
Unprovoked,usa,florida,N,1.5 m [5'] shark,north america,1899,unknown,,0
Unprovoked,australia,queensland,Y,,oceania,1898,unknown,dec,4
Unprovoked,usa,hawaii,Y,,north america,1898,unknown,oct,4
Unprovoked,usa,new york,N,,north america,1898,afternoon,aug,3
Unprovoked,usa,florida,,,north america,1898,evening,aug,3
Invalid,australia,new south wales,,Questionable,oceania,1898,unknown,jul,3
Unprovoked,cuba,santiago de cuba province,Y,,north america,1898,unknown,jul,3
Unprovoked,new caledonia,south province,Y,,new caledonia,1898,unknown,jun,2
Sea Disaster,fiji,muala,N,,oceania,1898,unknown,apr,2
Unprovoked,usa,south carolina,N,White shark,north america,1898,unknown,,0
Unprovoked,cuba,santiago de cuba province,Y,,north america,1898,unknown,,0
Unprovoked,jamaica,kingston parish,N,,north america,1898,unknown,,0
Unprovoked,cuba,camaguey province,Y,,north america,1898,unknown,,0
Unprovoked,usa,florida,N,,north america,1898,unknown,,0
Sea Disaster,usa,hawaii,Y,,north america,1898,unknown,,0
Provoked,usa,east coast,N,,north america,1897,unknown,dec,4
Invalid,mexico,vera cruz,,Questionable,north america,1897,unknown,oct,4
Provoked,usa,rhode island,N,"13'10"" shark",north america,1897,afternoon,sep,3
Unprovoked,usa,south carolina,N,,north america,1897,unknown,sep,3
Unprovoked,south africa,kwazulu-natal,Y,,africa,1897,morning,jul,3
Unprovoked,usa,massachusetts,Y,,north america,1897,unknown,mar,1
Unprovoked,new zealand,,N,,oceania,1897,unknown,,0
Unprovoked,egypt,mediterranean sea,UNKNOWN,,africa,1897,unknown,,0
Watercraft,australia,victoria,N,12' to 14' shark,oceania,1896,morning,dec,4
Unprovoked,new zealand,north island,Y,,oceania,1896,unknown,dec,4
Unprovoked,new zealand,south island,Y,,oceania,1896,unknown,dec,4
Unprovoked,australia,western australia,Y,,oceania,1896,unknown,nov,4
Unprovoked,australia,western australia,Y,,oceania,1896,unknown,nov,4
Unprovoked,usa,hawaii,Y,,north america,1896,morning,jul,3
Unprovoked,usa,south carolina,N,,north america,1896,unknown,jun,2
Unprovoked,australia,new south wales,Y,,oceania,1896,afternoon,jan,1
Unprovoked,usa,florida,Y,,north america,1896,unknown,,0
Unprovoked,australia,new south wales,Y,,oceania,1895,unknown,dec,4
Unprovoked,australia,new south wales,Y,,oceania,1895,unknown,nov,4
Sea Disaster,cuba,havana province,,Questionable,north america,1895,night,sep,3
Provoked,usa,north carolina,N,5' shark,north america,1895,unknown,sep,3
Unprovoked,usa,rhode island,Y,,north america,1895,morning,aug,3
Unprovoked,usa,new jersey,N,,north america,1895,unknown,aug,3
Unprovoked,japan,,Y,,asia,1895,unknown,jul,3
Unprovoked,australia,western australia,Y,,oceania,1895,unknown,jun,2
Sea Disaster,bahamas,bimini islands,N,,north america,1895,unknown,may,2
Unprovoked,new zealand,south island,Y,,oceania,1895,unknown,may,2
Unprovoked,south africa,eastern cape province,Y,,africa,1895,afternoon,apr,2
Unprovoked,new zealand,south island,N,,oceania,1895,morning,apr,2
Unprovoked,indonesia,moluccas,Y,,asia,1895,unknown,mar,1
Unprovoked,australia,queensland,N,,oceania,1895,unknown,mar,1
Unprovoked,australia,new south wales,Y,,oceania,1895,unknown,feb,1
Unprovoked,panama,bocas del toro,Y,,north america,1895,unknown,feb,1
Watercraft,australia,western australia,N,,oceania,1895,unknown,,0
Provoked,usa,florida,N,12' shark,north america,1894,unknown,dec,4
Unprovoked,australia,new south wales,N,10' to 12' shark,oceania,1894,morning,nov,4
Unprovoked,usa,alabama,Y,,north america,1894,unknown,oct,4
Unprovoked,usa,virginia,N,,north america,1894,unknown,sep,3
Unprovoked,fiji,vita levu,N,,oceania,1894,unknown,sep,3
Provoked,usa,texas,N,,north america,1894,unknown,sep,3
Unprovoked,usa,new york,UNKNOWN,"Shovelnose shark, 5'",north america,1894,unknown,aug,3
Unprovoked,usa,florida,N,,north america,1894,unknown,aug,3
Unprovoked,france,provence,Y,1.8 m shark,europe,1894,unknown,jul,3
Unprovoked,usa,florida,UNKNOWN,,north america,1894,unknown,jun,2
Unprovoked,south africa,western cape province,Y,,africa,1894,unknown,jun,2
Unprovoked,usa,north carolina,N,,north america,1894,unknown,jun,2
Unprovoked,mexico,bay of campeche,Y,20' shark,north america,1894,unknown,jun,2
Unprovoked,india,bay of bengal,Y,,asia,1893,unknown,oct,4
Invalid,croatia,primorje-gorski kotar county,,Invalid,europe,1893,unknown,oct,4
Sea Disaster,philippines,luzon island,Y,,asia,1893,unknown,jul,3
Unprovoked,fiji,,Y,,oceania,1893,unknown,may,2
Unprovoked,cuba,havana province,Y,,north america,1893,afternoon,may,2
Unprovoked,australia,queensland,N,,oceania,1893,unknown,apr,2
Invalid,australia,tasmania,,Shark involvement prior to death unconfirmed,oceania,1893,afternoon,apr,2
Unprovoked,new zealand,south island?,Y,,oceania,1893,unknown,jan,1
Unprovoked,france,,Y,,europe,1893,unknown,jan,1
Unprovoked,egypt,mediterranean sea,UNKNOWN,,africa,1893,unknown,,0
Unprovoked,atlantic ocean,,Y,,atlantic ocean,1892,unknown,dec,4
Unprovoked,australia,norfolk island,N,,oceania,1892,unknown,nov,4
Unprovoked,australia,queensland,N,,oceania,1892,unknown,nov,4
Unprovoked,usa,texas,N,,north america,1892,unknown,sep,3
Invalid,france,brittany,,Invalid,europe,1892,unknown,jun,2
Unprovoked,cuba,havana province,Y,,north america,1892,unknown,jun,2
Unprovoked,new zealand,north island,N,,oceania,1892,unknown,may,2
Unprovoked,bahamas,out islands,Y,16' shark,north america,1892,unknown,apr,2
Unprovoked,pacific ocean,,Y,,pacific ocean,1892,unknown,mar,1
Provoked,australia,new south wales,N,12' shark,oceania,1892,night,mar,1
Provoked,australia,torres strait,Y,,oceania,1892,unknown,,0
Unprovoked,australia,new south wales,N,,oceania,1891,unknown,dec,4
Unprovoked,new zealand,north island,N,,oceania,1891,unknown,dec,4
Unprovoked,france,,N,,europe,1891,unknown,nov,4
Provoked,usa,new jersey,N,,north america,1891,unknown,aug,3
Invalid,usa,virginia,,Shark involvement prior to death unconfirmed,north america,1891,unknown,jun,2
Unprovoked,jamaica,kingston parish,Y,,north america,1891,night,jan,1
Invalid,australia,queensland,,Shark involvement prior to death unconfirmed,oceania,1890,unknown,dec,4
Unprovoked,papua new guinea,woodlark islands,N,,oceania,1890,unknown,dec,4
Unprovoked,atlantic ocean,,Y,,atlantic ocean,1890,unknown,oct,4
Provoked,usa,new jersey,N,"5'7"" shark",north america,1890,unknown,aug,3
Unprovoked,usa,connecticut,N,,north america,1890,unknown,aug,3
Unprovoked,croatia,,N,,europe,1890,unknown,,0
Unprovoked,egypt,,Y,,africa,1890,unknown,jun,2
Invalid,south africa,eastern cape province,,Invalid,africa,1890,unknown,may,2
Unprovoked,australia,tasmania,N,"Sevengill shark, 14', was caught in the vicinity",oceania,1890,unknown,,0
Unprovoked,india,tamil nadu,UNKNOWN,,asia,1890,unknown,,0
Unprovoked,india,tamil nadu,UNKNOWN,,asia,1890,unknown,,0
Unprovoked,new zealand,north island,Y,,oceania,1890,unknown,,0
Unprovoked,south africa,kwazulu-natal,Y,,africa,1890,afternoon,,0
Invalid,greece,northern peloponnese,,Shark involvement prior to death unconfirmed,europe,1889,unknown,nov,4
Unprovoked,australia,queensland,Y,,oceania,1889,unknown,nov,4
Invalid,usa,hawaii,,Shark involvement prior to death unconfirmed,north america,1889,unknown,nov,4
Unprovoked,india,tamil nadu,Y,,asia,1889,unknown,oct,4
Unprovoked,usa,florida,Y,,north america,1889,unknown,jul,3
Unprovoked,usa,texas,N,18' shark,north america,1889,morning,jul,3
Unprovoked,australia,victoria,Y,,oceania,1889,unknown,jul,3
Provoked,usa,florida,N,,north america,1889,unknown,jan,1
Unprovoked,australia,new south wales,Y,,oceania,1888,afternoon,dec,4
Unprovoked,australia,new south wales,Y,,oceania,1888,unknown,dec,4
Unprovoked,croatia,primorje-gorski kotar county,Y,"5m, 3500 kg female shark",europe,1888,unknown,oct,4
Watercraft,usa,new york,N,,north america,1888,unknown,aug,3
Invalid,jamaica,,,Shark involvement prior to death unconfirmed,north america,1888,unknown,jul,3
Sea Disaster,india,gujarat,Y,,asia,1888,unknown,jul,3
Invalid,croatia,lukovo,,Shark involvement prior to death unconfirmed,europe,1888,unknown,jul,3
Watercraft,australia,victoria,N,,oceania,1888,evening,jun,2
Invalid,australia,victoria,,Shark involvement prior to death unconfirmed,oceania,1888,unknown,jun,2
Unprovoked,new zealand,south island,N,"Unknown, but the shark was caught and put on exhibition",oceania,1888,morning,feb,1
Unprovoked,south africa,eastern cape province,Y,,africa,1888,unknown,feb,1
Watercraft,australia,new south wales,N,,oceania,1888,unknown,jan,1
Unprovoked,australia,new south wales,Y,12' to 14' shark,oceania,1887,morning,dec,4
Unprovoked,usa,florida,Y,,north america,1887,unknown,oct,4
Sea Disaster,bahamas,,Y,,north america,1887,unknown,oct,4
Invalid,croatia,primorje-gorski kotar county,,Shark involvement prior to death unconfirmed,europe,1887,unknown,sep,3
Unprovoked,italy,,N,,europe,1887,unknown,sep,3
Watercraft,australia,south australia,N,13' shark,oceania,1887,unknown,mar,1
Unprovoked,new zealand,north island,Y,,oceania,1887,unknown,feb,1
Provoked,south africa,western cape province,N,4.7 m [15.5'] shark,africa,1887,unknown,feb,1
Sea Disaster,brazil,alagoas,Y,,south america,1887,night,jan,1
Unprovoked,south africa,eastern cape province,Y,,africa,1887,afternoon,jan,1
Watercraft,usa,new jersey,N,Shark was said to “have a very rough ½”-thick skin”,north america,1886,unknown,aug,3
Provoked,usa,new jersey,N,,north america,1886,unknown,aug,3
Watercraft,usa,new jersey,N,3 m [10'] sharks,north america,1886,unknown,aug,3
Unprovoked,usa,mississippi,N,,north america,1886,night,jul,3
Unprovoked,australia,queensland,Y,,oceania,1886,unknown,jun,2
Invalid,usa,hawaii,,Shark involvement prior to death unconfirmed,north america,1886,unknown,jun,2
Unprovoked,new caledonia,south province,Y,,new caledonia,1886,afternoon,may,2
Unprovoked,australia,queensland,N,,oceania,1886,unknown,apr,2
Invalid,new zealand,south island,,Shark involvement prior to death unconfirmed,oceania,1886,unknown,apr,2
Invalid,new zealand,south island,,Questionable,oceania,1886,unknown,mar,1
Invalid,australia,new south wales,,Shark involvement prior to death unconfirmed,oceania,1886,unknown,mar,1
Watercraft,australia,victoria,N,,oceania,1886,unknown,feb,1
Unprovoked,south africa,eastern cape province,N,,africa,1886,morning,jan,1
Unprovoked,australia,queensland,N,,oceania,1886,unknown,jan,1
Unprovoked,south africa,western cape province,Y,,africa,1886,unknown,jan,1
Unprovoked,australia,new south wales,N,,oceania,1886,afternoon,,0
Watercraft,australia,queensland,N,15' shark,oceania,1885,unknown,nov,4
Unprovoked,australia,western australia,N,,oceania,1885,evening,nov,4
Unprovoked,atlantic ocean,,Y,,atlantic ocean,1885,unknown,aug,3
Sea Disaster,usa,hawaii,N,,north america,1885,unknown,jul,3
Sea Disaster,usa,hawaii,N,,north america,1885,unknown,jul,3
Sea Disaster,usa,hawaii,Y,,north america,1885,unknown,jul,3
Unprovoked,new zealand,north island,N,,oceania,1885,unknown,apr,2
Unprovoked,south africa,kwazulu-natal,N,3 m [10'] shark,africa,1885,unknown,mar,1
Sea Disaster,australia,south australia,Y,14' shark,oceania,1884,unknown,dec,4
Provoked,france,côte d'azur,Y,10' shark,europe,1884,night,dec,4
Unprovoked,usa,new jersey,N,,north america,1884,unknown,aug,3
Invalid,usa,new york,,Questionable,north america,1884,unknown,aug,3
Unprovoked,brazil,,Y,,south america,1884,unknown,apr,2
Unprovoked,south africa,eastern cape province,Y,,africa,1884,unknown,jan,1
Unprovoked,australia,south australia,Y,Said to involve 2 sharks,oceania,1884,unknown,jan,1
Unprovoked,australia,new south wales,Y,,oceania,1883,afternoon,dec,4
Unprovoked,usa,texas,Y,,north america,1883,unknown,dec,4
Unprovoked,usa,east coast,Y,,north america,1883,unknown,oct,4
Unprovoked,australia,tasmania,Y,,oceania,1883,unknown,sep,3
Unprovoked,australia,northern territory,N,,oceania,1883,unknown,feb,1
Unprovoked,australia,northern territory,Y,,oceania,1883,unknown,feb,1
Unprovoked,australia,new south wales,Y,,oceania,1883,morning,jan,1
Unprovoked,pacific ocean,,Y,14' shark,pacific ocean,1883,unknown,,0
Unprovoked,usa,florida,Y,,north america,1883,unknown,,0
Invalid,usa,south carolina,,Shark involvement prior to death unconfirmed,north america,1883,unknown,,0
Unprovoked,usa,south carolina,Y,a school of sharks,north america,1883,unknown,,0
Provoked,new zealand,south island,N,4' to 5' shark,oceania,1882,unknown,dec,4
Unprovoked,new zealand,north island,N,,oceania,1882,morning,nov,4
Unprovoked,new zealand,north island,N,,oceania,1882,morning,nov,4
Unprovoked,japan,,N,,asia,1882,unknown,sep,3
Unprovoked,australia,new south wales,N,,oceania,1882,afternoon,may,2
Unprovoked,australia,,Y,,oceania,1882,unknown,may,2
Unprovoked,australia,new south wales,Y,,oceania,1882,unknown,apr,2
Unprovoked,australia,,Y,,oceania,1882,unknown,feb,1
Unprovoked,australia,new south wales,Y,,oceania,1882,unknown,jan,1
Unprovoked,atlantic ocean,,Y,,atlantic ocean,1882,unknown,jan,1
Unprovoked,usa,florida,N,,north america,1882,unknown,,0
Unprovoked,australia,queensland,N,,oceania,1882,unknown,,0
Invalid,australia,new south wales,,Shark involvement prior to death unconfirmed,oceania,1881,evening,nov,4
Invalid,usa,florida,,Shark involvement prior to death unconfirmed,north america,1881,unknown,oct,4
Unprovoked,usa,north carolina,Y,,north america,1881,unknown,sep,3
Unprovoked,usa,rhode island,N,,north america,1881,unknown,aug,3
Unprovoked,usa,alabama,Y,,north america,1881,unknown,jun,2
Unprovoked,india,,Y,,asia,1881,unknown,,0
Watercraft,italy,sicily,N,White sharks,europe,1881,unknown,,0
Unprovoked,australia,queensland,Y,Bull shark,oceania,1880,afternoon,nov,4
Sea Disaster,australia,new south wales,Y,,oceania,1880,unknown,oct,4
Unprovoked,mozambique,,Y,,africa,1880,morning,aug,3
Watercraft,usa,new york,N,10' shark,north america,1880,afternoon,jul,3
Unprovoked,india,west bengal,N,,asia,1880,morning,may,2
Unprovoked,india,west bengal,N,,asia,1880,unknown,may,2
Invalid,mexico,guerro,,Shark involvement prior to death unconfirmed,north america,1880,unknown,may,2
Unprovoked,india,west bengal,Y,,asia,1880,afternoon,may,2
Unprovoked,india,west bengal,Y,,asia,1880,morning,may,2
Watercraft,australia,new south wales,N,12' shark,oceania,1880,afternoon,jan,1
Unprovoked,australia,new south wales,N,,oceania,1880,unknown,jan,1
Invalid,usa,florida,,Invalid,north america,1880,unknown,,0
Unprovoked,solomon islands,guadalcanal province,N,,oceania,1880,unknown,,0
Unprovoked,new zealand,south island,N,,oceania,1880,unknown,,0
Unprovoked,india,andaman islands,Y,3 sharks,asia,1879,unknown,dec,4
Unprovoked,australia,new south wales,N,,oceania,1879,unknown,nov,4
Provoked,spain,valencia,N,2.5 m shark,europe,1879,unknown,sep,3
Sea Disaster,fiji,lau group,N,,oceania,1879,unknown,aug,3
Unprovoked,usa,california,N,,north america,1879,unknown,jul,3
Unprovoked,new zealand,north island,Y,,oceania,1879,unknown,mar,1
Invalid,australia,new south wales,,Shark involvement prior to death unconfirmed,oceania,1879,unknown,mar,1
Unprovoked,usa,mississippi,Y,Tiger shark,north america,1879,unknown,,0
Unprovoked,australia,new south wales,N, a small shark,oceania,1878,unknown,nov,4
Unprovoked,indonesia,east java,Y,15' shark,asia,1878,unknown,oct,4
Provoked,usa,connecticut,N,,north america,1878,unknown,sep,3
Unprovoked,usa,new york,Y,8' shark,north america,1878,afternoon,aug,3
Unprovoked,usa,new york,Y,,north america,1878,afternoon,aug,3
Unprovoked,philippines,misamis oriental,Y,,asia,1978,unknown,jun,2
Unprovoked,papua new guinea,,N,,oceania,1878,unknown,mar,1
Sea Disaster,south africa,western cape province,Y,,africa,1878,unknown,feb,1
Sea Disaster,brazil,,Y,,south america,1878,unknown,feb,1
Unprovoked,australia,new south wales,Y,,oceania,1878,unknown,,0
Sea Disaster,fiji,,Y,,oceania,1877,unknown,dec,4
Unprovoked,australia,new south wales,N,,oceania,1877,unknown,dec,4
Unprovoked,australia,new south wales,Y,,oceania,1877,unknown,dec,4
Unprovoked,australia,new south wales,N,13' shark,oceania,1877,afternoon,sep,3
Provoked,australia,tasmania,N,7-gill shark,oceania,1877,unknown,apr,2
Unprovoked,australia,victoria,N,,oceania,1877,morning,apr,2
Unprovoked,italy,strait of messina,N,,europe,1877,unknown,mar,1
Unprovoked,fiji,viti levu island,N,,oceania,1877,unknown,mar,1
Unprovoked,australia,victoria,N,,oceania,1877,unknown,feb,1
Unprovoked,australia,victoria,Y,,oceania,1877,unknown,jan,1
Unprovoked,australia,victoria,N,6' shark,oceania,1877,unknown,jan,1
Invalid,south africa,kwazulu-natal,,Shark involvement prior to death unconfirmed,africa,1877,unknown,jan,1
Unprovoked,india,hoogly river,N,,asia,1878,unknown,,0
Unprovoked,usa,new york,Y,,north america,1876,unknown,oct,4
Unprovoked,greece,cyclades archipelago,Y,,europe,1876,unknown,sep,3
Unprovoked,usa,georgia,N,,north america,1876,unknown,jun,2
Unprovoked,australia,new south wales,Y,,oceania,1876,unknown,may,2
Unprovoked,australia,victoria,Y,,oceania,1876,unknown,feb,1
Unprovoked,united kingdom,"between hastings & fairlight, sussex",N,Blue or porbeagle shark,europe,1876,unknown,,0
Unprovoked,australia,western australia,N,,oceania,1876,unknown,,0
Unprovoked,australia,new south wales,Y,,oceania,1876,unknown,,0
Unprovoked,australia,new south wales,N,,oceania,1875,unknown,nov,4
Invalid,south africa,kwazulu-natal,,Invalid,africa,1875,unknown,aug,3
Unprovoked,new zealand,north island,Y,,oceania,1875,unknown,mar,1
Invalid,australia,queensland,,Shark involvement questionable,oceania,1875,unknown,jan,1
Unprovoked,australia,queensland,N,10' shark,oceania,1874,unknown,nov,4
Unprovoked,australia,western australia,Y,,oceania,1870,unknown,,0
Watercraft,croatia,zadar county,N,,europe,1874,unknown,nov,4
Watercraft,france,,N,,europe,1874,unknown,jul,3
Unprovoked,usa,hawaii,N,,north america,1874,unknown,jul,3
Unprovoked,usa,new york,N,"68"" shark",north america,1874,afternoon,jul,3
Unprovoked,mexico,veracruz,Y,,north america,1874,unknown,jun,2
Unprovoked,australia,new south wales,N,,oceania,1874,unknown,jan,1
Provoked,usa,maryland,N,,north america,1873,unknown,jul,3
Invalid,australia,new south wales,,Shark involvement prior to death unconfirmed,oceania,1873,unknown,jun,2
Unprovoked,australia,queensland,N,Hammerhead shark,oceania,1873,unknown,jan,1
Unprovoked,cuba,havana province,N,,north america,1873,unknown,nov,4
Sea Disaster,bahamas,abaco islands,Y,,north america,1872,unknown,oct,4
Invalid,croatia,,,Invalid,europe,1872,unknown,aug,3
Unprovoked,usa,hawaii,N,,north america,1872,unknown,apr,2
Sea Disaster,australia,queensland,Y,,oceania,1872,unknown,feb,1
Invalid,fiji,lomaiviti provine,,Shark involvement prior to death unconfirmed,oceania,1872,evening,jan,1
Invalid,australia,new south wales,,Shark involvement prior to death unconfirmed,oceania,1871,unknown,dec,4
Unprovoked,usa,hawaii,N,,north america,1871,unknown,aug,3
Provoked,usa,new york,N,,north america,1871,unknown,aug,3
Unprovoked,india,"22ºn, 88ºe",Y,,asia,1871,unknown,mar,1
Unprovoked,australia,new south wales,Y,,oceania,1871,unknown,,0
Unprovoked,australia,queensland,N,,oceania,1871,unknown,,0
Unprovoked,australia,new south wales,N,Wobbegongs,oceania,1871,night,,0
Unprovoked,usa,north carolina,N,,north america,1870,unknown,jul,3
Unprovoked,india,"22ºn, 88ºe",N,,asia,1870,unknown,jun,2
Unprovoked,india,west bengal,N,,asia,1870,unknown,jun,2
Unprovoked,australia,queensland,N,,oceania,1870,unknown,may,2
Unprovoked,india,"22ºn, 88ºe",N,,asia,1870,unknown,may,2
Unprovoked,india,"22ºn, 88ºe",N,,asia,1870,unknown,may,2
Unprovoked,australia,queensland,N,,oceania,1870,unknown,jan,1
Invalid,australia,tasmania,,,oceania,1870,unknown,,0
Unprovoked,australia,south australia,N,"Tiger shark, 7'",oceania,1869,unknown,apr,2
Unprovoked,italy,adriatic sea,Y,White shark,europe,1868,unknown,sep,3
Unprovoked,india,hoogly river,Y,Identified as C. gangeticus by Dr. J. Fayrer,asia,1868,morning,may,2
Sea Disaster,australia,south australia,N,,oceania,1868,unknown,jan,1
Unprovoked,australia,torres strait,Y,,oceania,1888,unknown,oct,4
Unprovoked,new zealand,north island,N,"""Shark caught later""",oceania,1868,unknown,,0
Unprovoked,egypt,,Y,,africa,1867,unknown,aug,3
Unprovoked,mexico,veracruz,Y,,north america,1867,unknown,aug,3
Sea Disaster,cuba,villa clara province,Y,,north america,1867,unknown,jun,2
Watercraft,australia,victoria,N,,oceania,1867,unknown,jan,1
Unprovoked,cuba,matanzas province (north coast),Y,,north america,1867,unknown,,0
Unprovoked,usa,alabama,Y,,north america,1866,unknown,jul,3
Invalid,australia,western australia,,Shark involvement prior to death unconfirmed,oceania,1866,unknown,apr,2
Unprovoked,usa,new york,N,,north america,1865,morning,sep,3
Unprovoked,usa,texas,Y,,north america,1865,unknown,jul,3
Watercraft,south africa,western cape province,Y,,africa,1865,unknown,mar,1
Watercraft,australia,south australia,N,,oceania,1865,unknown,,0
Sea Disaster,usa,north carolina,Y,,north america,1864,unknown,oct,4
Provoked,france,alpes maritime,N,1.5 m shark,europe,1864,unknown,sep,3
Unprovoked,united kingdom,edinburgh,N,3' shark,europe,1864,unknown,sep,3
Unprovoked,usa,new york,N,,north america,1864,unknown,aug,3
Unprovoked,spain,eastern catalona,Y,,europe,1864,evening,jul,3
Unprovoked,china,,,,asia,1864,unknown,apr,2
Unprovoked,panama,colón province,Y,,north america,1864,unknown,jan,1
Unprovoked,new zealand,foveaux strait,Y,,oceania,1864,unknown,jan,1
Unprovoked,new zealand,north island,N,,oceania,1864,unknown,jan,1
Unprovoked,indonesia,sumatra,Y,,asia,1864,afternoon,,0
Invalid,australia,south australia,,Shark involvement prior to death unconfirmed,oceania,1864,unknown,,0
Unprovoked,usa,south carolina,N,,north america,1863,unknown,sep,3
Provoked,usa,hawaii,N,,north america,1863,unknown,jul,3
Unprovoked,australia,queensland,Y,2 sharks,oceania,1863,unknown,apr,2
Unprovoked,australia,victoria,N,,oceania,1863,evening,mar,1
Invalid,south africa,kwazulu-natal,,Shark involvement prior to death unconfirmed,africa,1863,unknown,feb,1
Unprovoked,australia,new south wales,Y,,oceania,1863,evening,jan,1
Unprovoked,india,,Y,,asia,1863,morning,,0
Unprovoked,greece,corfu,Y,,europe,1863,unknown,,0
Unprovoked,new zealand,north island,N,,oceania,1862,morning,dec,4
Unprovoked,australia,queensland,Y,,oceania,1862,unknown,dec,4
Invalid,new zealand,south island,,Questionable incident,oceania,1862,unknown,dec,4
Unprovoked,spain,,N,,europe,1862,unknown,aug,3
Invalid,spain,malaga,,Shark involvement prior to death unconfirmed,europe,1862,unknown,aug,3
Unprovoked,spain,malaga,Y,,europe,1862,unknown,jul,3
Unprovoked,spain,cádiz,Y,16' shark,europe,1862,unknown,jul,3
Unprovoked,spain,cádiz,Y,16' shark,europe,1862,evening,jul,3
Unprovoked,south africa,kwazulu-natal,N,,africa,1862,unknown,jun,2
Unprovoked,south africa,kwazulu-natal,N,,africa,1862,unknown,may,2
Unprovoked,usa,hawaii,N,,north america,1862,unknown,,0
Unprovoked,japan,bonin islands,Y,,asia,1862,unknown,,0
Unprovoked,cuba,,N,,north america,1861,unknown,sep,3
Unprovoked,new zealand,north island,N,,oceania,1861,unknown,mar,1
Unprovoked,australia,queensland,N,,oceania,1861,unknown,jan,1
Unprovoked,australia,new south wales,N,,oceania,1860,unknown,dec,4
Unprovoked,usa,new york,N,,north america,1860,evening,aug,3
Unprovoked,new zealand,north island,N,,oceania,1860,unknown,apr,2
Unprovoked,new zealand,north island,Y,"4' ""ground shark""",oceania,1860,unknown,apr,2
Sea Disaster,new zealand,mangaia island,Y,,oceania,1860,unknown,mar,1
Unprovoked,bahamas,new providence island,Y,Remains recovered from shark caught days later,north america,1860,unknown,mar,1
Unprovoked,usa,hawaii,Y,,north america,1859,unknown,mar,1
Invalid,usa,new york,,Shark involvement prior to deaths unconfirmed,north america,1858,unknown,aug,3
Invalid,usa,new york,,Shark involvement prior to death unconfirmed,north america,1858,unknown,aug,3
Unprovoked,australia,victoria,Y,,oceania,1858,afternoon,mar,1
Unprovoked,usa,hawaii,Y,,north america,1858,unknown,jan,1
Unprovoked,usa,florida,Y,,north america,1857,unknown,may,2
Unprovoked,fiji,,Y,,oceania,1856,unknown,nov,4
Unprovoked,united kingdom,isle of wight,Y,,europe,1856,unknown,jun,2
Unprovoked,australia,victoria,UNKNOWN,,oceania,1856,unknown,feb,1
Unprovoked,australia,victoria,Y,,oceania,1855,unknown,nov,4
Sea Disaster,usa,north carolina,N,,north america,1855,unknown,sep,3
Unprovoked,australia,south australia,Y,,oceania,1855,unknown,apr,2
Unprovoked,australia,south australia,Y,,oceania,1855,unknown,mar,1
Unprovoked,solomon islands,makira-ulawa province,Y,,oceania,1855,unknown,feb,1
Invalid,australia,new south wales,,Invalid,oceania,1855,unknown,,0
Unprovoked,australia,new south wales,N,,oceania,1853,unknown,nov,4
Unprovoked,usa,north carolina,N,White shark,north america,1853,unknown,sep,3
Unprovoked,usa,south carolina,Y,Tiger shark (pregnant),north america,1853,unknown,jul,3
Unprovoked,greece,corfu,N,234-lb shark,europe,1853,unknown,apr,2
Unprovoked,australia,queensland,Y,,oceania,1853,unknown,,0
Unprovoked,usa,north carolina,N,White shark,north america,1853,unknown,sep,3
Invalid,usa,south carolina,,Shark involvement prior to death unconfirmed,north america,1853,unknown,,0
Unprovoked,usa,florida,Y,,north america,1853,unknown,,0
Invalid,australia,new south wales,,Shark involvement prior to death unconfirmed,oceania,1852,unknown,dec,4
Provoked,pacific ocean,between australia & usa,N,,pacific ocean,1852,unknown,oct,4
Unprovoked,australia,new south wales,Y,,oceania,1852,unknown,oct,4
Unprovoked,usa,virginia,Y,,north america,1852,unknown,aug,3
Invalid,atlantic ocean,,,Invalid,atlantic ocean,1952,unknown,jul,3
Unprovoked,south africa,kwazulu-natal,Y,,africa,1852,unknown,may,2
Sea Disaster,south africa,western cape province,Y,White sharks,africa,1852,night,feb,1
Unprovoked,new zealand,north island,Y,Said to involve a 6 m to 7.3 m [20' to 24'] shark,oceania,1850,unknown,jan,1
Unprovoked,usa,south carolina,Y,,north america,1852,unknown,,0
Unprovoked,mexico,oaxaca,Y,,north america,1851,unknown,jun,2
Unprovoked,usa,hawaii,Y,,north america,1851,unknown,mar,1
Unprovoked,usa,california,N,18' shark,north america,1851,unknown,,0
Unprovoked,usa,hawaii,Y,,north america,1850,unknown,oct,4
Unprovoked,australia,new south wales,Y,,oceania,1849,unknown,dec,4
Unprovoked,australia,new south wales,Y,,oceania,1849,afternoon,dec,4
Unprovoked,australia,victoria,Y,,oceania,1849,unknown,sep,3
Unprovoked,usa,florida,Y,,north america,1849,unknown,jun,2
Unprovoked,usa,florida,Y,,north america,1849,unknown,jun,2
Invalid,australia,new south wales,,Shark involvement prior to death unconfirmed,oceania,1849,unknown,jan,1
Unprovoked,usa,maryland,N,,north america,1848,unknown,aug,3
Invalid,usa,massachusetts,,Shark involvement prior to death unconfirmed,north america,1848,unknown,jul,3
Unprovoked,united kingdom,norfolk,N,,europe,1848,unknown,jul,3
Unprovoked,australia,queensland,N,,oceania,1847,unknown,nov,4
Unprovoked,usa,massachusetts,N,,north america,1847,unknown,sep,3
Unprovoked,greece,corfu,Y,,europe,1847,unknown,jul,3
Unprovoked,usa,hawaii,N,,north america,1847,unknown,jul,3
Sea Disaster,australia,queensland,N,,oceania,1847,unknown,mar,1
Sea Disaster,mexico,,Y,,north america,1847,unknown,feb,1
Unprovoked,australia,queensland,N,,oceania,1847,unknown,,0
Invalid,usa,south carolina,,Shark involvement prior to death unconfirmed,north america,1847,unknown,,0
Unprovoked,usa,south carolina,N,,north america,1847,unknown,,0
Sea Disaster,mexico,veracruz,Y,,north america,1846,unknown,dec,4
Unprovoked,cuba,havana province,N,,north america,1846,unknown,aug,3
Unprovoked,australia,new south wales,Y,,oceania,1845,unknown,dec,4
Unprovoked,mexico,vera cruz,Y,,north america,1845,unknown,nov,4
Unprovoked,united kingdom,,N,,europe,1845,unknown,sep,3
Unprovoked,usa,florida,Y,,north america,1845,unknown,sep,3
Unprovoked,usa,florida,Y,,north america,1845,unknown,jul,3
Unprovoked,usa,new jersey,N,,north america,1842,unknown,jul,3
Provoked,usa,new jersey,N,,north america,1842,unknown,jul,3
Unprovoked,india,tamil nadu,Y,,asia,1842,unknown,,0
Unprovoked,australia,new south wales,N,,oceania,1842,unknown,,0
Unprovoked,australia,new south wales,Y,,oceania,1841,afternoon,mar,1
Unprovoked,australia,new south wales,Y,,oceania,1840,unknown,dec,4
Unprovoked,fiji,viti levu island,N,,oceania,1840,unknown,sep,3
Unprovoked,usa,south carolina,Y,Said to be a 7.6 m [25'] shark,north america,1840,unknown,jul,3
Watercraft,australia,tasmania,N,,oceania,1840,unknown,feb,1
Invalid,australia,new south wales,,,oceania,1839,unknown,nov,4
Unprovoked,cuba,matanzas province (north coast),Y,"""a large shark""",north america,1839,unknown,apr,2
Unprovoked,australia,south australia,Y,,oceania,1839,unknown,,0
Unprovoked,fiji,viti levu island,N,,oceania,1839,unknown,,0
Unprovoked,usa,south carolina,N,,north america,1837,unknown,sep,3
Unprovoked,usa,new york,N,,north america,1837,evening,jul,3
Unprovoked,australia,new south wales,Y,,oceania,1837,evening,jan,1
Invalid,usa,south carolina,,Shark involvement prior to death unconfirmed,north america,1837,unknown,,0
Unprovoked,united kingdom,cumberland,Y,,europe,1836,unknown,aug,3
Invalid,spain,,,Shark involvement prior to death unconfirmed,europe,1836,unknown,,0
Unprovoked,australia,south australia,UNKNOWN,,oceania,1836,unknown,,0
Unprovoked,france,society islands,Y,Reported to involve a hammerhead shark,europe,1834,unknown,jul,3
Unprovoked,australia,new south wales,N,,oceania,1832,unknown,jun,2
Unprovoked,australia,new south wales,N,,oceania,1832,unknown,jan,1
Watercraft,usa,cuba,Y,,north america,1831,unknown,aug,3
Invalid,australia,tasmania,,Invalid,oceania,1831,unknown,jan,1
Unprovoked,usa,massachusetts,Y,,north america,1830,unknown,jul,3
Unprovoked,india,tamil nadu,Y,,asia,1830,evening,jul,3
Unprovoked,india,tamil nadu,Y,,asia,1830,evening,apr,2
Unprovoked,usa,new jersey,Y,,north america,1829,morning,jun,2
Unprovoked,usa,hawaii,Y,,north america,1828,unknown,,0
Unprovoked,egypt,,Y,,africa,1827,unknown,,0
Unprovoked,brazil,paraiba,N,,south america,1826,unknown,dec,4
Sea Disaster,cuba,,Y,,north america,1826,unknown,aug,3
Unprovoked,united kingdom,cumberland,,,europe,1826,unknown,aug,3
Unprovoked,jamaica,,Y,,north america,1826,evening,may,2
Unprovoked,australia,tasmania,Y,,oceania,1820,unknown,,0
Invalid,australia,western australia,N,,oceania,1825,unknown,,0
Invalid,jamaica,,,Shark involvement prior to death unconfirmed,north america,1823,unknown,dec,4
Invalid,spain,,,Invalid,europe,1819,unknown,jul,3
Unprovoked,usa,south carolina,Y,,north america,1817,unknown,jun,2
Unprovoked,india,maharashtra,Y,,asia,1817,evening,jun,2
Unprovoked,usa,rhode island,Y,,north america,1816,unknown,sep,3
Unprovoked,united kingdom,devon,N,Thought to involve a porbeagle or mako shark,europe,1812,unknown,may,2
Unprovoked,usa,south carolina,Y,,north america,1810,unknown,sep,3
Unprovoked,jamaica,kingston parish,Y,,north america,1808,unknown,dec,4
Unprovoked,india,,Y,,asia,1808,unknown,feb,1
Unprovoked,australia,new south wales,N,,oceania,1807,unknown,jan,1
Sea Disaster,usa,,,,north america,1806,unknown,aug,3
Invalid,usa,new york,,Shark involvement prior to death unconfirmed,north america,1805,unknown,sep,3
Watercraft,australia,new south wales,N,,oceania,1804,unknown,feb,1
Sea Disaster,usa,south carolina,N,,north america,1803,unknown,may,2
Unprovoked,indonesia,orange point,N,Undetermined,asia,1803,unknown,may,2
Unprovoked,australia,western australia,N,,oceania,1803,unknown,mar,1
Unprovoked,india,,Y,,asia,1802,unknown,apr,2
Provoked,united kingdom,,Y,,europe,1792,unknown,sep,3
Unprovoked,australia,new south wales,Y,,oceania,1791,unknown,,0
Watercraft,australia,new south wales,N,,oceania,1788,unknown,may,2
Unprovoked,united kingdom,sussex,Y,Tiger shark?,europe,1785,unknown,sep,3
Unprovoked,jamaica,,Y,,north america,1784,night,dec,4
Sea Disaster,france,,Y,,europe,1783,morning,mar,1
Unprovoked,usa,florida,Y,,north america,1780,unknown,aug,3
Unprovoked,usa,hawaii,Y,,north america,1779,unknown,,0
Unprovoked,usa,,Y,,north america,1771,unknown,jul,3
Invalid,france,côte d'azur,,Description of shark does not ring true,europe,1767,unknown,,0
Unprovoked,spain,,Y,,europe,1764,unknown,,0
Unprovoked,jamaica,,Y,,north america,1753,unknown,oct,4
Unprovoked,usa,massachusetts,Y,,north america,1751,unknown,jul,3
Unprovoked,cuba,havana province,N,,north america,1749,unknown,,0
Unprovoked,panama,las perlas archipelago,Y,,north america,1748,unknown,,0
Unprovoked,italy,sicily,Y,,europe,1738,unknown,apr,2
Unprovoked,italy,sardinia,Y,"White shark, 1600-lb female ",europe,1721,unknown,jun,2
Unprovoked,france,,Y,,europe,1700,unknown,,0
Unprovoked,france,côte d'azur,N,White shark,europe,1700,unknown,,0
Unprovoked,usa,maryland,Y,,north america,1640,unknown,aug,3
Unprovoked,india,west bengal,UNKNOWN,,asia,1637,unknown,,0
Unprovoked,india,west bengal,UNKNOWN,,asia,1617,unknown,,0
Unprovoked,usa,new york,Y,,north america,1642,unknown,,0
Unprovoked,india,kerala,UNKNOWN,,asia,1595,unknown,,0
Unprovoked,france,nice & marseilles,UNKNOWN,Possibly white sharks,europe,1554,unknown,,0
Unprovoked,mexico,yucatan,N,,north america,1588,unknown,,0
Unprovoked,mexico,,N,,north america,1200,unknown,,0
Unprovoked,usa,puerto rico,N,Tiger shark,north america,1033,unknown,,0
Unprovoked,australia,new south wales,N,,oceania,5,unknown,,0
Unprovoked,greece,piraeus,Y,,europe,0,unknown,,0
Sea Disaster,greece,off thessaly,Y,,europe,0,unknown,,0
Sea Disaster,italy,tyrrhenian sea,Y,,europe,0,unknown,,0
,japan,,Y,,asia,1010,unknown,,0
Unprovoked,australia,queensland,N,Hammerhead shark,oceania,2013,unknown,,0
Unprovoked,australia,queensland,,,oceania,1824,unknown,,0
Unprovoked,panama,bocas del toro province,Y,,north america,2009,unknown,oct,4
Unprovoked,usa,south carolina,N,,north america,2009,unknown,,0
Unprovoked,papua new guinea,morobe province,Y,,oceania,1930,unknown,,0
Unprovoked,australia,queensland,N,,oceania,1880,unknown,,0
Unprovoked,australia,queensland,Y,,oceania,1909,unknown,,0
Unprovoked,usa,hawaii,N," Galapagos shark, 6'",north america,2012,unknown,,0
Unprovoked,united kingdom,,Y,,europe,1916,unknown,,0
Unprovoked,usa,california,Y,Basking shark,north america,1908,unknown,,0
Provoked,india,,N,,asia,1900,unknown,,0
Unprovoked,spain,canary islands,N,,europe,2012,unknown,,0
Unprovoked,usa,florida,N,"Blacktip shark, 5'",north america,2009,evening,,0
Unprovoked,usa,florida,N,,north america,1994,unknown,,0
Unprovoked,australia,,N,,oceania,1936,unknown,,0
Unprovoked,new zealand,north island,Y,,oceania,1912,unknown,jun,2
Unprovoked,usa,florida,N,,north america,2006,unknown,,0
Unprovoked,greece,dodecanese islands,Y,,europe,2003,unknown,,0
Watercraft,mozambique,inhambane province,N,Whale shark,africa,2004,unknown,,0
Unprovoked,south africa,western cape province,Y,,africa,1962,unknown,,0
Unprovoked,australia,torres strait,N,Tiger shark,oceania,1950,unknown,,0
Unprovoked,bahamas,andros islands,N,1.8 m [6'] shark,north america,2003,unknown,,0
Unprovoked,usa,florida,N,,north america,0,unknown,,0
Unprovoked,france,grand'anse,N,,europe,0,unknown,,0
Unprovoked,solomon islands,malaita province,N,,oceania,1998,unknown,feb,1
Unprovoked,france,tuamotus,N,,europe,1995,unknown,mar,1
Unprovoked,iran,khuzestan province,N,Bull shark,asia,1987,unknown,,0
Provoked,usa,florida,N,"Nurse shark, 2.1 m [7'] ",north america,1975,unknown,,0
Invalid,papua new guinea,milne bay  province,Y,Questionable,oceania,1975,unknown,,0
Unprovoked,south africa,eastern cape province,Y,,africa,1967,unknown,jan,1
Unprovoked,usa,california,N,"Shovelnose guitarfish, adult male ",north america,1963,unknown,,0
Unprovoked,greece,island of volos,Y,,europe,1965,unknown,may,2
Invalid,usa,hawaii,,Invalid,north america,1963,unknown,,0
Unprovoked,usa,florida,Y,,north america,1902,unknown,,0
Unprovoked,australia,torres strait,N,0.9 m [3'] shark,oceania,1963,unknown,,0
Unprovoked,australia,western australia,N,,oceania,1926,unknown,aug,3
Unprovoked,fiji,,N,1.8 m [6'] shark,oceania,1962,unknown,,0
Unprovoked,mozambique,maputo province,N,"""A pack of sharks""",africa,1962,unknown,,0
Unprovoked,bahamas,andros islands,N,"White shark, 7' to 8'",north america,1960,unknown,,0
Unprovoked,usa,california,N,"White shark, 1,900-lb ",north america,1959,unknown,jun,2
Unprovoked,united kingdom,paget,N,,europe,1959,unknown,apr,2
Unprovoked,fiji,kadavu island group,N,,oceania,1958,unknown,,0
Unprovoked,usa,florida,N,,north america,1958,unknown,,0
Provoked,bahamas,andros islands,N,"Nurse shark, 2.1 m [7']",north america,1958,unknown,,0
Unprovoked,indonesia,riau province,Y,,asia,1958,unknown,,0
Unprovoked,india,maharashtra,Y,,asia,1958,unknown,,0
Provoked,cuba,havana province,Y,,north america,1957,unknown,,0
Unprovoked,solomon islands,new georgia,N,,oceania,1943,unknown,,0
Unprovoked,australia,torres strait,N,,oceania,0,unknown,,0
Unprovoked,iran,khuzestan province,Y,,asia,1941,unknown,,0
Unprovoked,iran,khuzestan province,Y,,asia,1941,unknown,,0
Unprovoked,iran,khuzestan province,Y,,asia,1941,unknown,,0
Sea Disaster,pacific ocean,,Y,,pacific ocean,1940,unknown,,0
Sea Disaster,papua new guinea,between new ireland & new britain,N,,oceania,0,unknown,,0
Sea Disaster,papua new guinea,madang province,N,,oceania,0,unknown,,0
Watercraft,italy,adriatic sea,N,White shark,europe,1938,unknown,,0
Unprovoked,greece,dodecanese islands,N,,europe,0,unknown,,0
Unprovoked,australia,new south wales,UNKNOWN,,oceania,1927,unknown,,0
Unprovoked,france,saint-denis,Y,,europe,1918,unknown,,0
Unprovoked,south africa,western cape province,N,,africa,0,unknown,,0
Unprovoked,australia,,N,,oceania,0,unknown,,0
Unprovoked,south africa,kwazulu-natal,Y,,africa,0,unknown,,0
Unprovoked,australia,queensland,Y,,oceania,1920,unknown,,0
Unprovoked,usa,florida,N,,north america,1921,unknown,,0
Unprovoked,south africa,kwazulu-natal,Y,,africa,1921,unknown,,0
Unprovoked,south africa,kwazulu-natal,Y,,africa,1921,unknown,,0
Unprovoked,fiji,moala island,Y,,oceania,1917,unknown,,0
Unprovoked,usa,north carolina,N,,north america,1916,unknown,jul,3
Unprovoked,south africa,kwazulu-natal,Y,,africa,1913,unknown,jul,3
Unprovoked,south africa,kwazulu-natal,Y,,africa,1913,unknown,jul,3
Unprovoked,usa,hawaii,N,,north america,1862,unknown,,0
Unprovoked,australia,,Y,Blue pointer,oceania,1906,unknown,,0
Unprovoked,australia,,Y,Blue pointer,oceania,1906,unknown,,0
Unprovoked,australia,,Y,Blue pointers,oceania,1906,unknown,,0
Unprovoked,australia,new south wales,Y,Said to involve a grey nurse shark that leapt out of the water and  seized the boy but species identification is questionable,oceania,1906,unknown,,0
Unprovoked,australia,western australia,Y,,oceania,1903,unknown,,0
Unprovoked,australia,western australia,Y,,oceania,1903,unknown,,0
Unprovoked,usa,north carolina,Y,,north america,1900,unknown,,0
Unprovoked,panama,,Y,,north america,1883,unknown,,0
